Race_ID,Horse,Predicted_Probability
58,Signora Bellissima,0.053589055373560054
58,Sonnerie Power,0.048632718877454954
58,Ribba Hill,0.04394960029239899
58,Orange N Blue,0.03286872504807648
58,Ever Hopefull,0.1682950906614297
58,Percy Willis,0.10033413286783222
58,Hartswood,0.054996047833892704
58,Urban Road,0.0900662124184015
58,Alpine Sierra,0.18889548216796762
58,Midnight Lion,0.11938525690928864
58,Life On The Rocks,0.0989876775496972
59,Fleurman,0.04134763979522636
59,Cello,0.3211221367412995
59,Dreams Adozen,0.17382991523045396
59,Hedonista,0.20469597611121657
59,Something,0.250373936063502
59,Quercus Robur,0.008630396058301638
60,Albasheer,0.1456408073404155
60,Saint Lawrence,0.10638126542698195
60,Malc,0.062283753477823736
60,Juan Les Pins,0.04051447749921001
60,Amazonian Dream,0.0925218095732875
60,Fire Demon,0.15999176482695066
60,Rohaan,0.08316828415814842
60,We Never Stop,0.1512095078415909
60,The Caltonian,0.03498617680033316
60,Secret Guest,0.12330215305525823
61,Popmaster,0.1700586136279695
61,Symbol Of Light,0.031509494414523845
61,Qazaq,0.15246373448054798
61,Blue Prince,0.14701875762881425
61,Empirestateofmind,0.046145883700103744
61,Apiarist,0.18333227140969216
61,Storm Star,0.2694712447383486
62,Dicko The Legend,0.056327062438124915
62,Showtime Mahomes,0.2374524313055948
62,Novak,0.05148444550453344
62,Blackjack,0.05308413639363965
62,Moyola,0.03001718431854548
62,Too Much,0.06286238065072722
62,Rory,0.05756872306016642
62,Howzak,0.04490693557323164
62,Profit Street,0.09002186680739516
62,Kats Bob,0.08365623574921406
62,Wee Fat Mac,0.12646414321958355
62,Bellagio Man,0.10615445497924372
63,Papa Don't Preach,0.08524933852671412
63,The Gay Blade,0.1357978826952197
63,King Of The Jungle,0.2228805764724253
63,Show Me Show Me,0.21362620586157727
63,Stone Of Destiny,0.06458766265336989
63,Hard Nut,0.058914528700607656
63,Doon The Glen,0.10618195350753135
63,Rockley Point,0.01389397141617654
63,Elzaal,0.09886788016637824
64,Jamie Bond,0.10379824176778238
64,Masterclass,0.07733293760308764
64,Rogue De Vega,0.19788871418334716
64,Oriental Prince,0.2033138861572344
64,Three Beauz,0.09860161152008842
64,Piperstown,0.10717796714998266
64,Pockley,0.15218905382785053
64,Shatin Venture,0.05969758779062676
169,Urban Road,0.07361027739770787
169,Toby Tops,0.06817882409168495
169,Alpine Sierra,0.10543953695430931
169,Blue Yonder,0.2205664149288294
169,Royal Observatory,0.1253016819568282
169,Socialist Agenda,0.1906385515089235
169,Busby,0.21626471316171675
170,Felix,0.02487282802968253
170,King's Code,0.11843256522209093
170,Wadacre Gomez,0.062424540797473504
170,Metallo,0.1663595811946999
170,Tides Of War,0.0828335149229687
170,Cynosure,0.005973009714592425
170,Civil Law,0.05391664573578981
170,Smart Hero,0.1989764616347691
170,Eagle Day,0.13712853880280476
170,Hitched,0.14908231394512833
171,Frankies Dream,0.31948060502899434
171,Mum's Called,0.011077580822113454
171,Helaali,0.0950214874296641
171,Goldrush Glory,0.06942985688974254
171,Lima Sierra,0.08984883067228816
171,What What What,0.12026312430660831
171,Causin A Commotion,0.2948785148505891
172,Unification,0.01620176182212536
172,Forest Spirit,0.2499255667512523
172,Albert Lasker,0.15925809292785506
172,Arc Zoosve,0.15756086448095635
172,Balgowan,0.000948780461135494
172,Scylla,0.11815591730932079
172,Sophosc,0.054868230621429655
172,Black Smoke,0.09253879509987595
172,Anticipating,0.0015537233915838497
172,Mamdoh,0.14898826713446514
173,Royal Alliance,0.3197233601780929
173,Molveno,0.4224454467694113
173,Studious,0.2359763031069935
173,Joseph,0.0218548899455024
174,Jonny Garlic,0.2004646482467534
174,The Kamikaze King,0.07498105427138908
174,Backer Bilk,0.050100369017202676
174,Manton Road,0.2866919110213199
174,Leading Star Girl,0.06858613422827452
174,Spinning Dancer,0.014559856912272094
174,Galette,0.09186570328449188
174,Magna,0.08530532877535034
174,Ballarat Bertie,0.1274449942429462
175,Three Beauz,0.26630097190974233
175,Street Life,0.0641325203468972
175,Latin Five,0.07329509071767254
175,Lady Of The Garr,0.008174130593905649
175,Phoenix Star,0.11729125709152612
175,Stroxx,0.09470259823227306
175,Spanish Angel,0.11251526321242462
175,Henery Hawk,0.11738041707743752
175,Stallone,0.052354089533071406
175,The Princes Poet,0.029297009899775718
175,John Kirkup,0.06455665138527382
176,Ignition,0.2289068366563567
176,Freak Encounter,0.16131137015471675
176,No Release,0.12874331115359475
176,Perfect Parole,0.15481728394138097
176,Cuda Been A Rowlex,0.11849831691642601
176,Jimmy Henry,0.07234780009800122
176,Eva's Eyes,0.0741132909597051
176,Bird About Town,0.03704616356639094
176,No Gain,0.024215626553427697
177,Sax Appeal,0.08478691991172911
177,Aikhal,0.11935316746857809
177,Turner Girl,0.13344115545946525
177,Spectacular Style,0.1748887501332293
177,Green Team,0.04620467538379491
177,Paradoxical,0.16863265238233008
177,Kalikapour,0.027536442894064164
177,Incan Empire,0.08877322522732944
177,Cloudside Rock,0.09304945943681248
177,Rock Armour,0.06333355170266709
178,Swiss Ace,0.13996753567557507
178,Quandary,0.24837055547859568
178,Novak,0.1842831302949946
178,Outrun The Storm,0.07775620805228628
178,Royal Pleasure,0.08093287470338605
178,Barnaby,0.116334856673828
178,Roaring Ralph,0.036072071961382554
178,Tasever,0.09209769533327877
178,Bowman,0.024185071826672854
179,Time Patrol,0.1793736401806867
179,Tommytwohoots,0.03220672660326046
179,Asadjumeirah,0.22230390247436255
179,Fircombe Hall,0.1811343164655539
179,Ana Emaraaty,0.13913753810304116
179,Warminster,0.0122235796421698
179,Tantomile,0.055397937807438985
179,Secret Daay,0.06792189335951081
179,Badosa,0.07103206970966776
179,Barney's Bay,0.039268395654307814
180,Lady Dreamer,0.24243864168827067
180,Sovereign Knight,0.12446350514694407
180,Ultramarine,0.2018488569304083
180,Siobhanbrogan,0.06788402415090682
180,Ben Y Bryn,0.04045532965494818
180,Macanudo,0.0640577055065087
180,Prince Of Bel Lir,0.1527394282189299
180,Monsieur Patat,0.10611250870308349
181,Hurstwood,0.1210568343464245
181,Athollblair Boy,0.08770967728055831
181,Pinpoint,0.029237226480706525
181,My Boy Jack,0.18692089195739467
181,Blackcurrent,0.1279206785328401
181,Rockley Point,0.01658616669881317
181,Pockley,0.20876922960421937
181,Parson's Meadow,0.05465043739021581
181,Sacred Melody,0.11096662296237753
181,Queen For Adaay,0.056182234746450184
182,Autumn Rose,0.15670667226779308
182,Bint Havana Gold,0.22686830430072574
182,Havana Touch,0.046410457903846195
182,Global Warning,0.0617067321939244
182,Triggered,0.13227591094736493
182,Split Elevens,0.12933434561487628
182,Capuchinero,0.21813262300792202
182,Heavenly Fire,0.028564953763547344
242,Blind Beggar,0.09733281225136385
242,Ziggy's Missile,0.27930033311283353
242,Rhythm N Hooves,0.20134809316843355
242,Mondammej,0.0985654784668044
242,Ready Freddie Go,0.03081026822418448
242,Moulin Booj,0.22923024925277183
242,The Fixer,0.06341276552360849
243,Cinnodin,0.2157799825787431
243,Rogue Tornado,0.19266809594195186
243,Hebridean Nomad,0.19936875868488552
243,Moel Arthur,0.009626144787234335
243,Swinging London,0.06032662975094433
243,See The Green,0.0009290536025180177
243,Fast Fred,0.12798368244742933
243,Dance Time,0.19224437467478692
243,Fashionelle,0.0010732775315067677
244,Beraz,0.04765574004717338
244,Asgard's Captain,0.16896290959233326
244,Mighty Nebula,0.1023387978890885
244,Yokohama,0.1905057738955668
244,Midnight Lion,0.2777963811775073
244,Without Compromise,0.13853370994123257
244,Jujubella,0.07420668745709809
245,Alpine Oasis,0.0866533085810907
245,Charmaine,0.16898832443622133
245,Therapist,0.2952321329511612
245,Caramay,0.17883017812456525
245,Kinetic,0.17515851824439982
245,Nowhere,0.049126466453920034
245,Sid's Annie,0.04601107120864171
246,King's Crown,0.20296952543191887
246,Posh Maisie,0.0020713255061656035
246,Three Beauz,0.4066066464920996
246,Dash Gordon,0.13535129377239358
246,Stroxx,0.2530012087974224
247,Conquest Of Power,0.08356268155781328
247,Calcutta Dream,0.0892095261496153
247,Annalee Lass,0.14236279056846726
247,Wheres The Crumpet,0.20603858767597333
247,Jems Bond,0.05609176548008102
247,Pop Favorite,0.049458265839397574
247,Top Gun Tina,0.1764548980013858
247,Martin's Brig,0.19682148472726646
248,Exceed Now,0.02730513208906909
248,Ravensbourne,0.3556201546109955
248,Bossy Parker,0.15340866874529835
248,Evoluir,0.001521037260280883
248,Match Anthem,0.1325655063575647
248,Bold Suitor,0.2164297795192558
248,Max Stripes,0.01913130160931609
248,Fistral Beach,0.09119165227462883
248,Parson's Meadow,0.0028267675335907497
249,Tomorrow Day,0.41280032015678275
249,Saisons D'Or,0.11305662948921787
249,Bobby Joe Leg,0.09310756465361482
249,Broken Spear,0.030038635896785636
249,Lumenbourg,0.07143301407673927
249,Made All,0.12666049581410832
249,Yorkstone,0.15290333991275132
250,Ignac Lamar,0.2357873663007818
250,Golden Goose,0.007850823968727523
250,Mickey Mongoose,0.012282319134916177
250,Sam's Hope,0.15464221410727483
250,Grecian God,0.16045447391277395
250,Lion's Dream,0.11205347889087071
250,My Boy Jack,0.1304476101240381
250,Copper Mountain,0.18648171356061694
251,Paris Lights,0.14693363387636324
251,Hartswood,0.16957783802527576
251,Eden Storm,0.08850310575445174
251,Cusack,0.24157566220115356
251,L'Ennemi,0.04107613003205413
251,Volenti,0.2833803526590202
251,Thats My Boy Luke,0.02895327745168146
252,Vixey,0.002592146910393959
252,Pembrokeshire,0.1269598016883101
252,Galileo Glass,0.13536439204307066
252,War Memorial,0.0914935572338483
252,Dash Power,0.41235053402647576
252,Hawajes,0.09098267074122737
252,Create,0.0146498541778639
252,Fircombe Hall,0.00744541401193857
252,Sea The Buckthorn,0.11816162916687128
253,Backspin,0.22298985555506814
253,Spiritualism,0.043726275309146356
253,Massimo Blue,0.04755939053072462
253,Alashos,0.013464517105762876
253,Tarlac,0.005579636785303034
253,Nad Alshiba Rain,0.08547731575355146
253,Horus,0.3411048997200053
253,Arabian Cobra,0.06233065755641546
253,Triple Charged,0.08232344166803914
253,Lucius Aurelius,0.09544401001598363
254,Back Tomorrow,0.027875730738515316
254,Caesars Pearl,0.14080282640288916
254,Port Hedland,0.06766207424997474
254,Chester Le Streak,0.09862946941896081
254,Tantomile,0.11739633171580652
254,Ustath,0.2757934102109225
254,Doon The Glen,0.1173614669607056
254,May Remain,0.140932002754089
254,Mr Stanley,0.013546687548136257
364,Twilight Madness,0.0017675475417469357
364,Invincible Speed,0.09885107342013641
364,Get Jiggy With It,0.09943673564641095
364,Brunel Charm,0.18618660157913766
364,Northcliff,0.016389373502332695
364,Tyger Bay,0.08229862735416076
364,Charlie Mason,0.18113578492486318
364,Profit And Loss,0.09366364386793526
364,One More Dream,0.24027061216327622
365,Zariela,0.010120297259543814
365,Daisy Roots,0.13333476867576563
365,Willow's Kiss,0.031304177994552686
365,Disclosure,0.43474266756237506
365,Help Me Rhonda,0.35867086301561696
365,Guns And Flowers,0.031827225492145894
366,Haaland,0.0800746173186717
366,Poncho,0.1254889702006737
366,Upepo,0.2567209988568692
366,Dance Time,0.2507776130079069
366,Wannabe Brave,0.2865205995614827
366,Alright Sunshine,0.0004172010543958486
367,Pacifist,0.16338542365642442
367,War Hawk,0.26817119332809836
367,Yielding To None,0.07362670631203816
367,Pershalla,0.1431892929723639
367,Bownder,0.11169334980090087
367,Moonlit Stage,0.14113269221209837
367,Crackamour,0.098801341718076
368,Urban Sprawl,0.2232046797452079
368,Robbo,0.1173401261372437
368,Hitched,0.2530327512243685
368,Savvy Kingdom,0.005071428678222323
368,Lunario,0.025558220491063554
368,Port Road,0.1692405839021118
368,The Bitter Moose,0.0850528014809452
368,Enpassant,0.12149940834083708
369,Harb,0.2219443723553838
369,Coolagh Magic,0.07254882890950078
369,Mick's Spirit,0.08048368718119048
369,Midnightattheoasis,0.324362358954656
369,Recon Mission,0.11702242733367739
369,The Defiant,0.029186958011876166
369,Beaumadier,0.15445136725371544
370,Douglas Dc,0.08605736758701406
370,Jailbird,0.05873533469598841
370,Got Bright,0.10228697668611161
370,Broad Daylight,0.0692373772900333
370,Avarice,0.10521074817022451
370,Marinakis,0.11139306232221116
370,Honrado,0.13631799486723012
370,Two Plus Two,0.05450620364044275
370,Walk The Moon,0.0925125854451687
370,Disquietude,0.07157054432591346
370,This Time Maybe,0.08324405825096075
370,Temur Khan,0.028927746718701228
371,Jungle Land,0.2030622015364747
371,Cargin Bhui,0.21278685056711355
371,Giant,0.2347268481912524
371,Digital,0.03847549458781136
371,Hectic,0.03598353582873153
371,Mumayaz,0.0854263006197942
371,Muscika,0.07270538087432764
371,Dicko The Legend,0.05767621357973739
371,Gogo Yubari,0.059157174214757066
372,Kamekist,0.16199155666909412
372,Nad Alshiba Rain,0.23228398142388582
372,Rokuni,0.0009915066637116684
372,Style King,0.13105912980214693
372,Kiss Me My Love,0.14244786481365387
372,The Thames Lady,0.17570965823555398
372,Triple Charged,0.04704959258929457
372,Summer Rain,0.10846670980265906
373,Mariner,0.15869317770964347
373,Ever Driven,0.09984579423401936
373,Berkshire Phantom,0.2231642461874573
373,Aljezur,0.09058374798815635
373,Split Elevens,0.06737974818793029
373,Kondratiev Wave,0.11800764767610007
373,Triggered,0.08802590618720314
373,Candy Warhol,0.0239145840485636
373,Rogue Thunder,0.1303851477809265
374,Flatley,0.18447322031161004
374,Local Bay,0.03772248250885368
374,Poetic Force,0.01692533072695211
374,First Greyed,0.21181092878696212
374,Cerulean Summer,0.08911303561172843
374,Venetian,0.001254489633980031
374,I Can't Believe,0.2187217958632106
374,Visibility,0.05097275165548225
374,Forever Proud,0.1890059649012208
1939,Triple Force,0.03577401950312493
1939,Come On John,0.3560126800729134
1939,Fifty Sent,0.054848040354943145
1939,Treasure Storm,0.0690275014147293
1939,Inspiring Speeches,0.05536022204544858
1939,Violeta,0.2801952009852814
1939,Dragons Will Rise,0.018074212586312307
1939,Jujubella,0.05170679778139042
1939,Blackstone Cliff,0.07291009164549721
1939,Tiger Trap,0.006091233610359345
1940,Lahab,0.05917320586436359
1940,Brazilian Rose,0.14418878831836407
1940,McCauley's Tavern,0.0801980931036393
1940,Spartan Fighter,0.19928687770334932
1940,Art Fantastique,0.18288795428247814
1940,Noble Consort,0.11959136010575767
1940,Athollblair Boy,0.057420802365127595
1940,Thunderstorm Katie,0.1139524697643567
1940,Mr Stanley,0.04330044849256369
1941,Jimmy Knocker,0.0008882853400316003
1941,Yoshimi,0.10414991152280752
1941,Giselles Izzy,0.08558318470640237
1941,Oriental Prince,0.5368284441774165
1941,Korroor,0.04192097681286163
1941,Hurstwood,0.08608032466340663
1941,Sydney Bay,0.040326215380514556
1941,Badosa,0.104222657396559
1942,Jump The Gun,0.06404350791221765
1942,Bobby Joe Leg,0.04610195974598365
1942,Kalganov,0.01845666730313158
1942,Streak Lightning,0.06884033734168872
1942,Finn Ironside,0.07334524071614434
1942,Angel Of Antrim,0.3243632487513328
1942,Pallas Lord,0.10196962044109598
1942,Conquest Of Power,0.07558096564382254
1942,Impeach,0.026701564453333555
1942,Ravensbourne,0.19843119504451578
1942,Mickey Mongoose,0.00216569264673321
1943,Sanat,0.0940853199158866
1943,Thunder Star,0.13095544489474814
1943,Wrestling Revenue,0.2495652081758656
1943,Water Of Leith,0.14591282154288895
1943,Rodborough,0.061497757170917634
1943,Castan,0.2208783503805621
1943,Gustav Graves,0.09710509791913087
2044,Roscioli,0.0042410568070910815
2044,Forever Proud,0.25609598301813696
2044,Union Island,0.24307020367684598
2044,Zaltalla,0.038279048908031604
2044,Mr Fustic,0.0004885519823877
2044,Kondratiev Wave,0.07379544671895943
2044,Gone Rogue,0.09312737664478475
2044,Rabinal,0.14357066778789684
2044,Takeover Target,0.09663343143742055
2044,Ocean Odyssey,0.050698233018445095
2045,Legendary Day,0.005018970895032109
2045,Zoran,0.18866729136280277
2045,Aced It,0.10393286818348203
2045,Cinnodin,0.23267600079515705
2045,Moel Arthur,0.015414374604673955
2045,The Craftymaster,0.12790424394890337
2045,Abraaj,0.13229222261329632
2045,Sun Dancer Girl,0.1940940275966525
2046,Prince Of Pillo,0.1316071277215332
2046,Cairn Gorm,0.21603465211892986
2046,Mondammej,0.09292216703570498
2046,Monsieur Beaulieu,0.4766070219541688
2046,The Fixer,0.028162430171078598
2046,Neapolitan,0.054666600998584516
2047,Sunshine Soul,0.0402090239029401
2047,Oakley Boy,0.7457048730201403
2047,Just Like Magic,0.14649944092157197
2047,Monomyth,0.06758666215534763
2048,One Night Stand,0.12044172433567865
2048,Mc Loven,0.26006735639355016
2048,Night On Earth,0.11898947070244624
2048,Blazes Boylan,0.1576969331779991
2048,Bang On The Bell,0.15529407491459313
2048,Dashing Harry,0.049150489636078334
2048,G'Day Mate,0.05999111366676103
2048,Rainyniteingeorgia,0.07836883717289336
2049,Alafdhal,0.10391305283211473
2049,Kento,0.15968417594625994
2049,Unavailable,0.2277190776817006
2049,Coolagh Magic,0.12548083344667793
2049,Edergole's Gift,0.08716959798018975
2049,Under Curfew,0.09148944055805994
2049,Second Collection,0.1267123653429778
2049,Bobby On The Beat,0.07460139581325005
2049,Enchanted Night,0.0032300603987692636
2240,Spartan Warrior,0.17885424926254287
2240,Pigeon House,0.2420903318554426
2240,Throne Hall,0.17445989896315134
2240,Trojan Sun,0.39781538285638113
2240,Glasses Up,0.006780137062482058
2241,Falcon Nine,0.3077679223216162
2241,Clasina,0.03731705270017857
2241,Capuchinero,0.0026938569361349795
2241,Without Delay,0.0715266229289393
2241,Golden Valour,0.17253393903806868
2241,Ramon Di Loria,0.06166044257309037
2241,Bird Of Play,0.04282201171127126
2241,Impeach,0.15054061224590146
2241,Coconut Bay,0.10912972539872079
2241,Doomsday,0.044007814146078295
2242,Spartan Arrow,0.36449567566537805
2242,Paddy's Day,0.04999103121194739
2242,Looking For Lynda,0.14290003540204846
2242,Curious Rover,0.03357358598203438
2242,Profitable Edge,0.08163123781003767
2242,Thankuappreciate,0.043002778389432623
2242,Mon Na Slieve,0.07995262630461054
2242,Eternal Sunshine,0.20445302923451092
2243,Mullwarchar,0.18572971748357683
2243,It's Only Fun,0.18418020604248528
2243,Princess Pw,0.21472334314831945
2243,That Lucas Fella,0.20681029900751616
2243,Sovereign Class,0.20855643431810222
2244,Royal Pippen,0.10433481092669157
2244,Pub Talk,0.04314330708838112
2244,Naisiun,0.06933533916772414
2244,Nibras Rainbow,0.14659885037746392
2244,Higher Kingdom,0.2745446152654758
2244,Serengeti Sunrise,0.0020750133607681303
2244,Suityourselfboss,0.12708731476199966
2244,Chou Chou,0.0667162147409447
2244,Top Of The Pops,0.003967351996745124
2244,Hope And Innocence,0.08880171145038102
2244,Love Mocha,0.02838702642999096
2244,Royal Tribute,0.045008444433433804
2245,Fortunate Star,0.0480921653828759
2245,Sergeant Mayer,0.05766953547673685
2245,Beneficiary,0.07523566323378439
2245,Carmarthen,0.0295934761874345
2245,Jamie Bond,0.016449906622965284
2245,Kyber Crystal,0.20187710647698826
2245,Royal Duke,0.1939336620333369
2245,Stroxx,0.10735580203347701
2245,Henery Hawk,0.11871442397766917
2245,Ski Angel,0.1510782585747319
2246,Tuco Salamanca,0.15748669599730483
2246,Best Adventure,0.13523214680272572
2246,Everyoneknowsadave,0.06525125329131211
2246,Canvas,0.027455154675068573
2246,West Tyrone,0.1416486517099313
2246,Sir David,0.036543342224741523
2246,Cristo,0.07823911978111711
2246,Political Power,0.08214170524884191
2246,Bulletin,0.05576411716749667
2246,Ventura Dream,0.11295968335428501
2246,Genbu,0.031283095926460454
2246,Eighteen Fourteen,0.009852825067204782
2246,Minelone,0.06614220875351003
2247,Northbound,0.18550950108579647
2247,Heretic,0.0936080684687118
2247,Heerathetrack,0.20064561096707173
2247,Sam's Hope,0.08671029227336555
2247,Spirit Of Bowland,0.1481811506091687
2247,Galileo Glass,0.0521671422706687
2247,Urban Dandy,0.07519323018303391
2247,Create,0.02569509242343819
2247,Vivency,0.04072943243845427
2247,Rainbow Mirage,0.09156047928029071
2248,Lincoln's Inn,0.04775234905840582
2248,Dumfries,0.0831334007368497
2248,Fistral Beach,0.12175180858919783
2248,Margot Robbie,0.2945091979328082
2248,Bandello,0.15771183004885508
2248,Fifty Sent,0.1607794978866213
2248,Grecian God,0.13436191574726192
2249,Bintabuha,0.34901187729939687
2249,Royale Goodnight,0.21578889190336423
2249,Dojin,0.16968357193091313
2249,Spirit Of Jura,0.1575252442393455
2249,Shielas Well,0.10799041462698032
2250,Latin,0.12867532631230247
2250,Thatwilldoso,0.08437886177011866
2250,Venting,0.01674982940565629
2250,Deep Sigh,0.17522139907429093
2250,Lord Talbot,0.10308967512160344
2250,Magic Charm,0.05727413924486428
2250,Share The Treasure,0.0031300727413477144
2250,Tatum,0.23762840022691256
2250,Dazzling Spirit,0.13301606002183144
2250,Cloughaneely Mor,0.03686487479017083
2250,Knockmore Prince,0.023971361290901484
2251,Oriental Prince,0.26143179153837737
2251,Guy Fawkes,0.05095849533501541
2251,Lequinto,0.08080170411030861
2251,The Real McKay,0.0942590521308169
2251,Em Jay Kay,0.07034431513801863
2251,Broken Spear,0.02617366734577666
2251,Heroism,0.1062593622937943
2251,Safari Dream,0.18540283522037393
2251,King Of The Jungle,0.12436877688751811
2252,Forca Timao,0.0023776822640762807
2252,Market House,0.5324143028963227
2252,Bunker Bay,0.07127449351125487
2252,Sant Alessio,0.39393352132834614
2253,Balgowan,0.0013968648745322969
2253,Fiftyshadesaresdev,0.040894947074916435
2253,Unification,0.028101640684441785
2253,Leon Trotsky,0.1695498765722783
2253,Scylla,0.15620955339075898
2253,Yakhabar,0.20993364021813413
2253,Typewritten,0.07731584812191458
2253,Anificas Beauty,0.05280904038686875
2253,Kitten's Dream,0.026258186314078294
2253,Spartan Times,0.23753040236207637
3821,Rainyniteingeorgia,0.1178197436105992
3821,Diamond Dreamer,0.12432856762712839
3821,Nogo's Dream,0.2000119625658629
3821,Master Of My Fate,0.0898835564031408
3821,Level Up,0.05301167460032176
3821,Harb,0.17436370940071289
3821,Gogo Yubari,0.18201955422465096
3821,Pop Dancer,0.05856123156758302
3822,True Courage,0.07253848001378078
3822,Knockbrex,0.09097176153440488
3822,Crystal Mariner,0.08509866379340125
3822,Therapist,0.26888705516944145
3822,Damascus Steel,0.10629400416410796
3822,Gallant Lion,0.0685086698212755
3822,Raintown,0.09307357718212408
3822,Early Morning Dew,0.061553496328800396
3822,Hebridean Nomad,0.15307429199266373
3823,Havana Sky,0.33278715305627693
3823,Lord Rapscallion,0.1699548097536239
3823,Tadreeb,0.10026254576970997
3823,Charlie Mason,0.20892237003581862
3823,Juan Solo,0.0009946860458925105
3823,Crow's Nest,0.09636213711279829
3823,The Smiling Wolf,0.07043569030428341
3823,Lahina Bay,0.020280607921596503
3824,Sedgemoor,0.1388650005623389
3824,Flag Carrier,0.07618550092680279
3824,Secret Strength,0.08395172158540368
3824,Sonmarg,0.09581218335219087
3824,Overnight Oats,0.3252460444341583
3824,Star Pupil,0.20004510379615528
3824,Kondratiev Wave,0.07680939864814768
3824,Mount Mogan,0.0030850466948025164
3825,Gordon Grey,0.033300386746749885
3825,Joycean Way,0.09891558742804096
3825,Rey De La Batalla,0.06790103272597668
3825,Tribal Wisdom,0.045425924704946274
3825,Imperial Fighter,0.037629869582318856
3825,Detroit Lion,0.07727933226324767
3825,Spectacular Style,0.1952042712761907
3825,Calanthe,0.1745657085681589
3825,Etretat,0.20757818768362374
3825,Stipulation,0.062199699020746416
3826,Gold Aura,0.20039180721482666
3826,Capstan,0.15044461126663458
3826,Doublethetrouble,0.13581431848722633
3826,Spitfire Bridge,0.08289163515415074
3826,Sophosc,0.05769757200763727
3826,Brividi,0.12572162334360737
3826,Further Measure,0.000758029977235271
3826,Arch Legend,0.11781170170207238
3826,Sir Joseph Swan,0.12768835437674791
3826,Balgowan,0.0007803464698614009
3827,Sisterandbrother,0.0776723393106005
3827,Ace Rothstein,0.025922588930149995
3827,Young Endless,0.18031266742938093
3827,Paradoxical,0.2551968979682428
3827,Pilgrim Of Culture,0.05951330944693089
3827,Yakhabar,0.08062390029319155
3827,Mr Nugget,0.10440811875303556
3827,Khangai,0.18927104253844093
3827,Coloane,0.027079135330026885
3828,Palmar Bay,0.1673361433040082
3828,Lattaash,0.10167592070785016
3828,Newsreader,0.0971815965060102
3828,How Impressive,0.09531905410327347
3828,Billy Mill,0.045643342421343595
3828,Ziggy's Condor,0.05631223449055254
3828,Judgment Call,0.05046417807792633
3828,Perennial,0.06169370465252255
3828,So Quiet,0.13581910977279685
3828,Legal Reform,0.0333282225117986
3828,Federal Envoy,0.10330127674421834
3828,Beauty Choice,0.05192521670769931
3829,Foro Romano,0.036623268070463476
3829,Rock Diva,0.035862496419183466
3829,Brightandbeautiful,0.11842691758686973
3829,Minelone,0.04616471851982183
3829,Cosmic Force,0.1302527624497459
3829,Whizz By,0.21366467372740927
3829,Empowered Queen,0.05326604092737427
3829,Bantz,0.14984173583393687
3829,The Outlaw,0.16858823451908922
3829,Desert Eye,0.04730915194610605
3830,Style Of Life,0.15057113667531447
3830,Rapido Girl,0.18021224914271047
3830,Liv My Life,0.10953342113070837
3830,Bella Kopella,0.027820079282020516
3830,Autumn Rose,0.12496019665448575
3830,Beveragino,0.16315364778147917
3830,Just Rita,0.11884609861316037
3830,Lockdown Lass,0.0014642721769268698
3830,Starsong,0.12343889854319395
3831,Jack Daniel,0.019656027570388344
3831,Joolianoss,0.18690522524183933
3831,Al Suil Eile,0.1300032420479571
3831,Elterwater,0.17868177270798138
3831,Union Island,0.17730709713771103
3831,Mr Fustic,0.0004203754365418906
3831,War Memorial,0.047507944724948736
3831,Commander Crouch,0.0903362909643257
3831,Mykonos St John,0.05123446516255681
3831,Kodebreaker,0.1179475590057497
3832,Mercurius Power,0.08364897742084453
3832,Distinction,0.04896804602047578
3832,Tea Sea,0.06820957299981839
3832,Embarked,0.03919627648795261
3832,Drifts Away,0.22717084030569595
3832,Timebar,0.12771815337582576
3832,Devasboy,0.031029855930553563
3832,Billy McGarry,0.0956235420038224
3832,Anif,0.08841274671386568
3832,Jaamir,0.19002198874114531
3942,Blue Anthem,0.11344639742656557
3942,Invincible Melody,0.20235045663671572
3942,Memardee,0.05248875151966639
3942,Arlecchino's Rex,0.15913569284434725
3942,Inconspicuous,0.20233119067276403
3942,Risk,0.07071007913210751
3942,Rogue Endeavour,0.019394036456013435
3942,Kaleidoscope Eyes,0.10051915707748829
3942,Makes Me Wonder,0.07962423823433203
3943,Ornately,0.1398143154336005
3943,Fortunas Dream,0.11292077085317431
3943,Piranha Rama,0.15345809480786604
3943,Watkins,0.14308476615147608
3943,Khutulun,0.23123521525117424
3943,Berning Hot,0.058673722978000234
3943,Mystical Elegance,0.0010082992961592697
3943,Miakoda,0.15980481522854922
3944,Patrol,0.4297931568193042
3944,Unknown Journey,0.024228408146867293
3944,Sydney Whistler,0.0904361351054007
3944,No Release,0.4555422999284277
3945,Rosenpur,0.22359743498370405
3945,Antiphon,0.05661873963762884
3945,Level Up,0.19241606451133297
3945,Bibendum,0.050686172988682596
3945,Buraback,0.16042081028755095
3945,Wedgewood,0.0849560646699427
3945,Gustav Graves,0.12227339617926916
3945,Nelson Gay,0.07597406581168384
3945,Pop Dancer,0.03305725093020495
3946,Easter Icon,0.1738001244724047
3946,Grand Duchess Olga,0.07817588480707564
3946,Daaris,0.18558815821364263
3946,Payment Plan,0.1984253845121951
3946,Sir Joseph Swan,0.3640104479946819
3947,Pysanka,0.11548709071218051
3947,Lightningboltzoom,0.0123377935611445
3947,Lawmans Blis,0.08805967369138099
3947,High Court Judge,0.2513775257986552
3947,Moon Over The Sea,0.2118498232769848
3947,Harlington,0.2989240812137868
3947,Doyouknowmyuncles,0.021964011745867214
3948,King's Crown,0.13136356827789084
3948,Southbank,0.13774029140089544
3948,Just Ten High,0.23109725094444894
3948,Shalaa Asker,0.09984945849430736
3948,Thismydream,0.05361936855001214
3948,Sir Rodneyredblood,0.030579991259294524
3948,Autumn Angel,0.11484249497569138
3948,Porfin,0.13391508433105878
3948,Next Second,0.06699249176640056
3949,Zaman Daar,0.31176627006988
3949,Cooperation,0.14784097303101112
3949,Not Just Yet,0.017827481631468696
3949,Kensington Agent,0.12633371398916463
3949,Nevernay,0.039217152239613216
3949,Alabama Belle,0.16806804685387627
3949,Sisters In The Sky,0.09752345390387523
3949,Global Effort,0.09142290828111092
4042,City Escape,0.24596993180293183
4042,Busby,0.14400967539479176
4042,Sir Laurence Graff,0.20523058893083687
4042,Forest Haze,0.046498719728323715
4042,Brinton,0.17035600951011182
4042,Fascinating Lips,0.16917557052183355
4042,Indian Romance,0.01635168438471435
4042,Prince Hector,0.0024078197264560362
4043,Khangai,0.23424166476496067
4043,Douglas Dc,0.07281875049772187
4043,Mirabello Bay,0.17973930847411548
4043,Mostly Mozart,0.0174222317770396
4043,Virtual Hug,0.19679708220263784
4043,Mhajim,0.18720516572969192
4043,Tancredi,0.011691155294054862
4043,Two Plus Two,0.04905935329108531
4043,Disquietude,0.05102528796869242
4044,Misaura,0.052854277829294485
4044,Bloodhound,0.24907007321546187
4044,Avarice,0.059512156265025574
4044,Come On John,0.30920713324458304
4044,Lednikov,0.0717680459162057
4044,National Health,0.08724484280998919
4044,Anticipating,0.001537444291437707
4044,Desert Guest,0.09084939067822723
4044,Artemesia,0.07795663574977531
4045,Rainyniteingeorgia,0.14342233326625045
4045,Lady Wingalong,0.1735152128263803
4045,Rhythmic Acclaim,0.04739426860865224
4045,Bazball,0.030082766553380345
4045,Kensington Agent,0.12508766651556139
4045,Zepparella,0.1778124018204496
4045,Back Tomorrow,0.033818202565003806
4045,Autumn Angel,0.2688671478443219
4046,Arlecchino's Gift,0.2219174625748556
4046,Collusion,0.3191192058281184
4046,Roman Emperor,0.05142486390917686
4046,Alafdhal,0.1401680505762673
4046,Not Just Yet,0.01838757590050537
4046,Eight Mile,0.03235000314462168
4046,Kento,0.20498454141016897
4046,Ramon Di Loria,0.011648296656285808
4047,Nelson Gay,0.09627204916810181
4047,Wedgewood,0.12518396176667013
4047,Buraback,0.13591994506218455
4047,Basholo,0.186690320104681
4047,Some Nightmare,0.06443557584416253
4047,Beaumadier,0.20371528651435014
4047,Bernard Spierpoint,0.06922240390295828
4047,The Defiant,0.028977135623239825
4047,Anglesey Lad,0.08958332201365177
4127,Stintino Sunset,0.057966569200981435
4127,It's Tim,0.06963663252306443
4127,Dubai Immo,0.0011511206296307716
4127,Tactical Control,0.1636149766855101
4127,Cryptos Dream,0.16521515219239322
4127,Global Resolve,0.04760686709874024
4127,Oyamal,0.0157574577857328
4127,Foinix,0.13148435109061934
4127,Hijo De La Luna,0.05529717517242042
4127,Cracking Filly,0.025990445104635336
4127,Forest Haze,0.266279252516272
4128,Paradoxical,0.2130345919240909
4128,Free Speech,0.11661003877483929
4128,Odin Legacy,0.04919493305837414
4128,Timeless Charm,0.08458440024265694
4128,Curran,0.0944640196119596
4128,Golden Circet,0.06549926109284801
4128,Cavalry Call,0.19432510806096562
4128,Shahbaz,0.1522816769819469
4128,Three Yorkshiremen,0.030005970252318725
4129,Wedgewood,0.12228096695959399
4129,Sir Rodneyredblood,0.14867955344720168
4129,Buraback,0.18188970859084325
4129,Southbank,0.21931240525865708
4129,Rebel Star,0.32783736574370403
4130,G'Daay,0.1208788062304096
4130,Super Hit,0.07038667455338585
4130,Master Dandy,0.049568334670269
4130,Nammos,0.20816073152595957
4130,Kracking,0.24373240507525093
4130,Roach Power,0.032317705121625774
4130,Twitch,0.21064833926065699
4130,Lilkian,0.06430700356244229
4131,Rogue Destiny,0.15292280475972417
4131,All Cost,0.16249999214362174
4131,Aim For The Bull,0.0014710860651792085
4131,I Follow Rivers,0.14410309508569635
4131,Hype Merchant,0.16753348756994915
4131,College Witch,0.0014135782101888782
4131,Adelaide Bay,0.17175911689531415
4131,Due Respect,0.09833566709335903
4131,No Gain,0.07170528487520869
4131,Runnindown A Dream,0.02825588730175847
5730,Line Of Force,0.19038509243043553
5730,Art Market,0.26488081149301096
5730,Blewburton,0.06704461189249644
5730,Misty Sky,0.22897979208121663
5730,Choreographic,0.24870969210284036
5731,Wadacre Gomez,0.0662444869127112
5731,Barenboim,0.03472345617979705
5731,Moon Over Miami,0.22573284078711495
5731,Arqoob,0.20170055077289153
5731,Gaassee,0.07356257004390629
5731,Old Harrovian,0.11762235382797935
5731,Asgard's Captain,0.12520278806995272
5731,In The Breeze,0.029060879345062147
5731,Glen Buck,0.1261500740605846
5732,Dubai Magic,0.17434507671004676
5732,Miakoda,0.19833017105541323
5732,Woodhay Whisper,0.060505905894936825
5732,Kensington Hope,0.05642005877986282
5732,Until Dawn,0.1538268366572018
5732,Frankies Dream,0.12225063922614095
5732,The Last Time,0.09898126199868415
5732,Cuban Lynx,0.1353400496777135
5733,Just Ten High,0.2656996601182897
5733,Eldeyaar,0.03395246818527888
5733,King's Crown,0.11497029790160752
5733,Raft Up,0.11466631518204298
5733,Due Date,0.07416951968762017
5733,Three Beauz,0.11984698050207307
5733,Bomb Squad,0.13536823128245926
5733,Laura's Breeze,0.07565206555098816
5733,She'Sashambles,0.020579027370583362
5733,Next Second,0.04509543421905692
5734,Rogue De Vega,0.13740205730578028
5734,Radiant Angel,0.049954692143273825
5734,Sir Maxi,0.157293611668635
5734,Stars Away,0.28199622941150926
5734,Motagally,0.03649387031063856
5734,Beneficiary,0.12927319151036815
5734,Fircombe Hall,0.012670604606594612
5734,Midnightattheoasis,0.038194000197472176
5734,Ben Dikduk,0.04602238184544163
5734,Fantasy Navigator,0.1106993610002866
5735,Roaring Legend,0.19663085720998202
5735,Parramount,0.1595915879524037
5735,Lexington Knight,0.08094443132245509
5735,Optician,0.26117569451921485
5735,Wonder,0.19854029204473322
5735,Saligo Bay,0.04154336410295917
5735,Warrior Lion,0.061573772848251836
5736,Rebel Empire,0.24611085966771692
5736,Many A Star,0.05886110004423301
5736,Royal Pleasure,0.05669562553148499
5736,Last Outlaw,0.030274423260602493
5736,Hiatus,0.07380294550855866
5736,Antiphon,0.16178603321098894
5736,Ormolulu,0.22360259276362524
5736,Papa Cocktail,0.06696994552950218
5736,Tyke,0.028856085444999038
5736,Glendown,0.053040389038288546
5737,Angel Of Antrim,0.45298754806569963
5737,Rosenpur,0.12440891210311114
5737,Guiteau,0.014159795647900474
5737,Dan Dee Prince,0.02599274948032969
5737,Thomas Equinas,0.10012448993351968
5737,Circles,0.1526213128492682
5737,First Dynasty,0.0282117540296052
5737,Ignac Lamar,0.09758159992189694
5737,Cable Beach,0.003911837968669211
5738,What What What,0.09632951949611063
5738,Grey Operations,0.12165415620146254
5738,Ceira G,0.18052802338286816
5738,Kaleidoscope Eyes,0.06845819355307302
5738,Andalseeyagraham,0.015687329572943245
5738,Followeroffashion,0.06129460426218085
5738,Miss Pocket Rocket,0.16084467547562198
5738,Black Sky,0.04938027856691506
5738,General Gordon,0.004267036937548778
5738,Cuda Been A Rowlex,0.09650134985357223
5738,Tango In Paris,0.0704483975370508
5738,A Fine Claret,0.07460643516065264
5739,Split Elevens,0.13303521670436627
5739,Nights Over Egypt,0.1705587682574898
5739,Lion's Dream,0.08385991945717941
5739,Reputation,0.10582083026330602
5739,City Cyclone,0.24970185856411548
5739,American Rose,0.1146749499612708
5739,Plumette,0.10881087430358771
5739,Midnight Flame,0.03353758248868454
5740,Noble Order,0.2029243308703129
5740,Diamondonthehill,0.03736050346642413
5740,Cynosure,0.007461721829924073
5740,Vibrato,0.27133303593113284
5740,Smart Hero,0.26808686232407747
5740,Urban Sprawl,0.11032598078203268
5740,Island Bandit,0.10250756479609584
5741,Crafter,0.07186264410647454
5741,Capuchinero,0.08894116527589575
5741,Covert Legend,0.07306239185492555
5741,Cerulean Summer,0.09852344565932156
5741,Overlooked,0.07581074731276388
5741,Masqool,0.16216241515984453
5741,Tasmanian Legend,0.06598712466804266
5741,Green Power,0.06895446320437253
5741,Molly Valentine,0.06382635175487579
5741,Have You A Minute,0.174967635578757
5741,The Pug,0.05590161542472628
5846,Dreams Adozen,0.16796119579397942
5846,Midnight Lion,0.34551880355377734
5846,Royal Deeside,0.13861463788824469
5846,Scotland The Brave,0.07715346043255988
5846,Saxon Star,0.05154563849370246
5846,Zivaniya,0.2192062638377361
5847,Time Patrol,0.1653388613959852
5847,Spartan Fighter,0.1247389185571834
5847,So Grateful,0.11835586460626567
5847,Madame Fenella,0.06294460738304003
5847,Conquest Of Power,0.19117109471295732
5847,Korroor,0.034040199303616556
5847,Asadjumeirah,0.16741364851099833
5847,Sydney Bay,0.023688211970801364
5847,Shatin Venture,0.11230859355915199
5848,Tasever,0.16225803782126522
5848,Streak Lightning,0.15935229865053735
5848,Harlem Nights,0.21981958878629873
5848,Blackjack,0.015516133617927027
5848,Mereside Madness,0.09735709645122266
5848,Bobby Joe Leg,0.1342347280743399
5848,Sir Maxi,0.08640953786301543
5848,Rory,0.050721619547484026
5848,Yorkstone,0.0743309591879096
5849,One More Dream,0.10039836187849953
5849,Brian The Snail,0.24135976295439135
5849,Nazca,0.09457693972759151
5849,Biplane,0.06811651987911284
5849,Bellagio Man,0.1917117440641313
5849,Beneficiary,0.30383667149627336
5850,Moon Flight,0.1883286418411838
5850,Paddy's Day,0.12296524473432299
5850,Dark Kestrel,0.18467816392826678
5850,Water Of Leith,0.08901513667676411
5850,Reinforce,0.025176026031084184
5850,Leodis Dream,0.10616328323320663
5850,Match Play,0.10259692905434559
5850,Popular Dream,0.1810765745008259
5851,Elettaria,0.019703830188356815
5851,Concert Boy,0.019809604251211217
5851,Impeach,0.10585851010490618
5851,Monsieur Fantaisie,0.34740215229898236
5851,Believe Me Now,0.22976043992995074
5851,Yaahobby,0.10325403241896955
5851,Jems Bond,0.03423328417831158
5851,Marcello Si,0.10731689338321232
5851,Retirement Beckons,0.030639002924746375
5851,Mr Coco Bean,0.002022250321352718
5949,Spectacular Style,0.18204525119526713
5949,Media Mogul,0.22263844672956226
5949,Flying Scotsman,0.20503715967718114
5949,Market House,0.26051939682680725
5949,Neddies Boy,0.016155858296606058
5949,Letmeseethecolts,0.11360388727457614
5950,Manton Road,0.1819855093323279
5950,Bantz,0.2802564020509892
5950,Sweet Cicely,0.11773384919601275
5950,Flamborough Head,0.0900286076478605
5950,What What What,0.1653536213439969
5950,Falaise Blanc,0.011964573628012815
5950,Harry Palmer,0.12390686563397504
5950,I Can Boogy,0.010734380339600594
5950,Lilchita,0.01677026305191523
5950,Brown Gold,0.0012659277753091455
5951,Brewing,0.12555333926296652
5951,Nikovo,0.06123016456530272
5951,Catch The Paddy,0.04599423223577145
5951,William Dewhirst,0.3199411317072879
5951,Lady Flora,0.24646755394171402
5951,Enola Grey,0.11161089955386552
5951,Lir Speciale,0.08920267873309197
5952,Je Ne Sais Quoi,0.12309245568456292
5952,Buzz Box,0.21633879450738064
5952,Monks Dream,0.11233046069198446
5952,Dark Kestrel,0.3218763600038878
5952,Reigning Profit,0.05323517321247236
5952,Strong Power,0.023769532590594434
5952,Water Of Leith,0.07869171129264255
5952,Glory Fighter,0.07066551201647485
5953,Harry Did,0.25177652837805625
5953,South Shore,0.07048273029451435
5953,Whats In The Bag,0.10429192936444406
5953,Biplane,0.0385894112620533
5953,Blackjack,0.17656525288481661
5953,Westmorian,0.11135100925266085
5953,Roaring Ralph,0.1254254579411258
5953,Bellagio Man,0.12151768062232866
5954,West Tyrone,0.16829613621047337
5954,Crest Of Light,0.21855415452988164
5954,Pink Petunia,0.14524844707022538
5954,Mayor Of Maghera,0.07238583196437656
5954,Orchestral Wave,0.05274882384875858
5954,Rock Diva,0.03735607459348044
5954,Antiquity,0.17385002178585018
5954,Bintmaha,0.1315605099969538
5955,Drafted,0.17785937152670098
5955,Wyvern,0.1786021426938488
5955,Pallas Lord,0.24930957215934982
5955,Heretic,0.1265619720435001
5955,Commander Crouch,0.07264188025796112
5955,Glastonbury,0.1228009452268954
5955,Odd Socks Havana,0.07222411609174377
5956,Bad Habits,0.06523556148387487
5956,Spec Of Light,0.30115551626818227
5956,Al Waseela,0.09886227108016321
5956,Bownder,0.1266459587880427
5956,Minelone,0.11268635033070881
5956,Squires Treaty,0.01938675857568369
5956,Duffus Castle,0.10397481373425099
5956,Appleblossomwhite,0.17205276973909356
5957,One More Dream,0.1093158441140932
5957,Petra Celera,0.06389877347799891
5957,Alreet Cha,0.0515462175099291
5957,Zu Run,0.1348529408053063
5957,Sir Garfield,0.0612969001785628
5957,Rich Rhythm,0.12292112145496228
5957,Shaw Park,0.04381208706246213
5957,Prefer The Sister,0.11354206228099291
5957,Emily Post,0.05063697630438623
5957,Berkshire Phantom,0.19289123824138743
5957,Safari Dream,0.05042649091909373
5957,Angel's Call,0.004859347650825006
5958,Vaguely Royal,0.003264295790281538
5958,Wonder,0.5581556412177512
5958,Tradesman,0.43858006299196733
5959,Bedford Flyer,0.03924394554937515
5959,Hiya Maite,0.19932558725711397
5959,Miss Attitude,0.10856526429987866
5959,Glorious Angel,0.08158132176764482
5959,Moon Flight,0.1344042322592567
5959,Existent,0.17367949991627463
5959,True Promise,0.263200148950456
5960,High Court Judge,0.26469102106676773
5960,Con Te Partiro,0.17715757151072017
5960,Super Superjack,0.04151377663675774
5960,Detroit Lion,0.07296987808585949
5960,Risen Again,0.06628161583301793
5960,Mr Nugget,0.23282218899247176
5960,Bizarre Law,0.02505193558151422
5960,Covert Legend,0.11951201229289099
5961,Sportingsilvermine,0.18556365319744975
5961,Gozo,0.08070725056768766
5961,Aiming High,0.3052134316031038
5961,Caelan,0.04798709363901603
5961,Percy Willis,0.1730823549780288
5961,Sonnerie Power,0.05669978855155351
5961,Annandale,0.1507464274631605
6063,Fair Dinkum,0.06435477931300153
6063,Inlet,0.052192391586647485
6063,Mamdoh,0.157776769287314
6063,Spitfire Bridge,0.12968142202821797
6063,Man Of The Sea,0.10841900275578216
6063,Cornish Storm,0.33675989299116144
6063,Wannabeawallaby,0.15081574203787543
6064,Marlay Park,0.09984431506439753
6064,Shelbourne,0.10693476110432876
6064,Gincident,0.47177922059696303
6064,Dakota Power,0.061998561304522935
6064,Another Baar,0.06680462029622003
6064,Queens Road Revue,0.0982729711971166
6064,Amathus,0.0943655504364512
6065,Pepsi Cat,0.07322658573544755
6065,Grace Angel,0.13277678361298806
6065,Regal Envoy,0.2753400054922419
6065,Miss Show Off,0.19149574830492352
6065,Jacquelina,0.05256923811142143
6065,Pop Star,0.16109331000492927
6065,Tourist,0.035764352683926845
6065,Connie's Rose,0.04229725248668833
6065,So Smart,0.03543672356743312
6066,Straight A,0.12572353996085112
6066,Midnight's Dream,0.46512207235939984
6066,He's Got Game,0.09187314998132741
6066,Soames Forsyte,0.12666768519099236
6066,Saturnalia,0.11328335931494349
6066,Norflondonforever,0.07733019319248573
6067,Dreambird Dolly,0.16274206108965733
6067,Elland Road Girl,0.2900174334870403
6067,Royal Accord,0.10264681113601257
6067,Kameko Spirit,0.3174691506037416
6067,Fregola,0.02322956178829075
6067,La Mer Grise,0.10389498189525741
6068,Charlie Mason,0.15610562629247454
6068,Gemini Star,0.13791242083319044
6068,Temple Bruer,0.1016496185141677
6068,Beelzebub,0.1728495629295455
6068,Raft Up,0.180781903144333
6068,Enderman,0.08419887762889072
6068,Lion Ring,0.16650199065739812
6069,Ciara Pearl,0.16579605442173923
6069,Zayina,0.11292173503393156
6069,Mighty Bandit,0.051262894008811115
6069,Appier,0.04707202355863476
6069,Fireblade,0.07046804727028994
6069,Expert Witness,0.10259875480129055
6069,Orchard Keeper,0.08276314674343546
6069,Afloat,0.09171508623691346
6069,Sugarloaf Lenny,0.22190060562552003
6069,Con Te Partiro,0.05350165229943386
6070,King Of Speed,0.1823280478700094
6070,Darvel,0.17770216309149328
6070,That's For Sure,0.048651556731878015
6070,My Ambition,0.09992887922029067
6070,Outrace,0.1308561477775389
6070,Soi Dao,0.057595022545583525
6070,Monks Mead,0.07202908112727095
6070,Expecto,0.12128005260144863
6070,Baynoona,0.002024492210095111
6070,Villalobos,0.010849264950905815
6070,Too Much Trevor,0.07489831784838273
6070,Admiral Fitz,0.02185697402510287
6071,Above,0.09901774058924483
6071,Jungle Run,0.31593441721417853
6071,Ganesha,0.03438622200754376
6071,Whats In The Bag,0.14283355840004053
6071,Yazaman,0.3305414494366733
6071,Glendown,0.07728661235231916
6072,Collective Power,0.13351608510612828
6072,Fair Taxes,0.1338829178546797
6072,Inishmot Prince,0.1282412343223207
6072,Clonmacash,0.4173441202843987
6072,Velvet Skies,0.05135647051618387
6072,Dandys Derriere,0.016743682464007842
6072,Yaxchilan,0.08289456812324077
6072,Circles,0.036020921329039994
6073,Palazzo Persico,0.21346386698274555
6073,Waterloo Sunset,0.08697539496975698
6073,Meet Me In Meraki,0.1133570270187552
6073,Starfighter,0.08110974287287498
6073,Mrembo,0.09838474134830341
6073,Baikal,0.13310506087222096
6073,Jimmy Mark,0.21932141007966927
6073,Ladypacksapunch,0.030332763580627017
6073,Aquifolia,0.023949992275046555
6074,Amavasya,0.06957592956234099
6074,Brigid's Cloak,0.31584285758256736
6074,Belle Yeux,0.2122566655012536
6074,Charanda,0.014288695276437115
6074,Movin And Groovin,0.2546927422821034
6074,Zaraahmando,0.05773458632776832
6074,Eric Lock,0.04965522334075326
6074,James The Second,0.025953300126775984
6075,Jimmy Speaking,0.16699424717475586
6075,How Impressive,0.17826351682807778
6075,Ten Commitments,0.0315803604219276
6075,Ash Wednesday,0.1497408851197373
6075,Secret Strength,0.16638916607721213
6075,Tasever,0.12268685695285907
6075,Bobby Joe Leg,0.07437177330671962
6075,Wilde And Dandy,0.10997319411871057
6076,My Girl Sioux,0.1178086286258438
6076,Hasiyna,0.15389533990108364
6076,Havana Notion,0.10664944068081736
6076,Rattletheonionbag,0.41173730114923635
6076,Jackandthefox,0.08521443354074576
6076,Villemacho,0.10152954543595702
6076,Hezahunk,0.023165310666316
6077,Bust A Moon,0.2894833721841356
6077,Auntie Jo,0.2453718900415012
6077,Watkins,0.08992198423401235
6077,Monticristo Boy,0.18681575228875005
6077,Wee Mary,0.1129384633854909
6077,Lilchita,0.04343550110859935
6077,Master Zack,0.02157362464185392
6077,Baby Rover,0.010459412115656678
6078,Las Ramblas,0.0942772911146251
6078,Bajan Bandit,0.038746836442629544
6078,Feel The Need,0.1006674263235037
6078,Silver Trumpet,0.05773372342548943
6078,Chola Empire,0.12028186413850543
6078,Narmar,0.10981501001445432
6078,Kingdom Of Time,0.14252771691508795
6078,Overnight Oats,0.10518903358726754
6078,Clear Angel,0.004022496791148763
6078,Epidavros,0.010790150996700193
6078,Down To The Kid,0.125471477640197
6078,Eden Storm,0.09047697261039103
6079,River Derwent,0.051899561501718754
6079,Dubirango,0.0015936143473033353
6079,Camachero,0.07260763187411544
6079,Harry The Rogue,0.1516782202308996
6079,Gatsby Cap,0.12164347316423224
6079,Bungle Inthedesert,0.2738997588052271
6079,Eagles Whistle,0.17307031006280407
6079,Blue Wood,0.03701120258481798
6079,Saxon Kingdom,0.002571440033586998
6079,Clifton Light,0.08610379214917087
6079,Carrickfinn,0.027920995246123837
6080,Haku,0.06260346589678738
6080,Humble Spark,0.17844620088816068
6080,Story Horse,0.20816180456169653
6080,Ancient Myth,0.09880951612352745
6080,Caballo De Mar,0.18839821896050615
6080,Gibside,0.08401293965709582
6080,High Court Judge,0.17956785391222593
6081,Combustion,0.31026983171231864
6081,Silky Robin,0.16535014337707177
6081,Noble Consort,0.025947949870577212
6081,Lady In Havana,0.023344069997957424
6081,Agent Mayfair,0.12877087080822686
6081,Under Curfew,0.04128249086197191
6081,Pembrokeshire,0.08134508464892796
6081,Mumcat,0.17211933796800807
6081,Miss Billie,0.035594023170212666
6081,Balmy Breese,0.01597619758472749
6082,Scatchwah,0.0377353090747944
6082,Beauparc,0.03295680757277278
6082,Gracesolution,0.05319127676361993
6082,Darkened,0.10938203697795007
6082,Dromore Glory,0.4141318987645508
6082,Numidia,0.22202704896845962
6082,Picpoul,0.020678803680068195
6082,Highland King,0.10989681819778431
6083,Asadjumeirah,0.07045349819202533
6083,Thunderous Love,0.0537638768987074
6083,Tough At The Top,0.07300258943114162
6083,Port Hedland,0.18709815730500348
6083,Galileo Glass,0.10611384750328726
6083,Araifjan,0.08052607368675899
6083,Arlington,0.22263518532414986
6083,Lion's Dream,0.15394081368666854
6083,Company Minx,0.05246595797225752
7738,Shot Of Love,0.07828309641062056
7738,Claxton Bay,0.1244884595292705
7738,Roscioli,0.06313103112854022
7738,The Spotlight Kid,0.21887889718530562
7738,King Of Speed,0.14925663483404475
7738,Help Me Rhonda,0.10012765631288992
7738,Angelica K,0.0010715885160341421
7738,Ajrad,0.17091371271800662
7738,Roundabout Silver,0.09384892336528776
7739,Harry Did,0.13031482235729885
7739,Hiatus,0.08439262331319788
7739,Wallop,0.028079679445767215
7739,General Assembly,0.20190521573846135
7739,G'Daay,0.07088235775819708
7739,Hierarchy,0.07629028157238743
7739,Holy Fire,0.020983206855437038
7739,Big R,0.07956874055593276
7739,Grenham Bay,0.2510759489834142
7739,McCauley's Tavern,0.0565071234199062
7740,Tyger Bay,0.13061276390051768
7740,Straight A,0.10985598053686631
7740,Dion Baker,0.050701067020786424
7740,Shahbaz,0.11176728113126023
7740,Lunarscape,0.22485592894361975
7740,Tronido,0.14323579496723052
7740,Enpassant,0.20369645682990858
7740,Ashford Hill,0.025274726669810604
7741,Hms President,0.034992644841020215
7741,Wonder Legend,0.13924933627134695
7741,Cool Party,0.21468433868951609
7741,Moon Over Miami,0.23220431540146438
7741,Cello,0.28387255574939185
7741,Alrazeen,0.09499680904726045
7742,Kinetic,0.2049994864442163
7742,Sid's Annie,0.037295047173284766
7742,Always Waving,0.2601655845477393
7742,Shady Bay,0.11618631482504764
7742,Storm Valley,0.08986092698018977
7742,Tiptoe,0.181850428668155
7742,Last Empress,0.10964221136136705
7824,Green Team,0.1111042427619509
7824,Cerulean Summer,0.20262244509713004
7824,Donald Llewellyn,0.0931040566780339
7824,Daaris,0.013302891662832465
7824,Thursday,0.052206237941803756
7824,Tara Iti,0.2205670280269616
7824,Fullforward,0.19033502944617353
7824,Abstract,0.10174544887971314
7824,Shy Nala,0.015012619505400776
7825,Rosenpur,0.3012543692258065
7825,Watermelon Sugar,0.3015511953208097
7825,Profit And Loss,0.21049224442242054
7825,Harry Brown,0.1809363744752469
7825,Okami,0.005765816555716406
7826,Kitaro Kich,0.20047084086987813
7826,Runaround Sioux,0.12047490239525281
7826,Split Elevens,0.11824240310744356
7826,Shot Of Love,0.04867782937263277
7826,Kondratiev Wave,0.09409845356672014
7826,Portoro,0.09795278655150344
7826,Twitch,0.1284911531490407
7826,Global Warning,0.033044154534694004
7826,Rabinal,0.14011627468829385
7826,Ashford Hill,0.018431201764540793
7827,Ecclesiastical,0.15345159037319409
7827,Coolagh Magic,0.22257754802886295
7827,Harb,0.11986835917418108
7827,Recon Mission,0.09404874477364379
7827,Mick's Spirit,0.0868754105044691
7827,Zola Power,0.09747540643900456
7827,Unavailable,0.22570294070664448
7828,Beautiful Things,0.031220421520379165
7828,Horus,0.17836982143236615
7828,Macedonian,0.0901368261271545
7828,Toughly,0.014101818812101761
7828,Handle With Care,0.09542419433327863
7828,Blue Anthem,0.14263152754422304
7828,The Feminine Urge,0.04506399744413238
7828,Kodi Fire,0.05314790150723701
7828,Foro Romano,0.1016379313763825
7828,The Thames Lady,0.1718852319125287
7828,Early Release,0.047343832271859176
7828,Piranha Rama,0.029036495718357078
7829,Sonic Pioneer,0.32670148683002787
7829,Currahee,0.18319706279304698
7829,Flaine,0.11119483279144403
7829,All Cost,0.087352519093301
7829,Itsgottobefun,0.009955044755121621
7829,Backer Bilk,0.15200295460728014
7829,Perfect Parole,0.09072891043867312
7829,Leading Star Girl,0.03886718869110506
7830,Blue Eclipse,0.07242703784003589
7830,Montrachet Girl,0.1687240869575459
7830,Soldiers Star,0.32340770168502675
7830,Distant Rumble,0.07427996063888119
7830,Olivia Jane,0.100004051218338
7830,Blue Empress,0.006501311412117183
7830,Maids Head,0.08080987843549448
7830,Packetofbiscuits,0.17384597181256062
7831,Naughty Eyes,0.0809357527054734
7831,Political Power,0.10348150530392074
7831,This Farh,0.13002479225915614
7831,New Charter,0.061697462304711015
7831,Easily Convinced,0.0913835976217662
7831,Lady Manzor,0.04650882284619754
7831,Valsharah,0.06162902052710305
7831,Noble Phoenix,0.1301188760408462
7831,Invincible Melody,0.2942201703908256
7832,Ernie's Valentine,0.053816368345310055
7832,Lessay,0.1827836313704156
7832,Revolutionise,0.11097991299861634
7832,Starshiba,0.3079519707119954
7832,City Cyclone,0.07421243370507873
7832,Tronido,0.13094837581644667
7832,Soar Above,0.028888215156946385
7832,Fat Gladiator,0.11041909189519086
7833,Port Road,0.23870466520619818
7833,Ben Y Bryn,0.11507059057122127
7833,Vince Lombardi,0.0414519940993017
7833,Dakota Power,0.07192099551398241
7833,Enpassant,0.19828510277081218
7833,Tea Sea,0.13453885538009344
7833,Al Ameen,0.16474839602050093
7833,Royal Jet,0.035279400437889734
7834,Gunlock,0.2198115757817249
7834,Mr Baloo,0.12979063870951446
7834,Tadreeb,0.06911692327885216
7834,Dingle,0.011641875469556954
7834,Patch's Bond,0.03517546677477864
7834,More Than A Feelin,0.08342808226550319
7834,Cavalry Call,0.10360191034765265
7834,Arctician,0.092405585310014
7834,Rhythm N Rock,0.038340019131508994
7834,Joycean Way,0.023434608403804125
7834,He's Got Game,0.12369087266472996
7834,Foreseen,0.018301185597718893
7834,Port Erin,0.05126125626464109
7835,Rebel Empire,0.04663217586085504
7835,Shallow,0.1253655251105532
7835,Supreme King,0.083813108594077
7835,Abbey Heights,0.09120077822451607
7835,Perennial,0.049667207122044345
7835,Dashing Harry,0.03254506656004209
7835,Ultramarine,0.07243412104041307
7835,Grenham Bay,0.22793005702192795
7835,Nogo's Dream,0.19837211758386794
7835,Dark Dreamer,0.010387682136977156
7835,Four Adaay,0.06165216074472611
7836,Haku,0.14257295139173623
7836,Victory Shout,0.0006580103844720236
7836,Almosh'her,0.139375983483071
7836,Arqoob,0.38635747320960484
7836,Gaassee,0.199703601354156
7836,Oslo,0.06722076742325465
7836,Buxted Too,0.06411121275370531
7956,Tambourine Dream,0.04951974840417798
7956,Jungle Cruise,0.05508258459652744
7956,Anglo Saxson,0.07384508172784376
7956,Windsor Pass,0.013463046720850165
7956,Eight Mile,0.010904483132108383
7956,Waistcoat,0.11227898739606816
7956,Rising Force,0.03500299599480078
7956,Oh So Audacious,0.1728954435819158
7956,Glastonbury,0.11735645796953395
7956,Embarked,0.09144056311198724
7956,Keen Interest,0.01971435555313767
7956,Kranjcar,0.13781307152257588
7956,Twilight Guest,0.021293002511079125
7956,Maguire,0.07026711754436601
7956,Moreginplease,0.019123060233027782
7957,Captain Ciano,0.10250814457201032
7957,Aherla Rock,0.1248539357161916
7957,Refreshment,0.042911919668762746
7957,The Mizen Queen,0.019764615932061812
7957,Faithlegg Lodge,0.030077400663599
7957,Edergole's Angel,0.031003710805409198
7957,Tam Lin,0.13279473476748446
7957,Weegeebear,0.12327853980431126
7957,In The Minus,0.0009716396462199293
7957,Roaming Eyes,0.09460781087941761
7957,Chriselli,0.05480557870143273
7957,Letters Of Love,0.07014829447568566
7957,Kilgharrahs Love,0.0009507590222344162
7957,Endless Dawn,0.16906092934002773
7957,Handmedownmybible,0.002261986005151507
7958,Dynamic Force,0.05131838845286796
7958,Pandion Power,0.1159864990870989
7958,Prince Of Eyeries,0.001496752431915064
7958,Vierson,0.05275364032467831
7958,Free Solo,0.010602558037132616
7958,Mount Ruapehu,0.0918828140403131
7958,Nezeeh,0.027126255135369592
7958,Rockbury Lad,0.15988031416824797
7958,The Bog Bank,0.04933919448473241
7958,Relevant Range,0.1730617673930212
7958,Takeachancejimmy,0.0009474283627575697
7958,Blue Wood,0.26560438808186543
7959,Show Biz Kid,0.02720002793612263
7959,Kinetic,0.10112928214112671
7959,Bobacious,0.10163261549271653
7959,Always A Star,0.11550854366816292
7959,Beach Point,0.1713761240994939
7959,Universal Story,0.2961239179044291
7959,Queen's Company,0.05517706079044609
7959,Eljaytee,0.1318524279675021
7960,Packetofbiscuits,0.10326507361118106
7960,Florida Dawn,0.02389523037654258
7960,Standput,0.07328177976580273
7960,Tolerance,0.14247584588783258
7960,Blue Empress,0.08758631939357621
7960,Blue Seeker,0.10701618170970055
7960,Easily Convinced,0.05181013642715691
7960,Epicurian Lad,0.049394215890897514
7960,Rock Diva,0.029001832683138017
7960,Glitter Code,0.21624860158288006
7960,Risk,0.1160247826712917
7961,Aurora Nova,0.014425339604698592
7961,She's Smart,0.36568315110826755
7961,Sam's Xpress,0.0692337978885655
7961,Lakota Lady,0.03697844838549361
7961,Livingston Range,0.013802593116850654
7961,Whatswrongnow,0.04275700818606415
7961,Shoebox King,0.008787832321578037
7961,Eric Lock,0.3200311206877167
7961,Lismacbryan Hill,0.12830070870076518
7962,Dorney Lake,0.13727846105168265
7962,North View,0.15395737841341725
7962,Harry Did,0.30931222053720425
7962,Fletcher's Flight,0.11227005636422017
7962,Dashing Harry,0.10401308353711293
7962,World Of Darcy,0.06482436165429356
7962,Rhythmic Acclaim,0.1183444384420691
7963,Last Shamardal,0.10149434815311517
7963,Arabian Cobra,0.1001662998706888
7963,Moby Quick,0.030493288020796344
7963,Sabrimento,0.1331058946844113
7963,Amor Cordis,0.01435802459335239
7963,Invincible Melody,0.2225490203519818
7963,Penelope Valentine,0.1236304126434038
7963,Sherlock,0.11204822375950914
7963,Optimatum,0.041891166008570166
7963,Yehudi,0.09717296093190098
7963,Bad Habits,0.023090360982270176
7964,Sturlasson,0.07791159765862708
7964,The Poacher Daly,0.06662297988270723
7964,Emerald Harmony,0.299542456616627
7964,Cuban Grey,0.012355556279892252
7964,Rathbranchurch,0.03966510434315911
7964,Only Spoofing,0.0046901784383642595
7964,Distillate,0.14486300405024113
7964,Hero Of The Hour,0.16679714451194128
7964,Devil's Angel,0.007839863683459042
7964,Moonhall Lass,0.1772694881407414
7964,Tilly's Company,0.0024426263942403403
7965,Marmoga,0.07888775399265817
7965,Spanish Mane,0.17652153437783982
7965,Roman Emperor,0.4327236331128434
7965,Scarlet Lady,0.3020140067011189
7965,Zina Colada,0.003905407449696022
7965,Fast Flo,0.0033144450232533754
7965,Primrose Maid,0.0026332193425903138
7966,Seraphim Angel,0.08863504705169474
7966,Megaphone,0.25302109011621726
7966,Desert Champion,0.24690303964021287
7966,Invincible Crown,0.1524223214801618
7966,Ay Gee Ell,0.10554422795618162
7966,Ruby's Profit,0.1534742737555317
7967,Doctor Grace,0.33453651722283156
7967,Eastern Wind,0.1011701478993401
7967,Mogwli,0.3235834300309809
7967,Waystar,0.0607114702109768
7967,Kartayaz,0.1683163096909338
7967,Uberrima Fides,0.00974772713110287
7967,Zentopia,0.0019343978138340054
7968,Private Island,0.2708672100607522
7968,Clever Jack,0.04673780651902481
7968,Pay Attention,0.05475951324102728
7968,Calibos,0.09021768187658599
7968,Blue Train,0.09357968208227382
7968,Appleblossomwhite,0.07945083319038874
7968,Frostmagic,0.01928725636671244
7968,Squires Treaty,0.01688458612276988
7968,Herkeios,0.0683958110554225
7968,Duffus Castle,0.059333850381056055
7968,Miakoda,0.15367578275281546
7968,Latona,0.046809986351170924
7969,Boasty,0.033768891889795996
7969,Susiesparkle,0.029993061652386598
7969,Curtiz,0.13843403656815773
7969,Forever Proud,0.3530323493646285
7969,City Escape,0.13485553361793964
7969,Back From Dubai,0.15877128144314032
7969,Headshot,0.04364602475453798
7969,Danehill Star,0.10749882070941327
7970,Powdering,0.12883230989070477
7970,Orchid,0.15859746900504712
7970,Griselda,0.026826707697543504
7970,Where's Clare,0.15773205279722247
7970,Neytiri Te Tskaha,0.12536517569953382
7970,Ziggy's Ariel,0.17916129116467086
7970,Scattering Light,0.13864705952166143
7970,Handle With Care,0.08483793422361602
7971,Courageous Gold,0.13885054644244724
7971,Bella Bluesky,0.05003532365695297
7971,Black Smoke,0.10981036897227232
7971,Alioski,0.06443639206491987
7971,Tarjamah,0.0022981083171029213
7971,Zooks,0.2592207378412939
7971,Two Plus Two,0.11188225378185658
7971,Fine Print,0.09388901539307154
7971,Ocean Ridge,0.16957725353008263
9470,Lequinto,0.21727007322324657
9470,Em Jay Kay,0.10595836502301217
9470,Royal Musketeer,0.107196642946073
9470,Hallowed Time,0.14084200851267972
9470,Classy Clarets,0.22855770283592858
9470,Haworth Star,0.035402725898421916
9470,Professor Tickle,0.11428378186458782
9470,Not Just Yet,0.01791291794789031
9470,Good Karma,0.0019072430622692734
9470,Kipp Kelly,0.030668538685890607
9471,Enola Grey,0.12535122380339292
9471,Samra Star,0.36761472403736356
9471,Radiant Beauty,0.2809148392953764
9471,Jazzy Angel,0.17113940463130403
9471,Noisy Music,0.05497980823256297
9472,Golden Mind,0.0501736222508523
9472,Bobby Bennu,0.1630587500170889
9472,Brewing,0.22183538088084526
9472,Society Man,0.04072349271408607
9472,Royal Zabeel,0.1074169285508079
9472,Havanagreattime,0.21677114993177082
9472,Street Kid,0.08769051789246844
9472,Brasil Power,0.11233015776208032
9473,Mesaafi,0.2558679051637906
9473,Where's Freddy,0.14274214137393176
9473,Havana Force,0.11304340982336275
9473,The Caribbean,0.047454280263214875
9473,Eden Storm,0.0252632620274759
9473,Evocative Spark,0.0010305156498048558
9473,Fools Rush In,0.1403722640171534
9473,Harbour Vision,0.03581761430094646
9473,Flatley,0.05507711342347485
9473,Circles,0.18333149395684448
9474,Thismydream,0.06670889567068351
9474,Basholo,0.0963120462634931
9474,Alafdhal,0.051586052651043726
9474,So Obsessed,0.10346168190985847
9474,Maharajas Express,0.07715979949887325
9474,Soldiers Design,0.07342402835755654
9474,Apache Star,0.10079455742364218
9474,Sir Benedict,0.0939317071591304
9474,Gustav Graves,0.22517022169535067
9474,Himawari,0.02089123843732714
9474,Buraback,0.09055977093304088
9475,Starfighter,0.15440458346525912
9475,Virtual Hug,0.11088803147489337
9475,Ocean Ridge,0.23976649479104675
9475,The Resdev Way,0.09800985300154771
9475,Villazon,0.07681643556797338
9475,Abstract,0.05354245514506602
9475,Muhalhel,0.09297486465346592
9475,Pittsburg,0.04619234437594057
9475,Where Is The Love,0.12740493752480705
9476,Smokey Malone,0.05389156962695013
9476,Enzos Angel,0.04062091177143216
9476,Wannabeawallaby,0.14500438898504664
9476,Orange Martini,0.0010577987716482334
9476,Desiderata,0.28105480201336
9476,Walk The Moon,0.16355310164803344
9476,High Court Judge,0.26585904062112714
9476,This Time Maybe,0.04895838656240244
9557,Carlton,0.4088696740581904
9557,Alright Sunshine,0.002092046194483862
9557,For Pleasure,0.05447897332665884
9557,Corsican Caper,0.1353194857034729
9557,Night Bear,0.3012269936387338
9557,Annandale,0.09801282707846028
9558,The Real McKay,0.14625038136714097
9558,Lady Wingalong,0.2171278812682537
9558,Biplane,0.02300319190014707
9558,Runaround Sioux,0.21364064273348235
9558,Green Tax,0.006528824638279087
9558,Scarlet Lady,0.17969726040824302
9558,Belle Flora,0.10083815126556908
9558,Starsong,0.11291366641888476
9559,Al Suil Eile,0.19700313739677872
9559,I Can't Believe,0.35955526327308956
9559,Down To The Kid,0.06598614126402394
9559,Light Up Our Stars,0.04629439539941339
9559,Retraction,0.08622621122596498
9559,First Dynasty,0.0314791060526419
9559,Northern Cracksman,0.00258853600010763
9559,Create,0.030269897137172205
9559,Mykonos St John,0.04323607086561969
9559,Ring Of Gold,0.13736124138518793
9560,Frankies Dream,0.2057762287648579
9560,Roysdelight,0.05902920731653736
9560,Until Dawn,0.1717426264719315
9560,Zadkiel,0.1272880097176353
9560,Woodhay Whisper,0.03692983192207362
9560,Bank On Kent,0.14741259082812022
9560,Coul Harswell,0.07125148599971609
9560,Sunny Time,0.17313515958961848
9560,Baby Rover,0.007434859389509536
9561,Sir Benedict,0.2605017663602573
9561,Dash Gordon,0.2559044740593709
9561,Stone Of Destiny,0.09778678440613482
9561,Stroxx,0.19032839233470886
9561,Starshot,0.19547858283952807
9562,Pinjarra,0.05961648501525102
9562,Stella Hogan,0.13349050756697936
9562,Billy McGarry,0.13309720276473772
9562,Embarked,0.029429419617268533
9562,Timebar,0.172978479920995
9562,Maith An Farhh,0.32999968432351195
9562,Flash The Dash,0.022485328151588498
9562,Melsmay,0.07211550056067866
9562,Hector's Left Foot,0.04678739207898931
9563,American Rose,0.1420084209110792
9563,River Wharfe,0.07470493387645322
9563,Thanks Dad,0.05902979700315085
9563,Devasboy,0.14481919539266377
9563,Portoro,0.16387294028424776
9563,Vixey,0.0022411069777250867
9563,King Of York,0.08856975297944703
9563,Stoic Syd,0.1898442555243218
9563,Fistral Beach,0.13490959705091118
9652,Rock Armour,0.2533339493328842
9652,Susiesparkle,0.1692531945710456
9652,It's A Love Thing,0.1288881977255092
9652,Muhib,0.00844267286480633
9652,We Still Believe,0.03651981534427405
9652,Desiderata,0.3507987545939143
9652,Stoneacre,0.052763415567566314
9653,American Star,0.053085766630153595
9653,Kalganov,0.062364062064134085
9653,Sir Maxi,0.123872617458217
9653,Pallas Lord,0.4267876855419616
9653,Rory,0.10257906761175771
9653,Drakeholes,0.15433453147739692
9653,Concert Boy,0.02718736033887211
9653,Keep Me Stable,0.04978890887750698
9654,Dembe,0.2653568846232128
9654,Orbaan,0.0411564124860174
9654,Quiet Resolve,0.1509426660505036
9654,The Cookstown Cafu,0.13746606875411324
9654,Chuzzlewit,0.1430771946924425
9654,Overnight Oats,0.24181201685416198
9654,Outsmart,0.020188756539548665
9655,Latin Five,0.14146797673142308
9655,Posh Maisie,0.0018397768901462102
9655,Pockley,0.3808902878845725
9655,Sir Benedict,0.18813529832333958
9655,Global Effort,0.09791730988043429
9655,No Speed Limit,0.038709051755785026
9655,Stallone,0.13305508415833922
9655,Rockley Point,0.01798521437596013
9656,Northern Cracksman,0.06321931231548725
9656,Broken Spear,0.06215919108093083
9656,Falcon Nine,0.2659744164983539
9656,Skilled Warrior,0.07339651839656473
9656,Diddy Man,0.16326616666829835
9656,Shaz,0.04328562876264271
9656,Cuban Fiesta,0.06980281211655467
9656,Cloch Nua,0.2588959541611675
9657,Raft Up,0.25666747629308395
9657,Cuan,0.03565326395311914
9657,She'Sashambles,0.04150039268576857
9657,Athollblair Boy,0.10932580262581675
9657,Hurstwood,0.0782891317634013
9657,Arlington,0.2250402673335
9657,Korroor,0.02342773995662447
9657,Wild Mountain,0.027245144579804155
9657,Midnightattheoasis,0.055200933391404854
9657,Cubanista,0.008029821322509291
9657,Doon The Glen,0.13962002609496754
9798,Almaty Star,0.12463082331450102
9798,Cinque Verde,0.10914585119097894
9798,Rhythm N Hooves,0.09217781451123357
9798,Crimson Sand,0.08261807262626314
9798,Completely Random,0.055099735826864865
9798,Brave Nation,0.0791584610026209
9798,Jered Maddox,0.0641236353504992
9798,Sevensees,0.05240197659405884
9798,Sports Coach,0.0312983606490856
9798,Moulin Booj,0.11208991877199093
9798,Muker,0.06700014842185283
9798,The Thames Boatman,0.0967218475464979
9798,Fine Wine,0.033533354193552356
9799,Green Icon,0.0329425388177461
9799,Just Before,0.044507833264048155
9799,Iceford,0.14858026733409221
9799,Nyman,0.05147260951357573
9799,Grand Dante,0.15386981772701455
9799,Saint Brandon,0.10149034639176495
9799,Rion Rubette,0.08358629927887393
9799,School Of Athens,0.06507341508764214
9799,Scott Key,0.09249448312166383
9799,Widely Acclaimed,0.14795590227846725
9799,Navajo Point,0.07802648718511102
9800,Diligent Harry,0.04895839388065125
9800,Purosangue,0.07782882408353241
9800,Wiltshire,0.12871633010469002
9800,Shartash,0.11003399735483169
9800,Korker,0.04564432098531489
9800,Holkham Bay,0.16886756188210125
9800,Strike Red,0.032253429410856
9800,Ferrous,0.1600103291650655
9800,Vintage Clarets,0.03071554932337337
9800,Spangled Mac,0.055163832757268175
9800,Aramram,0.14180743105231564
9801,Way Of Stars,0.18786985539445217
9801,Patrol,0.1273377654657513
9801,Ray Gun,0.08935609214556543
9801,Zabeel Rain,0.067972771389824
9801,Crackalackin,0.11125858231076845
9801,Scarlet Moon,0.16491783676004151
9801,Infantry Officer,0.25128709653359704
9802,Bint Al Daar,0.06383779504436538
9802,Bellarchi,0.06372801300328623
9802,Enola Grey,0.07376675559537867
9802,Gaiety Musical,0.13989927353423048
9802,Viennoise,0.13752981880857673
9802,Liv My Life,0.15893412920774624
9802,Eazy On The Eye,0.11903343868015064
9802,Del Ray,0.13403336931149157
9802,Happy To Fly,0.10923740681477404
9803,Dividend,0.1284126588343369
9803,Molveno,0.12158790518452119
9803,Big Sip,0.19115892341513638
9803,Tilted Kilt,0.24515972751827206
9803,Thunder Wonder,0.1192283454375803
9803,Ja'marr,0.18522253939704592
9803,Joseph,0.0092299002131071
11322,Ellexis,0.1258247661721941
11322,Sid's Annie,0.07392892281009712
11322,Kingmont,0.1363434335175751
11322,Caramay,0.3340784400709016
11322,Silk Bird,0.045232320024256985
11322,Disclosure,0.16823882855806205
11322,Equuleus Star,0.1163532888469131
11323,Ravenglass,0.14514699555909757
11323,Centurion Dream,0.11918917629753699
11323,Forever Proud,0.26040032234821325
11323,Doctor Awtaad,0.0875339606870565
11323,Al Shabab,0.10717456329857386
11323,Boujee Gold,0.09915738811323692
11323,Northern Cracksman,0.001164307539430233
11323,Glencalvie,0.11004852731630334
11323,Evasive Power,0.056981083508509965
11323,Melsmay,0.0132036753320415
11324,Just A Spark,0.12439742244780189
11324,Tiger Crusade,0.19867649664028905
11324,Power Over Me,0.09135613851137028
11324,Lir Speciale,0.14619025566301205
11324,Pure Angel,0.016695057241791603
11324,Lady Dreamer,0.1964192070216582
11324,Monsieur Kodi,0.13367575788338154
11324,Mojomaker,0.08862532234537843
11324,That's For Sure,0.003964342245316973
11325,Le Rouge Chinois,0.039276054270454365
11325,Green Team,0.096273577744685
11325,It's A Love Thing,0.06657976673031817
11325,Lawmans Blis,0.19408631527970122
11325,Hill Station,0.20349435824954856
11325,Dark Mystery,0.15279241417100317
11325,Blue Sky Boy,0.029570990898347634
11325,Alfheim,0.2179265226559418
11326,Anamika,0.03935079937356758
11326,Till It Shines,0.10368855355743921
11326,Artificer,0.1727772095234016
11326,Pessoa,0.3246208183137549
11326,Heavenly Fire,0.07493238381131781
11326,Speed Court,0.04000948248452099
11326,Too Much Too Young,0.014944209826042144
11326,Porfin,0.04535750768198186
11326,The Toff,0.10402883974551554
11326,Perfect Curves,0.08029019568245828
11327,Silky Robin,0.10173184702591581
11327,Bossy Parker,0.19594916703096849
11327,Salaamaat,0.03066560878619415
11327,Lady Ava,0.032367475382595774
11327,Heerathetrack,0.14619303608970516
11327,Concert Boy,0.013323385790870177
11327,Ash Wednesday,0.25929402361561577
11327,Brave Display,0.019651390059535822
11327,Quick Away,0.05763061586376347
11327,Kenstone,0.09172936940862425
11327,Gypsy Nation,0.05146408094621102
11407,Polling Day,0.05257700613978521
11407,Tribal Wisdom,0.15448868969427976
11407,Caelan,0.02907939502177308
11407,Etretat,0.26580015283449704
11407,Raintown,0.05608991512560975
11407,Annexation,0.08648004096530647
11407,Early Morning Dew,0.12908976714524772
11407,Obsidian Knight,0.22639503307350092
11408,Counsel,0.09928174106592973
11408,Diamond Dreamer,0.1562694944527197
11408,Gogo Yubari,0.19660938405397813
11408,Recon Mission,0.12777838384322956
11408,Harry Brown,0.20586876298472517
11408,Havechatma,0.21419223359941766
11409,Bravo Zulu,0.076945441351713
11409,Tadreeb,0.15663522650966738
11409,How Impressive,0.09246265110477361
11409,Beattie Is Back,0.08079252120124342
11409,Thapa Vc,0.20544177763894833
11409,Giorgio M,0.21334314982492153
11409,Rey De La Batalla,0.17437923236873273
11410,She Went Whoosh,0.18044473074798045
11410,Psychodrama,0.08280109194698419
11410,One For Harvey,0.08364575639012325
11410,The Thames Lady,0.21361953509235157
11410,Dandy Khan,0.12453468317723122
11410,Little Bittern,0.07276478772994172
11410,Blue Force One,0.025181604503420628
11410,Apple's Angel,0.21700781041196693
11411,Francisco,0.011019860051444267
11411,Flag Carrier,0.10398673687462347
11411,Brunel Charm,0.38950864134519697
11411,Arlecchino's Gift,0.09624982797168863
11411,Libra Tiger,0.006922964429600966
11411,Alfa Moonstone,0.0019408880078011198
11411,Watermelon Sugar,0.17522590730311294
11411,Dream By Day,0.028592264554245662
11411,Nordic Glory,0.11562181554063512
11411,Fai Fai,0.06959530545802967
11411,Moorgate,0.0013357884636210219
11412,Diderot,0.16077979881880144
11412,Symbol Of Light,0.05845930172367825
11412,Thunder Roar,0.03177616046865732
11412,Nikovo,0.12837182607655018
11412,Kind Of Kiss,0.1279946083878755
11412,Empirestateofmind,0.05346173000996086
11412,Cracking Gold,0.11888351962133879
11412,Tropez Power,0.03136085714377161
11412,Bajan Bandit,0.08077624123410199
11412,Enola Grey,0.0538333160388249
11412,Golden Pharaoh,0.02308426817225217
11412,Eligible,0.131218372304187
11413,Dontspoilasale,0.23631313208102403
11413,Jered Maddox,0.26672940490763525
11413,Never Shout Never,0.1254989098981609
11413,Sporting Hero,0.10657227580879623
11413,Li Ban,0.022665147592581116
11413,Crystal Luna,0.24222112971180254
11414,Ignition,0.5559172714911298
11414,Emily Rebecca,0.12770142944102328
11414,Backer Bilk,0.13491124825762868
11414,Bear Baby,0.11568807775655408
11414,Rue d'Etoile,0.06578197305366433
11415,Init Together,0.36961242688053697
11415,Strategic Fortune,0.09939251278064044
11415,Global Resolve,0.039354239328986934
11415,Come On John,0.20653975385898837
11415,Lhebayeb,0.0011092358487232545
11415,Jaamir,0.10164521983381093
11415,Mist Rollin In,0.03456405898263259
11415,Bay Of Naples,0.045014271558883615
11415,Keeper Of Secrets,0.02188225504212386
11415,Eva Rosie,0.052937755428015376
11415,Keen Interest,0.02794827045665789
11416,Jabbar,0.16990698396272522
11416,Persian Bliss,0.0839588601685683
11416,Jerandme,0.07401743162055063
11416,Pavilion End,0.1744866444794711
11416,Ted Hastings,0.0800251596214515
11416,Pearl Jewel,0.4176049201472333
11417,Many A Star,0.09380505875381247
11417,Mrs Morrell,0.110885901320017
11417,Batal Dubai,0.29847410410897646
11417,Stanley Spencer,0.18276110096564402
11417,Ormolulu,0.1751800119102533
11417,The Green Man,0.05897239837811795
11417,Tyke,0.0799214245631788
11418,Rebel's Gamble,0.18936330808761392
11418,Cyclonite,0.3514321130739819
11418,The Actor,0.02781981715890802
11418,Yes I'm Mali,0.1265350217530333
11418,Humam,0.30484973992646275
11419,Rockbury Lad,0.11730897839607429
11419,Little Keilee,0.1494563353307965
11419,Miss Abby Jools,0.038939388782984474
11419,May Night,0.0010294934830317654
11419,Eagles Whistle,0.052737082699271236
11419,Spirit Of Paradise,0.029596033742599333
11419,Tara Power,0.0017355716258828163
11419,Chummie,0.10967011811142131
11419,Harbanaker,0.06502082382281614
11419,Hope And Innocence,0.09462241199150881
11419,Royal Tribute,0.14974376738320622
11419,Saxon Kingdom,0.0017583860072799668
11419,Turbo Sprint,0.18736329937253265
11419,Zero Fighter,0.001018309250594437
11420,Catch The Paddy,0.10904502467759399
11420,Perfect Judgement,0.1884667582666506
11420,Migdam,0.16595082607758752
11420,Shoot To Kill,0.1447844379468129
11420,Glen Princess,0.0015545124556610472
11420,Elegant Madame,0.030821734000719397
11420,Wrob And Wryan,0.2257916423001625
11420,Punk Poet,0.020965255907248997
11420,Hurricane Helen,0.11261980836756312
11421,Bambeano,0.0009951087398462034
11421,Nusra,0.14296833601266998
11421,Dromore Glory,0.21815994756720497
11421,Someone's Wish,0.0791406820161789
11421,Modern Talking,0.06831503983730579
11421,Gardone,0.26109361923068936
11421,You Done Well,0.007547479237714844
11421,Latin,0.10004477718420272
11421,L'immortale,0.0015204090407464834
11421,Gear Flat,0.04306446237468931
11421,Omakase,0.0012790157639982766
11421,Tasmanian Girl,0.00045319683633767837
11421,Fine Print,0.07348217820166422
11421,Bright Start,0.0019357479567511738
11422,Cloch Nua,0.20534871442965935
11422,Charlatan,0.236617694518703
11422,Carey Street,0.17535385923721347
11422,On Locust Point,0.13358073876729748
11422,Northbound,0.10088191303515394
11422,Maguire,0.04450978751203768
11422,Fire Eyes,0.001967528739385934
11422,Beautiful Dawn,0.016304198205857753
11422,Mr Slicker,0.08543556555469135
11423,Balqaa,0.1100739404898765
11423,Leap Year Lad,0.1602639934997646
11423,Boujee Gold,0.14675814188452738
11423,Imola,0.0024236573886667677
11423,Lion's Dream,0.013925431474838938
11423,Urban Dandy,0.04639553681502771
11423,Kodebreaker,0.3239578208766452
11423,Mickey Mongoose,0.15986901225741137
11423,Masham Moor,0.03633246531324157
11498,Man Of Riddles,0.12154713870785168
11498,Alex The Great,0.35475735053210916
11498,Grand Scheme,0.05146854161915121
11498,Man Of Action,0.2689115077394428
11498,Quercus Robur,0.012488832907515283
11498,Opera King,0.03163815098096605
11498,Unification,0.04164384099987703
11498,Typewritten,0.05062774686709945
11498,Star Of Markinch,0.06554490463255513
11498,Freewheelin,0.0013719850134321996
11499,Finsceal Annie,0.11302210351689734
11499,Pink Oxalis,0.13091719011823397
11499,Superior Force,0.03602026076623908
11499,Amemri,0.23611359945260038
11499,Nikki Swango,0.05902867268130067
11499,Notforalongtime,0.020010147468148873
11499,Circles,0.023258948245942785
11499,Still She Blooms,0.11665426476246431
11499,Bucky Larson,0.017808058557923525
11499,Suityourselfboss,0.06355690718029719
11499,Roderick,0.0009067575996148427
11499,Jackandthefox,0.03698790380465678
11499,Knockmore Prince,0.06915771841259953
11499,Royal Tribute,0.07655746743308066
11500,Keldeo,0.104422775333317
11500,Frank The Spark,0.24784915639162228
11500,Darlo Pride,0.336176778961529
11500,Ganesha,0.05440312824944388
11500,Gustav Graves,0.19440683666977537
11500,No Speed Limit,0.06274132439431244
11501,James Henry,0.0496595120167382
11501,Dream Today,0.056940082927953384
11501,I'm Spartacus,0.16885458645576604
11501,Hero Of The Hour,0.08043532936742474
11501,Devil's Angel,0.003446659085108391
11501,Velvet Skies,0.02653230207638459
11501,Macadam's Rock,0.025302159518952236
11501,Winemaker,0.26032563199844083
11501,Happy For Evva,0.002992456442886747
11501,Moonhall Lass,0.002371453354628633
11501,Hasiyna,0.07871092704946785
11501,Gimmieminnie,0.020816433554261448
11501,Rattletheonionbag,0.22361246615198677
11502,Sibyl Charm,0.18889241399121628
11502,Kats Bob,0.2667001263036716
11502,Prince Of Bel Lir,0.1269781706012042
11502,Asadjumeirah,0.11084560415849255
11502,Wild Mountain,0.07037829601512115
11502,Tantomile,0.23620538893029422
11503,Jerandme,0.044718929825024935
11503,Palamon,0.0007332935086549951
11503,Aird,0.09153896409279731
11503,Grappa Nonino,0.0010254964107609208
11503,Scott Lang,0.13055324023908735
11503,Inchiquin Maid,0.2088759031030758
11503,The Truant,0.10034190432835795
11503,Beauforts Storm,0.006968524800892117
11503,Nusra,0.14437217350767942
11503,Warrior Lion,0.016988152709236027
11503,Wrecking Ball Paul,0.1286514725183994
11503,Influential Lady,0.03559609889042974
11503,Indulging,0.0896358460656041
11504,Dromore Glory,0.27484296068349384
11504,Highland King,0.02497532690606375
11504,Burvea,0.0010073166982848326
11504,Gardone,0.19087900162159707
11504,Slowdownbarney,0.07848231812888067
11504,T Or Coffey,0.18717351339936722
11504,Randall Poets Lass,0.00409657251992247
11504,Rock Basher,0.2154216872188894
11504,Noble Expression,0.022061587168379818
11504,Tastyee,0.0010597156551209392
11505,King's School,0.22720632043520544
11505,Tasever,0.09117879579887218
11505,Streak Lightning,0.10264923097604715
11505,Power Of Zeus,0.08649821179935338
11505,Rebecca's Girl,0.22155394843528045
11505,Gundogan,0.13189386098148137
11505,Bobby Joe Leg,0.13901963157375988
11506,Volatile Analyst,0.1973355900625764
11506,Mythical Rock,0.17308632269012708
11506,Albion Power,0.0011930739297345444
11506,Enough Already,0.1091368170882094
11506,Morning Approach,0.04377352229134772
11506,Tribal Moon,0.09723424870524179
11506,Church Mountain,0.04581837300228447
11506,El Bello,0.04517808212168362
11506,Little Empire,0.055113160810588493
11506,Comfort Line,0.2321308092982066
11636,Keats House,0.1500071572237666
11636,Ardaddy,0.08817460913547084
11636,Groundhog,0.11954312656598247
11636,Rosezan,0.002004694532204423
11636,Ottoman,0.0068288540971914325
11636,Hill O Rue,0.05203750129706131
11636,Sanbona,0.06729396078523779
11636,Flamborough Head,0.12945333380792362
11636,Amber Honey,0.0605724567066562
11636,Hashtagnotions,0.23118169208402772
11636,Heartened,0.09290261376447755
11637,Marbush,0.20811656364197947
11637,San Juanito,0.2236956160076927
11637,Lazieelunch,0.07835081169186488
11637,Manara,0.1933967688300539
11637,Enrolled,0.222223701752595
11637,Bentbasa,0.07421653807581402
11638,Toralou,0.04368243394864867
11638,Stratocracy,0.0451169086826178
11638,Roaring Ralph,0.10636089975460906
11638,Swiss Ace,0.14751878852828673
11638,Pallas Lord,0.10276393758548479
11638,Havana Prince,0.17958193089700922
11638,Highland Olly,0.07525303861350068
11638,Quintus Arrius,0.03912624187049229
11638,Ideal Guest,0.029342149583826086
11638,Ahamoment,0.10792667493300478
11638,Heavenly Heather,0.03225969258755547
11638,Alfie Boy,0.04303273863601477
11638,Yorkshire Glory,0.0480345643789496
11639,Phoenix Beach,0.12766301219304674
11639,General Assembly,0.24906172970567209
11639,Watermelon Sugar,0.1232120020314796
11639,Jojo Rabbit,0.051156028636558236
11639,Rosenpur,0.11240446310100576
11639,Aces Wild,0.13866095419222046
11639,Cabeza De Llave,0.0637629872532194
11639,Level Up,0.04924296385512105
11639,Walking On Clouds,0.023831627765604713
11639,Gustav Graves,0.06100423126607193
11640,Mr King,0.13258817595446004
11640,Barefoot Warrior,0.18055908240568244
11640,Theme Park,0.0072254927262876915
11640,Austrian Theory,0.08722360127162387
11640,Cruyff Turn,0.08718369671449903
11640,Good Morning Alex,0.06086971628486367
11640,Great Blasket,0.0958074537365967
11640,Barley,0.062030242656667484
11640,Empire Of Light,0.05417522399782453
11640,Hale End,0.04397051018556881
11640,Classic Encounter,0.14736948992640372
11640,Reidh,0.04099731413952206
11641,Bungle Bay,0.13850422216229372
11641,Penny's Spirit,0.014765687021897806
11641,Smasher,0.08627329575708328
11641,Charlatan,0.101472796846171
11641,River Wharfe,0.029285760407699906
11641,Candy Warhol,0.019943189942367705
11641,Ya Rayah,0.1298631020475149
11641,Bold Suitor,0.3328593058664805
11641,So Chic,0.001263193832931734
11641,Diligent Henry,0.1045888751775318
11641,The Cola Kid,0.041180570938027745
11642,Didaar,0.01605544503743716
11642,Capla Lazarus,0.06802246914299975
11642,Titainium,0.18662629280709161
11642,Mister Daydream,0.07480844009213881
11642,Lechuga Lad,0.23238227624409372
11642,Highwaygrey,0.06514039144420233
11642,My Harrison George,0.1023284255220598
11642,Elemental Eye,0.06130679156229548
11642,Kaaress,0.08217156832357378
11642,Stand Strong,0.11115789982410756
11643,Swinging London,0.06477076718463444
11643,Banderas,0.07625671251978118
11643,Standbackandlook,0.2927851180910537
11643,Forest Spirit,0.32612887782508343
11643,Liberated Lad,0.04242941757964915
11643,Cogital,0.011695886066904302
11643,Sydney Seabreeze,0.11556921738006368
11643,Slowdownbarney,0.07036400335283007
11644,Salaria,0.462881337468889
11644,Magic Topissima,0.17168265817786454
11644,Aurelius Maximus,0.07788417327125655
11644,Call Me Audrey,0.06001373862347607
11644,Owt For Nowt,0.0012656395058223521
11644,Precious Spartan,0.06906293200147014
11644,Spirit Of Murray,0.10691731039410086
11644,Cuda Been A Rowlex,0.019021675709395947
11644,Bear Baby,0.0312705348477246
11645,Serious Look,0.06322254071747767
11645,River Alwen,0.20660344939219905
11645,Star Of Jupiter,0.07991993040069909
11645,Port Noir,0.15015782253194487
11645,Bitcoin Profit,0.07825422541590273
11645,Dash Power,0.16756356668148767
11645,Lhebayeb,0.002038852282876868
11645,On Locust Point,0.07360732950515385
11645,Bay Of Naples,0.16248840321930338
11645,Exceptionality,0.01614387985295484
11646,Strategic Fortune,0.020206537120420205
11646,Desiderata,0.26012217729739073
11646,The Pug,0.1948650483085767
11646,Cryptos Dream,0.16449939402306463
11646,Trusty Scout,0.03254185567983942
11646,Sir Laurence Graff,0.0944763553674811
11646,Possible Ambition,0.0016575650007325856
11646,Mykonos St John,0.045212010265178425
11646,Pop Noodle,0.13952770039900644
11646,Dors Delight,0.04689135653830968
11647,Saffredi,0.0757437587014778
11647,Bomb Squad,0.09948753916693522
11647,Alafdhal,0.05393593902242012
11647,White Umbrella,0.10665453968285081
11647,Some Nightmare,0.05007774682587345
11647,Nubough,0.013870338668665834
11647,Radiant Angel,0.046978566726417315
11647,Papa Don't Preach,0.08206320883164668
11647,Autumn Angel,0.07127550840449273
11647,Outer Edge,0.12577932311204804
11647,State Of Madness,0.11014791472038106
11647,Supernova Steps,0.1259886580655423
11647,Global Effort,0.037996958071248685
11648,Crack Shot,0.11716238724935801
11648,Hieronymus,0.06355161434358306
11648,Racingbreaks Ryder,0.039361852304108144
11648,Pjanoo,0.10031979659113932
11648,Noble Order,0.0005395306655254416
11648,Rogue Encore,0.1426100774735987
11648,Atlantic Gamble,0.10040533787478369
11648,Brasil Power,0.11727920750329197
11648,Lessay,0.07323211173574803
11648,Ata Rangi,0.16162423226763464
11648,Enthused,0.051620306492792443
11648,Rhythm N Rock,0.032293545498436375
11649,Strike,0.03991894183316315
11649,Future Cutlet,0.01800306728884426
11649,Hodler,0.019888139925592976
11649,Arctician,0.07394387332119975
11649,Perennial,0.08069448246617071
11649,King Cabo,0.015202283894719592
11649,Berry Clever,0.1359753082231477
11649,La Fleur Petrus,0.058802245836111
11649,Al Ameen,0.09297266246497603
11649,Chifa,0.023469733528609076
11649,Mbappe,0.1360024020764609
11649,Soar Above,0.02406516769538222
11649,Stacey Racey,0.2810616914456225
11650,Carbine Harvester,0.1392497694086127
11650,Santa Savana,0.07385527140227598
11650,Brosay,0.09338534498803554
11650,Jewel Of London,0.19325377059870247
11650,Wheels Of Fire,0.025637350824240533
11650,Proudly Yours,0.05867368826627575
11650,Ardennes,0.032862291055526974
11650,Noble Victory,0.12020626851571124
11650,Pont Neuf,0.09556703217030092
11650,The Flying Seagull,0.13134472006329925
11650,Tattie Bogle,0.035964492707018576
11651,Zoran,0.07271837859623972
11651,Robusto,0.12308508464830643
11651,Artisan Dancer,0.1387729975176245
11651,Rogue Tornado,0.21895700192200132
11651,Cinnodin,0.1564665753573999
11651,Hebridean Nomad,0.28999996195842814
11652,Solanna,0.10146948723989004
11652,Foreseen,0.13545472363241887
11652,Nowhere,0.10713346633645623
11652,Versatile,0.019827099431245544
11652,Laser Focus,0.07964669258999259
11652,Golden Dove,0.027028838926070057
11652,Imperial Cult,0.052095093076191555
11652,Dibble Dabble,0.12616374966361463
11652,Birthday Angel,0.18101605675411425
11652,Bye Bye Salam,0.0644887277791354
11652,Egoiste,0.08602310023278094
11652,Yes Sir,0.019652964338089912
13230,Fiorella Princess,0.0061140512543428685
13230,Dandy Magic,0.1760236994526738
13230,Blinky,0.19609774732203747
13230,Star Chorus,0.29958279024713313
13230,Oakley Boy,0.1382175366207886
13230,Fallen Soldier,0.0403325561943244
13230,Startling,0.08778328028536346
13230,Atherstone Beau,0.05584833862333633
13231,Illucidate,0.010341827840631722
13231,Percy Willis,0.38915590525223465
13231,Humble Spark,0.42105557200400706
13231,Show No Fear,0.17944669490312665
13232,Rhythm N Hooves,0.13307544185601658
13232,Mondammej,0.31363619855081815
13232,Sugar Hill Babe,0.15262147357848654
13232,Dark Kestrel,0.12596732225183555
13232,Our Absent Friends,0.06792671920640349
13232,Strong Johnson,0.08585962544187045
13232,Parisiac,0.12091321911456927
13233,Powerful Response,0.03723650723460122
13233,Kalikapour,0.06728275674475126
13233,Parish Councillor,0.12126339587172016
13233,Russian Virtue,0.0608592021880092
13233,Annandale,0.2471371173343924
13233,Sandret,0.28857331215888515
13233,Burglar's Dream,0.12621320690498375
13233,Racing Vicar,0.028855289740019694
13233,Dundory,0.022579211822637314
13234,Red Maids,0.128251060660758
13234,Beattie Is Back,0.08343802108133222
13234,King's School,0.12175739196179738
13234,Commander Of Life,0.13096467151626784
13234,Starliner,0.055294974594890356
13234,Barnaby,0.09423104319269296
13234,Petra Celera,0.03770813428742631
13234,William Dewhirst,0.24832707424890557
13234,Alreet Cha,0.0705159309944159
13234,Homer Stokes,0.029511697461513352
13235,Ahamoment,0.11760672811838897
13235,Wyvern,0.04427947556574725
13235,Rebecca's Girl,0.26212943316059445
13235,Drafted,0.12732408914939325
13235,Tasever,0.032521214737832524
13235,Belle Flora,0.06195956782984641
13235,Drakeholes,0.11577993996062032
13235,Pallas Lord,0.15896252624076285
13235,Keep Me Stable,0.05370206693904052
13235,Marcello Si,0.025734958297773582
13236,Tyger Bay,0.07792353883597385
13236,Above,0.10885224555713509
13236,Hierarchy,0.040344197900520636
13236,Grenham Bay,0.2415214417063619
13236,Gundogan,0.1225081677111368
13236,First Company,0.03195633623109369
13236,Mighty Gurkha,0.015803856825667702
13236,Big R,0.1413886297070276
13236,Roach Power,0.02247045028234696
13236,Runaround Sioux,0.1547037627767896
13236,Man On A Mission,0.04252737246594624
13237,Saturnalia,0.15559754825734626
13237,Timetobenice,0.07142438573271406
13237,Monopolise,0.20861212697050077
13237,Mond,0.08513377002288676
13237,Clipsham La Habana,0.09543869604939136
13237,Drumstick,0.14859426110254187
13237,Bernadine,0.03612892255615417
13237,Beauty Generation,0.09307443651263736
13237,Profitman,0.0067959192236613265
13237,Night Arc,0.030434599223375415
13237,Shamardal Star,0.02932187998033646
13237,Taskheer,0.03944345436845414
13238,Beccali,0.4920123025830727
13238,Molveno,0.17432644459752944
13238,Hippocratic Oath,0.28808098002607624
13238,Northwest Passage,0.04558027279332152
13239,Robusto,0.0649444689932782
13239,Zoran,0.08684808126180033
13239,Jack McNamara,0.32906775182815484
13239,Golden Flame,0.15312924379443832
13239,Haaland,0.0949366028207748
13239,Poncho,0.08761721423999268
13239,The Craftymaster,0.10684106391885849
13239,Francesco Baracca,0.07661557314270243
13321,Northern Ruler,0.10012497550384868
13321,Gaassee,0.1105165036862347
13321,Knockbrex,0.1311831163695049
13321,Sea Legend,0.036811473902250154
13321,Wind Your Neck In,0.06963186970887059
13321,Plage De Havre,0.3192346190901404
13321,Midnight Lion,0.23249744173915063
13322,Asgard's Captain,0.13458710792698309
13322,Royal Approval,0.274049565381947
13322,Yokohama,0.11301162944872968
13322,Charlie's Choice,0.20756481931468954
13322,Westernesse,0.08259590259656728
13322,Beatrice Shilling,0.06923024733243191
13322,Humble Spark,0.11896072799865162
13323,Dakota Power,0.10856513947202956
13323,Charencey,0.10884261527972973
13323,Show Biz Kid,0.03739631022438446
13323,Yeoman,0.17857464483546961
13323,Urban Road,0.10558737284822335
13323,Calanthe,0.19230401634077454
13323,Outsmart,0.01619954253800195
13323,Poetic Force,0.04719306291736107
13323,Silk Bird,0.02179590297536528
13323,Diffident Spirit,0.18354139256866037
13324,We Never Stop,0.18105461327677205
13324,Michaela's Boy,0.178277385581378
13324,Hiya Maite,0.16661921077222186
13324,Almaty Star,0.08512296394398888
13324,Airman,0.0554917465886909
13324,Existent,0.08267379809212312
13324,One Night Stand,0.09427795898897295
13324,Night On Earth,0.06116783208957351
13324,Dark Kestrel,0.09531449066627865
13325,Blast The Dream,0.2095950951661729
13325,Lady Mariko,0.19379000092638507
13325,Golden Thorn,0.22789245608224576
13325,Mayor Of Maghera,0.04967154129208909
13325,Saxonia,0.12201922066015906
13325,West Tyrone,0.0749967724706742
13325,Bantz,0.12203491340227399
13326,Crafter,0.08029097159455256
13326,Meet Me In Meraki,0.14017724621451652
13326,Prince Ali,0.06108367763048116
13326,Sense Of Worth,0.043815980073471726
13326,Egoiste,0.1713873394501168
13326,Chourmo,0.03933961499483085
13326,Tasmanian Legend,0.19412853875949143
13326,Green Power,0.14263411429643613
13326,Book Of Life,0.1011088333079841
13326,Simply Red,0.026033683678118747
13327,Gustav Graves,0.23719763645304462
13327,Better,0.08266689615910967
13327,Forest Gunner,0.25041823861982626
13327,Sugar Baby,0.16411786586207522
13327,Three Beauz,0.24117355320532838
13327,Ballysax Lil' Mick,0.02442580970061579
13328,Overnight Oats,0.3389944737218318
13328,Autumn Rose,0.1164956364987348
13328,Bint Havana Gold,0.23536307044733898
13328,Diddy Man,0.015172949217199347
13328,Romanovich,0.04246810528947306
13328,Bomb Squad,0.1380904964980433
13328,Plumette,0.0952614337412702
13328,Heavenly Fire,0.018153834586108537
13329,Tomorrow Day,0.33825293537003787
13329,Piloto Pardo,0.07727467101930384
13329,Bella Kopella,0.13988346285125033
13329,Captain Vallo,0.05198218326381367
13329,Show Me Show Me,0.0873830216817569
13329,Rebecca's Girl,0.1745668859997589
13329,The Gay Blade,0.1306568398140787
13330,Emaculate Soldier,0.07533412188095394
13330,Chase The Dollar,0.03479128946910369
13330,Kinetic,0.2573242079555503
13330,Without Compromise,0.10551792501409271
13330,Mount Olympus,0.08394729826339607
13330,Trojan Storm,0.04970674173968925
13330,Percy Willis,0.07757042643754668
13330,Alfheim,0.0804815835964364
13330,Educate,0.018987619772816707
13330,Man Of Riddles,0.03854494540649426
13330,Khangai,0.17779384046391997
13411,Kingdom Come,0.09885759014464683
13411,Symbol Of Light,0.030599097071191867
13411,Two Tempting,0.06425899257797348
13411,Whip Cracker,0.15799217811704425
13411,Final Voyage,0.10826923051251736
13411,Local Hero,0.08910106148475191
13411,Tolstoy,0.002457166650562465
13411,Farasi Lane,0.06897479535430212
13411,Silent Age,0.041316317628196625
13411,Great Chieftain,0.02458490169182275
13411,Bajan Bandit,0.04484231165731529
13411,Zoffandia,0.268746357109675
13412,Brunel Nation,0.2433062877744532
13412,Intervention,0.06587157943789991
13412,Follow Your Heart,0.15163472451943527
13412,Pressure's On,0.19678663189605605
13412,Court Of Session,0.03319773023243114
13412,Enthused,0.12896947903838277
13412,Thapa Vc,0.12470097829830488
13412,Harbour Vision,0.02674331553093736
13412,Three Yorkshiremen,0.028789273272099555
13413,Probe,0.07149769476968489
13413,Silky Wilkie,0.09319917286883815
13413,Knebworth,0.14822720084406724
13413,Sir Les Patterson,0.09551122693015303
13413,Grant Wood,0.03323752142387809
13413,Brooklyn Nine Nine,0.04240423711550218
13413,Twilight Romance,0.057988593378507286
13413,Monsieur Beaulieu,0.13571339196591337
13413,Habooba,0.16193876980623798
13413,Cargin Bhui,0.16028219089721774
13414,Meadram,0.1606777006747434
13414,Bluebottle Blue,0.13633627514443544
13414,Curtiz,0.13786648062859116
13414,Corporate Raider,0.050496075056154346
13414,Harry The Haggler,0.23342241100446534
13414,Major Major,0.2064074489704745
13414,Persian Phoenix,0.07382726193327838
13414,Senseofentitlement,0.0009663465878574106
13415,Hardlass,0.14095335715693344
13415,Bank On Kent,0.1911396718530185
13415,Blue Force One,0.11554332328022696
13415,Hala Joza,0.008824589502840504
13415,Ancient State,0.03505288360236445
13415,Kameko Spirit,0.33096229994951126
13415,La Mer Grise,0.12705121582413917
13415,Miss Campanella,0.05047265883096574
13416,Arthur's Realm,0.06988522503779357
13416,Arcadian Nights,0.11473774577526351
13416,Eagle Day,0.1717824065811001
13416,Son Of Man,0.07703755645223688
13416,Civil Law,0.10511889646020656
13416,Expert Witness,0.028391269609302328
13416,Party Island,0.06130601029046012
13416,Etretat,0.14802141775872857
13416,Laser Focus,0.08956451075374462
13416,Shahbaz,0.13415496128116378
13417,Desert Champion,0.31192094366895917
13417,Just Like Magic,0.058080734871883206
13417,Oakley Boy,0.20959335568542384
13417,Alashos,0.11544790941501307
13417,Commendation,0.1568005203548721
13417,Over Spiced,0.04164386427305261
13417,Fallen Soldier,0.10651267173079586
13418,Nubough,0.001519316369018167
13418,Silky Robin,0.07102244883315706
13418,Papa Don't Preach,0.11431709592820818
13418,Lion Ring,0.34744547762771083
13418,Poetic Jack,0.13004732457889007
13418,Due Date,0.005054972833636681
13418,Bear To Dream,0.05393911396880438
13418,Doves Of Peace,0.04018171781356056
13418,Lilkian,0.090705459490548
13418,Lion's Dream,0.14576707255646615
13419,Stella Hogan,0.08301424529200153
13419,Windsor Pass,0.06863622516007256
13419,Conquest Of Power,0.10614203461769206
13419,Shamardia,0.15071629501675465
13419,Time Patrol,0.051127926686904746
13419,Mond,0.04817340509015111
13419,Colorada Dancer,0.018919219613168073
13419,Ravensbourne,0.3211796484220203
13419,Match Anthem,0.08912166110163669
13419,Mashaan,0.06296933899959835
13420,Kitaro Kich,0.3123323969063735
13420,Born A Rebel,0.0034904161803375
13420,Love Your Work,0.04019619223317633
13420,Outrace,0.09830647472618367
13420,Miss Sunset Strip,0.05115324999154523
13420,Waleyfa,0.10831257459747129
13420,Mr Fustic,0.0011648222023709289
13420,Tasmanian Legend,0.11980995967034422
13420,Angelica K,0.0013053714665385947
13420,River Alwen,0.16732851681909336
13420,Taskheer,0.09660002520656545
13421,Boujee Gold,0.1224906938305023
13421,Velvet Vortex,0.001648807917675006
13421,Tactical Control,0.1046483354376263
13421,We'renotreallyhere,0.09136898512471252
13421,Heerathetrack,0.12614891708137385
13421,Comedian Leader,0.08064347231321606
13421,Repartee,0.11104946332707781
13421,Laurentia,0.0018070130696431785
13421,Irrelevant,0.0115963104231662
13421,Limelight,0.30365174689105273
13421,Tilsworth Max,0.04494625458395408
13548,Gegenpressing,0.0467779150567268
13548,Hasiyna,0.10989407219445772
13548,Little Mi Mi,0.0011822148393533273
13548,Akeela,0.217199185247797
13548,Stanhope,0.10025453289461111
13548,Dark Willow,0.2735923399078748
13548,Navorrosse,0.013912044205620441
13548,Step Back In Time,0.022071162036230232
13548,Lismacbryan Hill,0.21511653361732863
13549,Detroit Lion,0.05553961956006591
13549,Value Added,0.04235643222214306
13549,Ribble River,0.08288819361604968
13549,Billy No Mates,0.019354241698992258
13549,Trapper John,0.19241447516884327
13549,Vampire Slayer,0.07503443722763127
13549,Sonning,0.039015469084975864
13549,Greenlightforgo,0.05623640441207371
13549,Mr Zippi,0.15984636075161704
13549,Letmeseethecolts,0.2773143662576079
13550,Glory And Honour,0.14783399704873162
13550,Royal Deeside,0.07721556701129022
13550,Pigeon House,0.25460098804570236
13550,Diamand De Vindecy,0.2403387085429031
13550,Bamboo Bay,0.2800107393513727
13551,Star Harbour,0.022580354945129895
13551,Bay Of Sanibel,0.1760726510760301
13551,Poetic Sound,0.3727067480912313
13551,Saturn,0.1354898307669323
13551,Mo Ghille Mar,0.08349232062850173
13551,Mordor,0.20965809449217465
13552,Dream Composer,0.05742470597837175
13552,Venture Capital,0.1210824520122343
13552,Manila Scouse,0.049931497979989435
13552,Nazron,0.060555131416176924
13552,Ventura Express,0.09367364977478698
13552,Vince L'Amour,0.10866518736235646
13552,Fahrenheit Seven,0.08290644446648511
13552,Intervention,0.13789466863755742
13552,Brooklyn Nine Nine,0.13818757684774483
13552,Wen Moon,0.14967868552429672
13553,Tudor Manor,0.09401979882919755
13553,Churchwarden,0.0108672838539435
13553,Duke Of Leggagh,0.03618338593086766
13553,Imarajan,0.10331318407219604
13553,Scott Lang,0.14593329966690155
13553,Inchiquin Maid,0.11626156408452683
13553,Viceregent,0.009177728145608889
13553,The Truant,0.08091587540908549
13553,Billie Frechette,0.2380113369632122
13553,Makaiah,0.12182958170988864
13553,Bynx,0.043486961334571854
13554,Lesley's Boy,0.13219568753418787
13554,Dark Cloud Rising,0.1516665503324514
13554,Cayman Tai,0.048603059488801045
13554,Peter The Wolf,0.054213673216194386
13554,Fan Mail,0.12819002630719445
13554,Middleton View,0.17753224555543454
13554,Scatter Penny,0.06675330238734005
13554,Invitorio,0.12791134625285647
13554,I Need Your Love,0.11293410892553976
13555,South Shore,0.12089356942159095
13555,Torfrida,0.14291987025519773
13555,Wrestling Revenue,0.02807014856743491
13555,Herakles,0.10476749658501298
13555,Doddie's Impact,0.1468034370760861
13555,King's Crown,0.04905846278029721
13555,Crocodile Power,0.19755452748303415
13555,One More Dream,0.02133129476890482
13555,Mrs Trump,0.09049843005936568
13555,Ifonlytheycudtalk,0.0981027630030754
13556,Secret World,0.09170455123940884
13556,Tuba,0.05460263448955853
13556,Yes Oui Si,0.07158337358426564
13556,Heliogabalus,0.05630661941854797
13556,Summer Snow,0.1221536640387317
13556,Church Mountain,0.056377726868054846
13556,Out On Friday,0.02263781130060815
13556,Seti,0.31793252729991006
13556,Purple Sky,0.013409219281175963
13556,Rain,0.04343802428846417
13556,Hurricane Helen,0.08399454596839742
13556,Step To Somewhere,0.04595778881397712
13556,Harseva,0.019901513408899677
13557,Livio Milo,0.21925277370868881
13557,Yaajooz,0.14191390691831987
13557,Partisan Hero,0.06334543031628188
13557,Shaladar,0.15419988094703874
13557,Finn Russell,0.29324462053509126
13557,Masqool,0.08183388065254106
13557,Milteye,0.04620950692203835
13558,Glinka,0.09556655871326034
13558,All Right By Me,0.07582369880988364
13558,Booklight,0.06020944344762631
13558,Angelo Pio,0.046166193109801135
13558,Palmezzano,0.08927229104106103
13558,Antoine De Paris,0.08132222548328573
13558,Junkyard Dog,0.10058914817494717
13558,Sottsands,0.0251506544098079
13558,Live Like The Boss,0.03108375246364135
13558,Ice Jet,0.014290718339709938
13558,One Of A Kind,0.047682160139678874
13558,Baila Conmigo,0.060786606328361685
13558,Your Call,0.12189803581090593
13558,Johnny's Oasis,0.010580877170841335
13558,Blondina,0.005056540261415148
13558,Real Petite,0.0040546902469505465
13558,Elvetham,0.03295614283384417
13558,Buck Barrow,0.09510049932617938
13558,Let Her Cook,0.0024097638887984325
13559,Educate,0.0335060018386527
13559,Kalikapour,0.036510315155646456
13559,Hawa Jumeirah,0.10426001041900244
13559,Rubellite,0.0971802804756101
13559,Tazaman,0.06397696407865476
13559,Ana Emaraaty,0.22333623072894115
13559,Lednikov,0.10949434885074134
13559,This Time Maybe,0.09778676665282214
13559,Forglen,0.18367028667767504
13559,Lumberjack,0.05027879512225388
13560,Eager Puccini,0.045640053402571046
13560,No Release,0.14788048632952744
13560,Ballarat Bertie,0.2663167475499967
13560,Magna,0.11204788273328214
13560,I Can Boogy,0.08334542580020132
13560,Mission In Malton,0.026579865174758577
13560,Big Gypsy King,0.04826177391270459
13560,My Boy Harry,0.08785334913305284
13560,Clipsham Noble,0.15919058250215803
13560,Pretty Spirited,0.02288383346174733
13561,Delicacy,0.07813929166736658
13561,Biplane,0.010680376846729244
13561,Blufferonthebus,0.040854428738778086
13561,Art Patron,0.109927622289178
13561,Zizi,0.18473580254402008
13561,Eliza Bennet,0.134226805935383
13561,Calaxy,0.08063195453889367
13561,Veraison,0.02783627990376781
13561,Party Bear,0.13023589845421493
13561,Paint The Town Red,0.15285497146459373
13561,Cushty,0.0498765676170747
13562,Disclosure,0.23548794727184524
13562,Billy McGarry,0.12708343305395067
13562,Just Rita,0.04972427112623205
13562,Jack Daniel,0.032873535254344485
13562,Angelica K,0.009061294969085063
13562,Heretic,0.10646253236488541
13562,Mickey Mongoose,0.053078907211825455
13562,Copper Mountain,0.11165251841080871
13562,Royal Jet,0.05858127261344646
13562,Timebar,0.17891243246200644
13562,Beautiful Dawn,0.005961157651531469
13562,Mr Stanley,0.013318679475132093
13562,Twistaline,0.017802018134906734
13563,Philanthropist,0.12878960533861733
13563,Kirkdale,0.17145233421366754
13563,Prince Of India,0.11261708822952572
13563,Nahash,0.007531270413311293
13563,Stenmark,0.07802086434957914
13563,Stapleford Park,0.09713460099580142
13563,Captain Harry,0.059609698302209774
13563,Platinum Crystal,0.12100230178688373
13563,Dandy Magic,0.09447689488296818
13563,Juba,0.12936534148743575
15087,Knockbrex,0.3090924266107347
15087,Vibrato,0.268628670659446
15087,Epsom Faithfull,0.13382700462400726
15087,Hitched,0.1843556949830028
15087,No Surrender,0.10409620312280923
15088,Douglas Dc,0.1528556086719913
15088,Paradoxical,0.15324718188926492
15088,Seraphic,0.11467959190896941
15088,Another Beautiful,0.060488726666633304
15088,Kojin,0.04763383976100122
15088,Forge Valley Lad,0.14804929567866942
15088,Moon Over The Sea,0.20459795413792428
15088,Lost In Time,0.1157106296597068
15088,Hello Sweety,0.002737171625839374
15089,Tadreeb,0.30599155598087846
15089,Fools Rush In,0.4245671119547574
15089,Poetic Force,0.16189580496945924
15089,Go Wild,0.10754552709490488
15090,Brosay,0.014644865458796135
15090,Ardennes,0.10027976984141815
15090,Dream Voyage,0.06832721346013768
15090,Amerjeet,0.11262016432195869
15090,Sergio Parisse,0.16333737924061295
15090,Carbine Harvester,0.18937453520432185
15090,Berkshire Kameo,0.23515744968949218
15090,Rock N Roll Rocket,0.11625862278326232
15091,Bowood,0.14016038997194918
15091,Orbaan,0.08577524473607315
15091,Invincible Aura,0.10636097730118664
15091,Master Of Combat,0.2443905713735216
15091,Starshiba,0.42194103952511186
15091,Forca Timao,0.0013717770921574059
15092,Sparkling Belle,0.05211957227473485
15092,Harlington,0.16552857682793964
15092,Come On John,0.33220130628053063
15092,Dubai Harbour,0.2905029522127491
15092,Star Of Sussex,0.0011153350572165835
15092,Villalobos,0.03695991175499693
15092,Init Together,0.12050671151922235
15092,Laurentia,0.0010656340726099749
15093,Send In The Clouds,0.045537933451981004
15093,Major Major,0.21380900885122722
15093,Royal Observatory,0.18715019617176307
15093,Forever Proud,0.27915668047464437
15093,Cracking Filly,0.07611955122981474
15093,Naughty Niall,0.11220072243725968
15093,Danehill Star,0.08602590738330988
15094,Shades Of May,0.10719156423438933
15094,Time Patrol,0.22309124806706848
15094,Comedian Leader,0.055168186783623056
15094,Q Twenty Boy,0.10839816614677619
15094,Zina Colada,0.011940717309674848
15094,Wild Eyed Girl,0.051680849566916084
15094,Captain Dandy,0.0901677206508554
15094,Lucy Lockett,0.1348722052151906
15094,Jazz State,0.07527128920977888
15094,Lord Danielson,0.14221805281572703
15095,Black Smoke,0.06379500087003169
15095,Foinix,0.07632722341530555
15095,Carlton,0.23274941651331732
15095,Alex The Great,0.2660915346868891
15095,Meisterzinger,0.039374816715257166
15095,Oscar Doodle,0.005985636217768984
15095,Mamdoh,0.12633699586459002
15095,Zooks,0.09242955203397968
15095,Rogue Raider,0.0102503576460356
15095,Lumberjack,0.03073290155449087
15095,Leon Trotsky,0.055926564482334094
15096,Made The Cut,0.06433983738485272
15096,Sopelana,0.017061817103043404
15096,The Outlaw,0.2446740597819675
15096,Khutulun,0.12851938947165506
15096,Rumseg,0.06453358172998479
15096,Montbeliarde,0.056444451583154955
15096,Tiny Rebel,0.005242418122096643
15096,Specified,0.09650673913947447
15096,Majestic Heights,0.07999278519134446
15096,Africa Charm,0.08153919739667696
15096,Kings Square,0.0654921485065536
15096,Perfect Ruby,0.06291905059842012
15096,Logical Lady,0.03273452399077534
15097,Once Adaay,0.21899432374131111
15097,Triggered,0.22542265768252645
15097,Zaltalla,0.08389174810715658
15097,Mammy,0.20552509094068036
15097,Adace,0.2068665165707664
15097,Rising Force,0.05929966295755917
15098,Boasty,0.06104485308446803
15098,Phone Tag,0.15198989145608865
15098,Auguste Lumiere,0.24110650223782346
15098,Bohemian Breeze,0.2919448253883133
15098,Solanna,0.06308746408887915
15098,Fihrayn,0.19082646374442735
15361,Latin Five,0.18733082791871108
15361,Dunnington Lad,0.29126108226139347
15361,Ninety Nine,0.04765897984319313
15361,Jamie's Choice,0.009018424510889064
15361,Stroxx,0.07247003301594974
15361,Golden Prosperity,0.19705420033197912
15361,Posh Maisie,0.0011798474392888166
15361,Ustath,0.0050346967597410435
15361,Mews House,0.18899190791885448
15362,Looking For Lynda,0.3098606164045675
15362,Ziggy's Missile,0.21214788517699043
15362,Counsel,0.16743887184447717
15362,Sugar Hill Babe,0.19085561567745518
15362,Spring Is Sprung,0.11545466978563446
15362,Mini Magna,0.0019579728454719326
15362,Dark Kestrel,0.002284368265403488
15363,Until Dawn,0.06680707376928363
15363,Bella Love,0.07458785502172678
15363,Natsumi,0.26514567639874453
15363,Fear And Fast,0.044915179710271126
15363,Jeany May,0.0026457146349692672
15363,Tees Aggregates,0.09318756002978881
15363,The Feminine Urge,0.07196602115719854
15363,Beerwah,0.011175975622598842
15363,Early Release,0.03427127095159295
15363,Fallen Soldier,0.014088178514364247
15363,Coiled,0.1977807516254075
15363,She Went Whoosh,0.020428777860335732
15363,Solar Biricz,0.07622285506606999
15363,Barmyblade,0.026777109637648202
15364,Dutch Gold,0.0749485692361008
15364,Cheeky Wink,0.13793568536092765
15364,Himalayan Heights,0.1689331200332555
15364,Instant Appeal,0.08097148730937304
15364,Shemozzle,0.030690886803207855
15364,Slieve Binnian,0.061134613515747345
15364,Pepper Noir,0.021483145574243107
15364,Quatre Bras,0.01217228261310047
15364,Ozark Daze,0.07257128588154618
15364,Sacred Oath,0.09691123252337815
15364,Solar Breeze,0.07368701559487632
15364,Expound,0.05771571014089804
15364,Pralognan,0.0769050201281829
15364,Migdam,0.0233568003838163
15364,Ard Na Mara,0.010583144901346393
15365,Arctic Fox,0.18549996924416198
15365,Magnetic North,0.09204912228881675
15365,Mon Etoile,0.10056001688327562
15365,Flying Scotsman,0.15025182769733353
15365,Twoforthegutter,0.2819574385337439
15365,Stellarmasterpiece,0.11975585495482395
15365,Mr Globalist,0.006786501354327517
15365,Chantilly Moon,0.06313926904351672
15366,It's Only Fun,0.11294429868312315
15366,Lever Up,0.14063300575772178
15366,Arcturus Flame,0.1279857893820832
15366,Bear Island,0.1963841295006216
15366,Queen Of Good News,0.07809147909316111
15366,English Lady,0.021459387581561733
15366,Bownder,0.15921516313913323
15366,Something Splendid,0.05146460236237219
15366,Mini Mac,0.000834581203080203
15366,Dream Illusion,0.11098756329714171
15367,Zarathos,0.19450644507194817
15367,Play Me,0.15057685019534736
15367,What's She At,0.00288993815264867
15367,Antiquity,0.21988239174509744
15367,Pistrucci,0.034432971088976735
15367,Olivia Jane,0.07189421440721334
15367,Azoozi,0.009556235885075176
15367,Lady Mariko,0.18421153968586265
15367,Duke Orsino,0.13204941376783044
15368,Beltane,0.17906142704717942
15368,Saisons D'Or,0.07247256523274666
15368,Darbucks,0.20110037629288569
15368,Ribble Radiant,0.03125695805812218
15368,Langholm,0.03821757012344568
15368,Desert Dream,0.08701765270657306
15368,Doomsday,0.026810517477398696
15368,American Star,0.058501258795450754
15368,Lion Ring,0.13150337167976356
15368,Coconut Bay,0.06104893148327694
15368,Likeashadow,0.006960406813789792
15368,Miss Willows,0.05621364629435625
15368,Dandy Lichious,0.04227076256781042
15368,Too Much Too Young,0.007564555427200679
15369,Proleek Prince,0.18339756364274212
15369,Desert Haven,0.014677462071627782
15369,Pier Pressure,0.25604409918177284
15369,Comfort Line,0.04954441051552263
15369,The Bear Trap,0.0013910524722834838
15369,Enchanted Garden,0.24050857732335942
15369,Moyassr,0.0359253008134559
15369,Morning Approach,0.041696589343440685
15369,Port Louis,0.02368544201608427
15369,Red Hugh O'Donnell,0.10290887647728386
15369,Tawaazon,0.02831514681166384
15369,Imperial Fighter,0.020882158538666696
15369,Roman Harry,0.0010233207920963946
15370,Go On Rosie,0.03959922097732279
15370,Green Pursuit,0.08480615679128356
15370,Lucius Aurelius,0.17800153128816623
15370,Boyne Lady,0.03149476173950967
15370,Marry The Night,0.1538110356289872
15370,Kisskodi,0.332293468568797
15370,Sharon Curly,0.17999382500593358
15371,Half Nutz,0.12185717690371665
15371,Jurality,0.07513430481655593
15371,Harry The Rogue,0.2624739906261529
15371,Nikki Swango,0.07141865639318808
15371,Are You In Or Out,0.0024568482852328224
15371,Chica Power,0.28439981731815844
15371,Browned Off,0.08302466611335436
15371,Bucky Larson,0.025404551045134564
15371,Deuteronomy,0.036838566660295606
15371,Quiet Affair,0.03699142183821047
15372,Epimeteo,0.15393431941806504
15372,Anglophile,0.07632074855503751
15372,War Hawk,0.20612743131561537
15372,Great David,0.09666444520102366
15372,Sourdough,0.13040395566802618
15372,Pinkarizon,0.014283157024472127
15372,Manyana Blue,0.174552023135646
15372,Gentle Warrior,0.12717591305548534
15372,Darla's Secret,0.02053800662662877
15373,Daytona Lady,0.09362123179883526
15373,Animate,0.10573602774554955
15373,Act Of Violence,0.0887408911906842
15373,Dapperling,0.011271661182969198
15373,Fenlander,0.11197747468800696
15373,Sacred Falls,0.020123930624554722
15373,Mister Sox,0.09955321089785804
15373,Protest Rally,0.05620765052010761
15373,One Of Our Own,0.07571244995252276
15373,Highjacked,0.13186891319205363
15373,Bazball,0.20518655820685824
15374,Guest Star,0.0432478477429143
15374,Si Senior,0.03762818808084156
15374,Still Rolling,0.01294429644977825
15374,Higher Kingdom,0.1864333723391072
15374,Dynamite Defense,0.23330612320746327
15374,Duleek Street,0.06995208171544523
15374,Serengeti Sunrise,0.0026659904516345627
15374,Sayfa Fad,0.0029784766129634654
15374,Slieve Bearnagh,0.22189059807351638
15374,Harbanaker,0.18895302532633568
15375,Born A Rebel,0.2673946309677295
15375,Ballsbridge,0.20526583186759115
15375,Next Trick,0.007647569568924037
15375,Green Power,0.11313403678918628
15375,Double Red,0.0033073780848434137
15375,Fat Gladiator,0.11101344658747869
15375,Ring Of Gold,0.29223710613424714
15376,Yorkshire,0.1898259764865091
15376,Blue Prince,0.17425351504301187
15376,Grand Karat,0.08498673252888383
15376,Aquacell,0.11713613102513612
15376,United Approach,0.1402774626082597
15376,Arctic Thunder,0.13318946509901386
15376,Brunel Nation,0.16033071720918554
15377,Court Drive,0.12839821608984012
15377,Unico,0.000989406429689733
15377,Papabella,0.2926366142390095
15377,Four Adaay,0.222135526634101
15377,Rift Valley,0.13722081816957224
15377,Bermuda Princess,0.14585836732786076
15377,Run To My Side,0.004920934026024879
15377,One For Harvey,0.0668511651979474
15377,Psychodrama,0.0009889518859544002
15378,Summer Of Light,0.03140475066747785
15378,Jack Andrea,0.033055928314751654
15378,Arlecchino's Rex,0.180101034485835
15378,Off The Bench,0.108050077483155
15378,Broadhaven Bay,0.06231174692403777
15378,Take The Boat,0.019721991604202436
15378,Fortunas Dream,0.03909871312345827
15378,California Fling,0.044793263159293696
15378,Yesterday's Gone,0.11332470901759101
15378,Vizzavona Lady,0.07092759328483976
15378,Adversary,0.07514280620428453
15378,Me Tarzan,0.17528314899704636
15378,Lunanova,0.04678423673402677
15379,Houndsworth,0.11966296787055722
15379,Justenzia,0.12883613796061605
15379,West Wickham,0.23704738434953174
15379,Van Aert,0.0047150449174194805
15379,Staffordshire,0.17302344962621263
15379,Godstone,0.07288928943779531
15379,Captain Brett,0.26382572583786773
16868,Corsican Caper,0.05139933004988546
16868,Liberated Lad,0.15227101961191222
16868,Zivaniya,0.14470336896025277
16868,Dark Agent,0.03555176546876323
16868,Breccia,0.1270643925922138
16868,Socialist Agenda,0.2926697542677511
16868,Bamboo Bay,0.08938247513120048
16868,Star Of Markinch,0.04680436727165712
16868,Typewritten,0.06015352664636385
16869,Polemon,0.2116792917210211
16869,Brosna Town,0.0016972339331186755
16869,Autocrat,0.10357215424108905
16869,Eighty Eight,0.24541839249267
16869,Bambeano,0.0016669068124700928
16869,Jazz Forever,0.28993137818753134
16869,Rockview Consort,0.0665872129944715
16869,Rhythm And Tyne,0.0015262004319558738
16869,Nika Pika,0.0757805988325152
16869,Saga Des Aigles,0.00045367937985065946
16869,Figurehead,0.0016869509733063524
16870,Bansha Belle,0.1275641366842943
16870,Lyle The Crocodile,0.048129019268611115
16870,Tomarlo,0.38790930323752304
16870,Weegeebear,0.0015359045724633077
16870,Endless Dawn,0.10230643968705244
16870,Hooz In Court,0.024828527097612647
16870,Movin And Groovin,0.30648058991889293
16870,Drish Samphire,0.0012460795335501988
16871,Clarita,0.20305984689356588
16871,Sayifyouwill,0.15561199687990612
16871,Current Option,0.1998071069575611
16871,Benavente,0.033734787549465774
16871,Duplantis,0.03748676609125523
16871,Nezeeh,0.10069179429238977
16871,Shoot To Kill,0.16037861595077035
16871,Ransom,0.0014074329737295813
16871,May Night,0.0011829853959797506
16871,Superior Force,0.011485907517500935
16871,Ivasecret,0.0026846949122898735
16871,Nikki Swango,0.09105021071751879
16871,Is That Love,0.0014178538680669345
16872,Thunder Star,0.09051573030318794
16872,Dicko The Legend,0.14904102019840876
16872,Darlo Pride,0.1253755108183275
16872,Mumayaz,0.10864584399620647
16872,Sugar Baby,0.0631179169659438
16872,Ramon Di Loria,0.032303593926784176
16872,Gustav Graves,0.2804833944544806
16872,Oriental Prince,0.1505169893366607
16873,Beneficiary,0.18398342676042234
16873,Desert Master,0.211381641511785
16873,Travel Candy,0.021571510044470176
16873,Three Beauz,0.27097275988667824
16873,Beaumadier,0.06810838552904358
16873,Phoenix Star,0.10178373161471306
16873,Gidwa,0.02002456812438158
16873,Stroxx,0.0880366407297465
16873,Rockley Point,0.016790852649050787
16873,The Princes Poet,0.017346483149708727
16874,Beauty Bella,0.1937067899987206
16874,Arthur Rose,0.1717914915347293
16874,Golden Days,0.09727511158999903
16874,Storm Eric,0.0011001740084307925
16874,Eagles Whistle,0.05418336679775684
16874,Villemacho,0.05988739783883157
16874,Zahee,0.11115582881627088
16874,Eastern Capital,0.0018858298205701595
16874,Phoenix Princess,0.0008293067794396561
16874,Rhasidat,0.014306667629253323
16874,Roderick,0.0016782919885635517
16874,Royal Tribute,0.14055874650216882
16874,Turbo Sprint,0.1516409966952655
16875,Nevernay,0.05722268907945909
16875,Tomorrow Day,0.20902977020097796
16875,The Gay Blade,0.10860704356869537
16875,Spartan Fighter,0.09895294172726786
16875,Sir Maxi,0.20779755183788817
16875,Fircombe Hall,0.13888868787674322
16875,Ben Dikduk,0.026441032291754277
16875,Sacred Melody,0.1447174383276437
16875,Dodgy Bob,0.008342845089570528
16876,Free Solo,0.0713091003654245
16876,Latin,0.06610229392334636
16876,Higher Kingdom,0.20393935983318032
16876,Camachero,0.012137926510853965
16876,Bungle Inthedesert,0.17964000717003484
16876,Reclaim,0.19237906454642975
16876,Cousin Shay,0.08759806897198086
16876,Hialeah,0.0768104865454209
16876,Aljadel,0.06731152317639269
16876,Deuteronomy,0.010987655984156209
16876,Jackandthefox,0.03052975016612311
16876,L'immortale,0.0012547628066565493
16877,Fortunate Star,0.2557781429889415
16877,Captain Vallo,0.06325729164799487
16877,King Of The Jungle,0.19599913643548106
16877,Eldeyaar,0.06637319555298148
16877,Sirius White,0.2796038494182319
16877,My Boy Jack,0.09278527952224432
16877,Parson's Meadow,0.04296101577486164
16877,Captain Bentley,0.0032420886592631737
16969,Saturnalia,0.026074350798367417
16969,Finn Russell,0.1501521355328993
16969,Young Fire,0.03374223295897979
16969,English Spirit,0.1083752134274527
16969,Paradoxical,0.2597129759367305
16969,Masqool,0.14533887676258958
16969,Golspie,0.12025418991223658
16969,Wyvern,0.15635002467074405
16970,Counsel,0.21554933407932433
16970,Catch Cunningham,0.08642612190739395
16970,Ecclesiastical,0.06910554326724035
16970,Darlo Pride,0.142563539575896
16970,Angel's Call,0.017765837814617075
16970,Gogo Yubari,0.1920144931213765
16970,Jeans Maite,0.11912802992043343
16970,Buraback,0.1574471003137184
16971,Panama Black,0.3741105540940355
16971,Scarlet Sunset,0.09828418295460671
16971,Packetofbiscuits,0.1946187591803375
16971,Northwest Passage,0.06570566626499168
16971,Flaine,0.11286981763476171
16971,Jonny Garlic,0.15441101987126687
16972,Mariner,0.10442078282325482
16972,King Of Speed,0.18582397992209884
16972,Snooze Lane,0.09555396285190473
16972,Marioento,0.12372642060975016
16972,Made All,0.020816762276887453
16972,My Brother Mike,0.1245401557862057
16972,Ravenglass,0.1657734584662397
16972,Till It Shines,0.028047571542974544
16972,Conquest Of Power,0.1512969057206841
17067,Market House,0.34526738648996097
17067,Flying Scotsman,0.36192501177505015
17067,Night Bear,0.14780128846892743
17067,Bella Bluesky,0.044171467218933017
17067,On The Bubble,0.10083484604712846
17068,Bandello,0.09372059936226387
17068,Neptune Legend,0.1854271576848234
17068,Keep Me Stable,0.09095588721098646
17068,Elettaria,0.010620285802736107
17068,Bossy Parker,0.2096281028900903
17068,Made All,0.11168349560612997
17068,Likeashadow,0.009519988470644376
17068,Fistral Beach,0.15137566181998105
17068,Yaahobby,0.09910777257414552
17068,Barney's Bay,0.03796104857819902
17069,Bay Of Dreams,0.15037986267078027
17069,Miakoda,0.1705914992650473
17069,Zadkiel,0.15246238999914316
17069,Precious Spartan,0.0315931037470322
17069,Hashtagnotions,0.08236648447719337
17069,No Release,0.09576531708204293
17069,The Kamikaze King,0.1925555916911205
17069,Magna,0.0711678689457352
17069,U S Grant,0.05311788212190499
17070,Tickets,0.17592042229487687
17070,Profit Street,0.10158201038824145
17070,Beneficiary,0.11666143249418132
17070,Arc Shadowfax,0.07351723911439952
17070,Asadjumeirah,0.15502058183328346
17070,Spartan Fighter,0.06864117338376287
17070,Mayo County,0.06717532465126816
17070,Blackcurrent,0.17218368699341988
17070,Vivency,0.06929812884656655
17180,Countess Candy,0.1304804850537489
17180,Meleri,0.18068913764136377
17180,Darysina Gold,0.29695502955538006
17180,Molly Valentine,0.1119774642487517
17180,Nivelle's Magic,0.11243518427631627
17180,Sea Of Charm,0.14441439668862716
17180,Regal Glory,0.023048302535812158
17181,Thapa Vc,0.15199792093033795
17181,Mister Mojito,0.2746421474482101
17181,G'Daay,0.2272464185800568
17181,City Cyclone,0.05902122692817149
17181,Royal Pleasure,0.03404775575645126
17181,Harbour Vision,0.01506857982159502
17181,Tomorrow Day,0.11979140527670852
17181,Mount Mogan,0.005558349640062818
17181,Lilkian,0.06954683147303133
17181,Rogue Thunder,0.04196572389438674
17181,Kapparis Kid,0.001113640250987943
17182,Harb,0.21862587191046523
17182,Coolagh Magic,0.13429338594395487
17182,Midnightattheoasis,0.23560219990943385
17182,Mick's Spirit,0.1195495223257504
17182,Recon Mission,0.1771848273224633
17182,Battle Point,0.1147441925879323
17183,King Chaos,0.14153255853949814
17183,Creatif,0.17514737635585603
17183,Cougar,0.09085418117615039
17183,Sea Legend,0.1284147510400222
17183,Ninth Life,0.0836339315039306
17183,Molinari,0.33743170130662486
17183,Cusack,0.04298550007791785
17184,Woodhay Whisper,0.04265912344539088
17184,Rock Master,0.10637282813206667
17184,Ancient State,0.07152591918072958
17184,Royal Accord,0.22860703525642223
17184,Sarabi,0.267113617665284
17184,Top Biller,0.061727350258079836
17184,Sunny Time,0.04559368983968327
17184,Hala Joza,0.036448904270934224
17184,She's A Dark Horse,0.12447541901181465
17184,Bluesy Moon,0.015476112939594585
17185,Bellator Bullet,0.3482899220348012
17185,Bruce Banner,0.2587856580250431
17185,U S Grant,0.2807254784627721
17185,Max The Tiger,0.11219894147738359
17186,Eva Dickson,0.2443714116018247
17186,It's Life,0.01012397759530995
17186,Dandy Khan,0.1300567230316458
17186,Skyelight,0.10685699393798406
17186,Spoilt,0.024018422806327027
17186,Backer Bilk,0.16726656343028654
17186,Muy Muy Loco,0.1384289092485092
17186,Boundless Poet,0.0016457867228136663
17186,Sharma d'Amour,0.177231211625299
17187,Arnhem,0.05864319741122445
17187,Secret Guest,0.09132995972628466
17187,Gressington,0.08676417793481046
17187,Solar Aclaim,0.04518137211354152
17187,Grant Wood,0.10055913026448891
17187,Tough Enough,0.03735795714897066
17187,Monks Dream,0.07506334050237323
17187,Flying Fletcher,0.0664527612487848
17187,Ormolulu,0.09179156749619717
17187,The Turpinator,0.04219916929257755
17187,Jenever,0.08821219231432616
17187,Jungle Land,0.14808129192872443
17187,Lethal Nymph,0.06836388261769573
17188,Bow Street,0.08382359242622245
17188,Francis Drake,0.24337214945027688
17188,Startling,0.11689830842226197
17188,Captain Pickles,0.08411027746829981
17188,Azuinthejungle,0.11256486295061517
17188,Snow Creek,0.16060796894754317
17188,Andalprofit,0.0366289766338024
17188,Sun Keeper,0.10469924562841351
17188,Hidden Verse,0.05729461807256472
17189,Thats My Boy Luke,0.0819020611948713
17189,Cuban Fiesta,0.07518909553760143
17189,Rooska,0.10779810308985602
17189,Jumeira Vision,0.06387909435885988
17189,Odd Socks Havana,0.06965591716063804
17189,Impeach,0.10884392402951072
17189,Going Underground,0.34431529716522546
17189,Pop Favorite,0.057522088525152254
17189,Yaahobby,0.09089441893828498
17190,Wait And Hope,0.03219177511424659
17190,Just Typical,0.21219279814751607
17190,Spartan Fighter,0.17624093790208015
17190,Urban Dandy,0.06634248819808768
17190,Coramento,0.32091653501087797
17190,Anif,0.1336322771468533
17190,Millbuie,0.011267021320780977
17190,Rohilla,0.04721616715955729
18750,Tradesman,0.07710274202344705
18750,Alright Sunshine,0.0008607605493242835
18750,Haliphon,0.04306655504968443
18750,Star Legend,0.10040657263080147
18750,Addosh,0.09470723602859066
18750,Delta Legend,0.25855829316194756
18750,Blue Sky Boy,0.00877089327758903
18750,Carlton,0.23774949388092417
18750,Sullivan Bay,0.11275624915257625
18750,Albert Lasker,0.06602120424511504
18751,Sol Cayo,0.26369162438346766
18751,Lerwick,0.21565786318349947
18751,Midnight Lion,0.1730758069933287
18751,Bashful,0.055600615033989484
18751,Urban Road,0.07201567609090094
18751,Alpine Sierra,0.1450319843214824
18751,Royal Blaze,0.023534504968996773
18751,Life On The Rocks,0.05139192502433459
18752,Galileo Glass,0.030157783151480457
18752,Thomas Equinas,0.09440298022326372
18752,Deep Blue,0.04629900770500634
18752,On Locust Point,0.05206831601468847
18752,Till It Shines,0.0897460873242922
18752,Windsor Pass,0.08630247668756164
18752,Jaamir,0.10919478208916311
18752,Rising Force,0.047625979875930514
18752,Imola,0.0006502637093553469
18752,Ravensbourne,0.30776771502980754
18752,Mashaan,0.09181696417294666
18752,Bishop's Glory,0.0439676440165042
18753,Apiarist,0.12684718521607685
18753,Silent Move,0.024729278184813245
18753,Tempus,0.014334322276239882
18753,Alzahir,0.07218486741584391
18753,Altmore,0.12693932220424384
18753,Hat Toss,0.09506968409809216
18753,Eagle Day,0.12045460469830244
18753,Waiting All Night,0.10176366200639925
18753,Riot,0.04305884798311021
18753,Billy Mill,0.02566938726031903
18753,Urban Sprawl,0.04637726422668347
18753,Revolutionise,0.04548602798794089
18753,Serenity Dream,0.014663631370107389
18753,Mr Baloo,0.06097915606445651
18753,Quiet Resolve,0.0491784630056567
18753,Repertoire,0.03226429600171409
18754,Studious,0.19808650318188886
18754,Sweet Cicely,0.06546499422427979
18754,Penelope Valentine,0.21115080296663663
18754,Bantz,0.17284892999938464
18754,Herkeios,0.1019211684439031
18754,Almasi,0.11356513781393675
18754,Cuban Lynx,0.10765235704259132
18754,Good Reward,0.029310106327378817
18755,Rosario,0.08410447675728462
18755,We Never Stop,0.24064814930838352
18755,Amazonian Dream,0.08706728070084263
18755,Blind Beggar,0.05278026761474677
18755,Brooklyn Nine Nine,0.06992252665177219
18755,Batal Dubai,0.2778667659231348
18755,Sevensees,0.094352131107866
18755,Rebel Empire,0.046933629825320594
18755,Sanat,0.046324772110648844
18756,Streak Lightning,0.19543049442010785
18756,Bobby Joe Leg,0.11364876255124481
18756,Arantes Nascimento,0.045164680899847015
18756,Trais Fluors,0.08360058887510873
18756,Callianassa,0.09605868637772531
18756,Showhound,0.08787400072664962
18756,Lahab,0.06658607678755486
18756,Volenti,0.31163670936176185
18757,Novak,0.19203788890782378
18757,Beale Street,0.1640159328899451
18757,Muscika,0.14160223748558676
18757,Showtime Mahomes,0.17374917781920132
18757,Jackson Street,0.16903562474184008
18757,Wee Fat Mac,0.15955913815560288
18758,Fai Fai,0.10269905893370224
18758,Nordic Glory,0.13008413311479694
18758,Silky Robin,0.05859989579267998
18758,Poetic Jack,0.1436962869600357
18758,Salaamaat,0.03436177260758464
18758,Cut To The Chase,0.13557195171067796
18758,Due Date,0.00315753886554895
18758,Champagne Supanova,0.06516267388467031
18758,Barnsnape Boy,0.01629995210427372
18758,Lord Danielson,0.18428957979212277
18758,Fantasy Navigator,0.1260771562339067
18759,Emily Post,0.2090057501426033
18759,Brazilian Rose,0.1748811582987682
18759,Dazy Mazy,0.16452249853990056
18759,Biplane,0.06205946354578328
18759,Bella Kopella,0.20875123637703452
18759,Giselles Izzy,0.12940664166702637
18759,Miami Hills,0.05137325142888371
18760,City Cyclone,0.2580192233958529
18760,Lion's Dream,0.06889716842623997
18760,Radiant Angel,0.049008192498213594
18760,Voltaic,0.05504636967249628
18760,Art Fantastique,0.1486078288312126
18760,Heavenly Fire,0.13832868736302192
18760,Buttercross Flyer,0.023974323335921133
18760,Van Zant,0.1642898271698038
18760,Socialise,0.09382837930723771
18761,Fernando,0.1777559965440658
18761,Manara,0.22941557916129862
18761,Patrol,0.3313707765269857
18761,Unknown Journey,0.02750093461680032
18761,Tiempo Alegre,0.16686137727260614
18761,Abstract Art,0.06709533587824348
18762,Cinque Verde,0.043901448495172635
18762,Bang On The Bell,0.11197542748420398
18762,El Bufalo,0.1658241892511501
18762,Catch Cunningham,0.1496456747767833
18762,Nogo's Dream,0.1897345182213798
18762,Maris Angel,0.030077993965616556
18762,Secret Mistral,0.13754185979196107
18762,Popular Dream,0.1712988880137325
18763,Party Bear,0.09050220596548444
18763,Roysdelight,0.1522483387959514
18763,Oasis Sunrise,0.07445153741274722
18763,Roselily,0.1523284919169945
18763,Sarafina Mshairi,0.28035448127292306
18763,Navarre Special,0.026015686006343193
18763,Camden Flyer,0.02460490681185167
18763,Desert Eye,0.0426635215072517
18763,Go Steelers Go,0.04753821120664278
18763,Mister Coco Fizz,0.07364514846673806
18763,Top Biller,0.035647470637072215
18764,Maharajas Express,0.2605538439280356
18764,Coolagh Magic,0.09642878416539757
18764,Snow Berry,0.04201911171259458
18764,Katie G,0.12752969201669395
18764,Toussarok,0.05863918311280795
18764,Under Curfew,0.02402243931016974
18764,Rogue Thunder,0.10143739241209503
18764,Conquest Of Power,0.15056964482950658
18764,Maveric's Magic,0.014362710223995432
18764,Red Walls,0.09501064834229997
18764,Midnight Flame,0.029426549946403684
18765,Kit Gabriel,0.05735143197760832
18765,Equion,0.08131472774609037
18765,Yeoman,0.11835475363112738
18765,Finn Russell,0.1485098432282392
18765,Twirler,0.01673459939623547
18765,Imperial Fighter,0.044826112444813535
18765,Visibility,0.07714232803278212
18765,Ciotog,0.07489479278246387
18765,Jersey Rocs,0.30944585571552247
18765,Distinction,0.07142555504511734
18844,Serenity Dream,0.05655933243278427
18844,Lord Rapscallion,0.20247587580959242
18844,Starshiba,0.3285088162440397
18844,Fools Rush In,0.127365435724413
18844,Hello Miss Lady,0.09672014029586275
18844,Soar Above,0.03267771989578222
18844,Harbour Vision,0.022831771016297638
18844,Three Yorkshiremen,0.030766089478295733
18844,Granary Queen,0.07358298658840215
18844,The Rain King,0.02851183251453002
18845,Path To Dubai,0.26006569225735726
18845,Heathen,0.1711456984028445
18845,Optician,0.3052443591466859
18845,Kolisi,0.028170106425333664
18845,Kitty Foyle,0.11806765771093516
18845,Swinging London,0.11730648605684343
18846,Coolagh Magic,0.21591422726713252
18846,Back Tomorrow,0.020836108972964486
18846,Ignac Lamar,0.1092893521562524
18846,Rogue Thunder,0.0823138363794662
18846,Tommytwohoots,0.06132399096329433
18846,Piperstown,0.20389645107664128
18846,Tantomile,0.050933064442282995
18846,Miss Moonshine,0.11385702869148265
18846,Hi Hoh Tonto,0.14163594005048308
18847,Galileo Glass,0.09637799869493993
18847,Silky Robin,0.13818116244197556
18847,Bossy Parker,0.14359555387624265
18847,Bungle Bay,0.13930176054987917
18847,Star Of Atlantis,0.1522279532872494
18847,Bankrupt,0.143235782462953
18847,Red Walls,0.04847251260806136
18847,Jumira Bridge,0.027974590116212894
18847,Vivency,0.11063268596248602
18848,Big Time Rascal,0.06756710453950926
18848,Maharajas Express,0.13610966122157608
18848,Basholo,0.12602438847598457
18848,So Obsessed,0.13366793249242148
18848,Papa Don't Preach,0.09650456946549167
18848,Apache Star,0.13954459458338242
18848,Second Collection,0.15395677945304942
18848,Himawari,0.024701662477045114
18848,Spanish Angel,0.06686367997579448
18848,Gypsy Nation,0.055059627315745506
18849,Crystal Mariner,0.12724401096311735
18849,Alpine Oasis,0.12475264583249583
18849,Ocean Heights,0.03184033152766539
18849,Wonder,0.31081869781183696
18849,Lexington Knight,0.07841524416122601
18849,Sax Appeal,0.1718643973874116
18849,Brodie's Boy,0.011114091679599947
18849,Met Office,0.07836292917339913
18849,Gozo,0.06558765146324783
18944,Ten Club,0.08640469775297112
18944,Betweenthesticks,0.12494280454231536
18944,Em Jay Kay,0.07836450921723759
18944,Gustav Graves,0.16110303359846206
18944,Buraback,0.17490311204763437
18944,Phoenix Beach,0.049954241601353803
18944,Beaumadier,0.16810432638904996
18944,Man On A Mission,0.10866317871298783
18944,Pop Dancer,0.047560096137987985
18945,Soi Dao,0.08696662563204527
18945,Hawa Jumeirah,0.06919806037564256
18945,My Brother Mike,0.22515804848790388
18945,Sceptic,0.06339820789328941
18945,Celebrating Ethel,0.05367322439924384
18945,Enzos Angel,0.08885240801642517
18945,City Escape,0.12316630255169753
18945,Life On The Rocks,0.0851850569609909
18945,Olympic Quest,0.14571319213696268
18945,Mykonos St John,0.04587888156935662
18945,Aeroplane Mode,0.012809991976442045
18946,Calanthe,0.1723478036719557
18946,Alreet Cha,0.029501929578794543
18946,Timetobenice,0.06840570897260129
18946,No Saint,0.1832905024108798
18946,King Of Speed,0.11508876362553076
18946,Visibility,0.06414491082264237
18946,Parish Councillor,0.09181011931992322
18946,Al Suil Eile,0.12582156617603682
18946,Hostelry,0.032928948246402474
18946,Rising Force,0.011725578906329146
18946,Possible Ambition,0.0006548976525846395
18946,Global Style,0.10427927061631928
18947,Angel Of England,0.029279039204855455
18947,Leodis Dream,0.04646411698664316
18947,Tyger Bay,0.07411592747907031
18947,Rambuso Creek,0.10439487608567168
18947,Westmorian,0.16111440449140604
18947,Charlie Mason,0.3351498136661088
18947,Mighty Power,0.04927104078262042
18947,Match Play,0.0889329952428822
18947,Jesse Luc,0.002366673766904048
18947,Jump The Gun,0.10891111229383789
18948,Minnesota Lad,0.13183223639554711
18948,Mumayaz,0.07786662001559379
18948,Whenthedealinsdone,0.14332893896459287
18948,Muscika,0.1080638636333812
18948,Northcliff,0.363458099004805
18948,Diamond Dreamer,0.06724176936161497
18948,Brian The Snail,0.04254850055838175
18948,Sioux Warrior,0.06565997206608307
18949,Elegant Erin,0.06956518765430512
18949,Ormolulu,0.3998919068795992
18949,Powdering,0.17443579043128382
18949,Just A Spark,0.1361700607063932
18949,Mersea,0.08787363725221023
18949,The Real McKay,0.1320634170762083
18950,Manton Road,0.37884098618983997
18950,Mister Knockout,0.19026155199940575
18950,Hock Eye The Noo,0.11268156172996575
18950,Harryella,0.2142419880298746
18950,Irishiko,0.012718783497878293
18950,Eva's Eyes,0.09125512855303564
18951,Alright Sunshine,0.00316905617627172
18951,Further Measure,0.002270325892977123
18951,Chase The Dollar,0.08061391877475149
18951,Val Bassett,0.1917195556116456
18951,Annandale,0.18458036574956918
18951,Star Legend,0.16615494966165467
18951,Kalikapour,0.06653501236862899
18951,Fashionelle,0.0018590127375158027
18951,Mr Zippi,0.02105496927046431
18951,Sneaky Blinder,0.2820428337565211
18952,Catch Cunningham,0.11811958497866686
18952,Jungle Run,0.08645220402634125
18952,Angle Land,0.16425503473702704
18952,Birkenhead,0.07573059605665959
18952,Popular Dream,0.13106310428339038
18952,Jeans Maite,0.20053100926474776
18952,Nelson Gay,0.1020223355471305
18952,It's Showtime,0.12087628766241121
18952,Alfa Moonstone,0.0009498434436253689
18953,Straight A,0.12088035844289523
18953,Novak,0.13799598706887153
18953,Super Hit,0.08392015709279968
18953,The Organiser,0.1866583928140174
18953,Ciotog,0.11030351932471634
18953,Fools Rush In,0.08112693755347399
18953,G'Day Mate,0.037763327537062116
18953,One More Dream,0.16080750290728238
18953,Just Rita,0.08054381725888139
18954,Triple Charged,0.05136333278883867
18954,Enchanted Way,0.08724604196950107
18954,Thiscouldbefun,0.10972025827057205
18954,Jake Loves Laura,0.00518572943803006
18954,Kitty's Dream,0.05172367724623721
18954,Beta Reader,0.04672846136632628
18954,Adversary,0.05658426639439656
18954,Kaleidoscope Eyes,0.11798686193771495
18954,Dovey Moon,0.05393954925099526
18954,Boundless Poet,0.03390875878473018
18954,Ceira G,0.3760795547147168
18954,Legendsoftheland,0.00953350783794084
19069,Spirit Mixer,0.22517463317809833
19069,Charging Thunder,0.14145607702357263
19069,Youthful King,0.15613345056441458
19069,Moon Over Miami,0.1687302830773401
19069,Vice President,0.10409961597093964
19069,Robert Johnson,0.13820621033156297
19069,Dreams Adozen,0.06619972985407171
19070,Shout,0.11934055805183032
19070,An Outlaw's Grace,0.07334061579679944
19070,Huscal,0.059315472452891316
19070,Spirit Of Farhh,0.14206388452453592
19070,Spell Master,0.2087995598450039
19070,Back In Black,0.13146784984114943
19070,Silver Ghost,0.0861635379309752
19070,Hyperchromatic,0.08849996513863452
19070,I Maximus,0.09100855641817995
19071,Orne,0.041570850069790166
19071,Zoulu Chief,0.06107595621119348
19071,Drama,0.1771790329820504
19071,Havanagreattime,0.06618394498000738
19071,Change Sings,0.11914093498554928
19071,Sir Les Patterson,0.15469505025794408
19071,Rohaan,0.03243604807444663
19071,Photosynthesis,0.08888441634732185
19071,Havana Pusey,0.03630132084187295
19071,Rousing Encore,0.11137895186721468
19071,Chief Mankato,0.11115349338260903
19072,She's Smart,0.17289754939125765
19072,My Girl Sioux,0.049739244680603055
19072,Beano Power,0.031493397881641676
19072,No Speed Limit,0.013218393931353243
19072,Turn Up The Beat,0.1211782126685668
19072,Pinmoney,0.08717219035463798
19072,Rattletheonionbag,0.3136134146460531
19072,Spirit Of Eagles,0.001221345672609711
19072,Carrigans Grove,0.10673299049623836
19072,Jackandthefox,0.05836798929423813
19072,Un Bacio Ancora,0.04293650844412571
19072,Far At Sea,0.0014287625386746284
19073,Macadam's Rock,0.1467190192015593
19073,Mullacash Buzz,0.0018613547382970122
19073,Perseids,0.02834543496984458
19073,Bungle Inthedesert,0.22520966998169448
19073,Nikki Swango,0.22667970992146746
19073,Allo Arry,0.08066874784602203
19073,Tynamite,0.1545221280081659
19073,Annie Lavinia,0.047707445251592706
19073,Hezahunk,0.08828649008135663
19074,Berto Ramirez,0.3335862984381007
19074,Quickshot,0.08327360104375155
19074,Sottsands,0.27209461371719773
19074,Ohmali,0.08017925953812388
19074,Alumni Lia,0.035254247982863085
19074,Drucker,0.03396737075250949
19074,Ranting And Raven,0.16164460852745344
19075,Nika Pika,0.04342910547008528
19075,Doctor Grace,0.20910532635429718
19075,Man Is King,0.003054742785165927
19075,Pegasus Of Harry,0.037548963911497674
19075,Waystar,0.11144099972426029
19075,Gardone,0.35043853727956653
19075,Master Garvey,0.03237382391444852
19075,Chopsticks,0.004409411549943705
19075,Tyder,0.07482748703848448
19075,Together Aclaim,0.08487386061809038
19075,Albion Princess,0.00160843839256532
19075,Lady Montse,0.04688930296159471
20649,Tarjamah,0.0022013565328642703
20649,Moon Over The Sea,0.3151080023865485
20649,Back From Dubai,0.10133707250973108
20649,Come On John,0.31870198441599995
20649,Mhajim,0.0751279068666031
20649,Fiftyshadesaresdev,0.023911638439322175
20649,Lednikov,0.06115909384658292
20649,Abstract,0.09146520040610776
20649,Shy Nala,0.010987744596240209
20650,Harry The Haggler,0.193815956275149
20650,Chantilly Moon,0.20070342031052157
20650,Alioski,0.1817537087599853
20650,Send In The Clouds,0.11269917987298551
20650,Smokey Malone,0.1738691908281904
20650,Zousca,0.0013293470243939574
20650,Miss Raindrop,0.0019398338501466503
20650,Sweet Painted Lady,0.1338893630786276
20651,Ben Y Bryn,0.04944461693912222
20651,Northcliff,0.3261755429819391
20651,Rambuso Creek,0.0723845394931448
20651,Royal Pleasure,0.11583410948040115
20651,Mumayaz,0.11291036131099924
20651,Master Dandy,0.025281335810231044
20651,Dicko The Legend,0.05589171316972788
20651,Al Ameen,0.11945158006023368
20651,Walking On Clouds,0.12262620075420093
20652,Hierarchy,0.18646194393422144
20652,Caffu Zafeen,0.13622939452099783
20652,Reinforce,0.013452484907846073
20652,City Cyclone,0.07989461721050801
20652,Alreet Cha,0.09236429327476485
20652,One More Dream,0.12890782249070448
20652,Cliffcake,0.19516923098444422
20652,Ash Wednesday,0.16137992124334793
20652,Ramon Di Loria,0.006140291433165189
20653,Curious Bride,0.07219224535792214
20653,Inchiquin Maid,0.5154888586610592
20653,Scott Lang,0.375181417843657
20653,Lispendense,0.0026006233924878567
20653,Mephisto,0.029168904672961436
20653,Figurehead,0.0025819145414443393
20653,Is She Now,0.002786035530468053
20654,I'm Spartacus,0.1413618196862976
20654,Clonmacash,0.1278083667034916
20654,Jazzy Dancer,0.08659576622433354
20654,Shelbourne Flyer,0.13948637049589224
20654,Hasiyna,0.09768938280339928
20654,Hastily,0.13746893481671216
20654,Livingston Range,0.025128635382492617
20654,Havana Notion,0.018664501583483085
20654,Hezahunk,0.013534055548577485
20654,No Speed Limit,0.011792354860178487
20654,Nordic Passage,0.0040114531951099056
20654,Rattletheonionbag,0.1798555968668201
20654,Eric Lock,0.016602761833211944
20655,Montrachet Girl,0.1294251955224527
20655,Easily Convinced,0.07932403272459357
20655,Standput,0.12295394908035563
20655,McKenna,0.217684727770948
20655,Blue Seeker,0.18576660311872029
20655,Bad Habits,0.065009617292434
20655,Azoozi,0.08605277792895856
20655,Sabrimento,0.11378309656153725
20656,Miss Sunset Strip,0.056618736971065814
20656,Aram,0.07302267298986011
20656,Cut To The Chase,0.2713053410740102
20656,Emily Post,0.09076324328533673
20656,Soames Forsyte,0.1397559435651463
20656,Royal Jet,0.02327381513738309
20656,Jump The Gun,0.11242879258606459
20656,Turbo Command,0.14734820102992577
20656,Exceed Now,0.01806577370534984
20656,Pembrokeshire,0.06741747965585738
20657,Brasil Power,0.14684326784461516
20657,Hieronymus,0.06438081013796153
20657,Vibrato,0.10179089217987883
20657,Daring Legend,0.05937179650967204
20657,Billy Mill,0.10940058061008584
20657,Follow Your Heart,0.16113404465116596
20657,Revolutionise,0.09178614514256485
20657,Arctician,0.16352830621289358
20657,Bell Shot,0.10176415671116215
20658,Charanda,0.03946862749671016
20658,Elvetham,0.035743632394578236
20658,Merchants Arch,0.16030536726895267
20658,Dowth,0.03858370356230378
20658,Tam Lin,0.4288037544985982
20658,Weegeebear,0.0016702204402438497
20658,Clarabell,0.001917919841131663
20658,Endless Dawn,0.2935067744974815
20659,All Cost,0.049152746055013866
20659,Take The Boat,0.027116119530853425
20659,The Kamikaze King,0.15641132174420727
20659,Arctic Mission,0.12801827982747147
20659,Spinning Dancer,0.05628976724014674
20659,Eva's Eyes,0.19035662701561604
20659,Galette,0.09696710280212642
20659,Ballarat Bertie,0.2956880357845647
20660,Glyde Ranger,0.04933006408818609
20660,Newfire,0.13916658150518868
20660,Warrior Lion,0.01688106720916213
20660,Dromore Glory,0.20885393699068455
20660,Deed Pole,0.0015382978431289327
20660,Flier,0.010419025777944456
20660,Esticky End,0.31294737495608416
20660,Slowdownbarney,0.03607894175644475
20660,Streetscape,0.0008531393155187677
20660,Gregorina,0.027317450993037336
20660,Thegooseiscooked,0.007245642733881406
20660,Sing A New Song,0.0004648205066068971
20660,So Diligent,0.012968137462004951
20660,Gardone,0.17593551886212694
20661,Appleblossomwhite,0.07515467963309731
20661,Manton Road,0.11920462082153635
20661,Coisty,0.02539541915813387
20661,Perfect Parole,0.30770794383324096
20661,Perfect Ruby,0.23039257078661876
20661,Secret Sausage,0.046454226245795316
20661,Leading Star Girl,0.10138827076878405
20661,Magna,0.09430226875279342
20662,Genoah,0.3069879977203193
20662,Autocrat,0.2459426830426441
20662,Solar Breeze,0.051472969405194045
20662,Tremaine,0.1431472915193465
20662,Annaghmccanns,0.0020746966151849993
20662,Church Mountain,0.24830610937239356
20662,Storm Eric,0.002068252324917317
20663,Lady Flora,0.28531570946336143
20663,Unassuming,0.19998432159205837
20663,Radiant Beauty,0.09343239735890807
20663,More Than A Feelin,0.1066739501279309
20663,Gaiety Musical,0.1718809166402438
20663,Forever Proud,0.14271270481749745
20664,Fivethousandtoone,0.017385315467249248
20664,Golden Mind,0.04091277531950827
20664,Rosario,0.05183185635544844
20664,Aramis Grey,0.1480270709334507
20664,Coachello,0.10272571791584037
20664,Sommelier,0.10459493680281882
20664,Cajetan,0.10623599031483735
20664,Heathcliff,0.18647571479912323
20664,King's Lynn,0.1373333342575249
20664,Tiger Crusade,0.10447728783419863
20665,Sonnerie Power,0.06558721440337845
20665,Buxted Too,0.03699363666396181
20665,Upepo,0.12855360050837117
20665,Eton Blue,0.041446860751617375
20665,Risen Again,0.052337358314724365
20665,Turner Girl,0.14644460634979892
20665,Aim For The Moon,0.04464716416835683
20665,Spectacular Style,0.18223167071714813
20665,Capstan,0.13316191617112808
20665,Media Mogul,0.07714169794337537
20665,Toby Tops,0.05859087254435564
20665,The Pug,0.032863401463783935
20666,Zaman Daar,0.22266087450104963
20666,South Dakota Sioux,0.1657260386565634
20666,Stacey Racey,0.4435219567125057
20666,Colorada Dancer,0.03994706185057082
20666,Our Dagger,0.023757685102496658
20666,The Cola Kid,0.052912031023359486
20666,Blue Collar Lad,0.044850727063396365
20666,Reel Power,0.0013579352490037991
20666,Regal Glory,0.00526568984105409
20667,Beveragino,0.2460097465849559
20667,Kondratiev Wave,0.1138258484126951
20667,Split Elevens,0.20743291459318508
20667,Willingly,0.0873489107266863
20667,Guns And Flowers,0.005171785273095077
20667,Bitacora,0.019205860995960895
20667,Fact Or Fable,0.21745734286818452
20667,Irrelevant,0.018704920986624633
20667,Repartee,0.08484266955861253
20756,Spartan Arrow,0.1285097773544236
20756,Michaela's Boy,0.12211523470275051
20756,Rhythm N Hooves,0.12709067616437084
20756,Grace Angel,0.0807835388200332
20756,Almaty Star,0.12028102871905937
20756,Sports Coach,0.03074564159263368
20756,Kings Merchant,0.1483195152074986
20756,Lethal Nymph,0.0690358796063754
20756,Mon Na Slieve,0.17311870783285468
20757,High Court Judge,0.2605567536909962
20757,Comte De Loir,0.24305768313581844
20757,Scotland The Brave,0.12161374407846955
20757,The Craftymaster,0.14022035610962186
20757,Weddell Sea,0.019069929880802233
20757,Show No Fear,0.21548153310429166
20758,Autumn Angel,0.19081672386737958
20758,Sisters In The Sky,0.0746733022613447
20758,Piperstown,0.08850083732178306
20758,Alshimali,0.12217300688662237
20758,Ramon Di Loria,0.010351330572176418
20758,Mehmo,0.04839549772080935
20758,Vitalline,0.32644264147099245
20758,Miss Moonshine,0.11949034557729306
20758,Banana,0.01915631432159891
20759,Petra Celera,0.08197365045677606
20759,Prefer The Sister,0.1742913775859413
20759,Sibyl Charm,0.3142727201113256
20759,One Of Our Own,0.0921224247508145
20759,Too Much,0.28746606060456664
20759,Bazball,0.04693036525040945
20759,Vixey,0.0029434012401664727
20760,Cosmos Raj,0.057307225093251354
20760,Paradoxical,0.26966972020564406
20760,Destinado,0.13616107560375829
20760,Sense Of Worth,0.07119190841837154
20760,Super Over,0.001032842388191163
20760,Jez Bomb,0.1924471657983501
20760,Educate,0.14581825915180924
20760,Init Together,0.1263718033406242
20761,Frankies Dream,0.13312460470268114
20761,Psychodrama,0.1321767761402488
20761,Run To My Side,0.1249680341335055
20761,Dr Ali,0.09988048457630722
20761,Ardaddy,0.09837735223315396
20761,Kisskodi,0.0775045207259117
20761,Causin A Commotion,0.2497705285407849
20761,Wondrous Ways,0.049298567941567895
20761,Crangy,0.034899131005838795
20762,Lechuga Lad,0.13954066284859643
20762,Finn Russell,0.1511586925829416
20762,Masqool,0.13743205429020683
20762,English Spirit,0.1682138401238155
20762,Golspie,0.12475695354946555
20762,Prince Ali,0.13485463882376345
20762,Cryptos Dream,0.14404315778121057
20763,Pallas Lord,0.42204270329170446
20763,Broken Spear,0.06760501627911618
20763,Turbo Command,0.29411641039537306
20763,Rooska,0.08329520294274866
20763,Captain Vallo,0.03160075448858018
20763,Bomb Squad,0.10133991260247759
20764,Northbound,0.10360760646743863
20764,First Greyed,0.1060562699901557
20764,Tonal,0.09512585172323888
20764,Treasure Bay,0.1637606580985936
20764,Light Up Our Stars,0.07075004684815568
20764,Venetian,0.0006816324645617348
20764,Miss Dandylion,0.047049581496632416
20764,Night Arc,0.0015164470554038505
20764,Back From Dubai,0.15525531333961806
20764,Kessaar Power,0.053934978591409485
20764,Boujee Gold,0.131650864279689
20764,Vecchio,0.0706107496451031
20765,Jamie Bond,0.10395100118743326
20765,Bibendum,0.1406171797996967
20765,Pockley,0.4475075057753746
20765,Latin Five,0.17809578944045568
20765,So Grateful,0.1298285237970398
20766,Conquest Of Power,0.2723821924885202
20766,Romanovich,0.06434071984089242
20766,Piloto Pardo,0.0173342905266856
20766,River Wharfe,0.05513364599803685
20766,Al Baahy,0.0902489252728798
20766,Mudlahhim,0.03394619664880614
20766,Bungle Bay,0.20886112762418158
20766,Porfin,0.053121986585843446
20766,Candy Warhol,0.03566796145528846
20766,Timebar,0.16896295355886554
20767,Westernesse,0.04748145576577426
20767,Stockpyle,0.12517407370236774
20767,Chillhi,0.033221596105425424
20767,Lincoln Legacy,0.04474358309640316
20767,Tasever,0.28635327710973435
20767,Volenti,0.35330891796981284
20767,Trais Fluors,0.10971709625048238
20768,Mamdoh,0.20695142855660492
20768,Black Smoke,0.09714206251920876
20768,Rubellite,0.11160264040037796
20768,Zooks,0.17109392494276296
20768,Scylla,0.09603691649455458
20768,Tancredi,0.032087098863412954
20768,This Time Maybe,0.1033590670993216
20768,Trackman,0.145591031510572
20768,Crystal Guard,0.034906801900952016
20768,Fandabidozi,0.0012290277122321803
20886,Betsen,0.08460607270077503
20886,Gutsy Girl,0.2710422569076254
20886,Mickey The Steel,0.051638630304410134
20886,Bold Optimist,0.11834016138363727
20886,Emerald Harmony,0.1751529512871376
20886,The Poacher Daly,0.04202324414325829
20886,Clonmacash,0.13930341252150188
20886,Never Shout Never,0.06833193122880749
20886,Cuban Grey,0.009674331730528092
20886,Mary Shoelaces,0.039887007792318976
20887,Son,0.031116748560266274
20887,Two Tempting,0.03565045782563683
20887,Metal Merchant,0.10651282286387855
20887,James McHenry,0.11072983316605932
20887,Arisaig,0.03725109539968358
20887,Inishfallen,0.057336470010235695
20887,Silver Sword,0.15840462586864998
20887,Ebt's Guard,0.06917051833337029
20887,Great Acclaim,0.04502441192450712
20887,Dragon Leader,0.0784819181429941
20887,Urban Lion,0.05087936273683549
20887,Pearl Eye,0.08644986303221833
20887,Classic,0.03449014663639087
20887,Cogitate,0.09850172549927368
20888,Verhoyen,0.1434129241265703
20888,Imperial Dream,0.05566389915398795
20888,Touch The Sound,0.07899904528028089
20888,Fivecromwellplace,0.016742402242920573
20888,Neo Smart,0.03825229497847857
20888,Secret Magician,0.14044240942334754
20888,Showhound,0.08195240999346082
20888,El Bello,0.0257149764049628
20888,I Bid You Ajou,0.11070396999828946
20888,Yaxchilan,0.11730172909014563
20888,Sugar Club,0.044596024760728416
20888,Superior Force,0.06435843334688857
20888,I'll Be Handy,0.08185948119993859
20889,Betweenthesticks,0.3371528339470149
20889,Match Play,0.1381430311160475
20889,Sergeant Mayer,0.06070847079692687
20889,Bama Lama,0.13566707213433038
20889,Brian The Snail,0.09338587789798396
20889,Northerner,0.05283111126098709
20889,Dash Gordon,0.18211160284670935
20890,Midnight City,0.22200742103934096
20890,Nightbird,0.1901877747236222
20890,Frankies Dream,0.17198060902385892
20890,Star Zia,0.11479463087306198
20890,Mr Cool,0.12640748434546792
20890,Sweet Sonata,0.058821464207904024
20890,Alashos,0.1158006157867439
20891,Metallo,0.10695554812890994
20891,Westridge,0.11168786573642328
20891,Great Chieftain,0.15282990428406978
20891,Roarin' Success,0.04456092095551867
20891,Rockit Tommy,0.03004817713425989
20891,Morcar,0.002938998836399715
20891,Londoner,0.1493713085200598
20891,Sweet Reward,0.026860737840408648
20891,Lone Piper,0.08029986229065567
20891,Parkland,0.09806959584500098
20891,Expressionless,0.06269956875842676
20891,Uncle Dick,0.044977002407412765
20891,Yokohama,0.0071814400520065404
20891,Gozo,0.08151906921044756
20892,Professor Tickle,0.08917355909736462
20892,Zaman Daar,0.04894633550159836
20892,Time Patrol,0.10270242581557235
20892,Notre Maison,0.1943056407664008
20892,Roman Emperor,0.12395588310104937
20892,Shalaa Asker,0.001764226270678734
20892,Anglesey Lad,0.20479943342189605
20892,Bear To Dream,0.0657062233907365
20892,Tilsworth Ony Ta,0.04549892687554631
20892,Fast Flo,0.001568852265558399
20892,Edergole's Gift,0.10200537843169981
20892,Don't Fight It,0.019573115061898825
20893,Gordon Bennett,0.001182899326005747
20893,James Henry,0.06820830702748115
20893,Irish Rumour,0.08009920209311397
20893,Kwa Herini,0.0035227465681447793
20893,Amanirenas,0.08245317661547798
20893,Rathbranchurch,0.01915777325549873
20893,Surpass And Shine,0.004023458785618533
20893,Sakakawea,0.18037343936890837
20893,Gazelle d'Or,0.15813891256285106
20893,La La Lucrative,0.06296813248328721
20893,Mount Ruapehu,0.07055594247229297
20893,Distillate,0.037743476515948844
20893,Sarahmae,0.025137091984673374
20893,Dark Willow,0.1468156299876881
20893,Shimmerz,0.05961981095300924
20894,Agathon,0.08976475590130252
20894,Captain Potter,0.3317020895531409
20894,Incan Empire,0.3737780564127551
20894,Fashionelle,0.014719075028633911
20894,Toby Tops,0.19003602310416765
20895,Hamlet's Night,0.1384381921599719
20895,Candyman Stan,0.09992550564339729
20895,Carnival Day,0.14273632455298524
20895,Macari,0.14069248881416754
20895,Pyrotechnic,0.14801218400617416
20895,Early Morning Dew,0.1023958505022879
20895,Annexation,0.22779945432101595
20896,Alzahir,0.10958291073648534
20896,It Just Takes Time,0.22902648616272905
20896,Obelix,0.05797463953672279
20896,Kodi Lion,0.17048470175195662
20896,Rhythm Master,0.026093020672602173
20896,Quest For Fun,0.08103303301251535
20896,Another Investment,0.005990818842298269
20896,Tropez Power,0.02813595379530118
20896,King Of Fury,0.09079632037567013
20896,Count Palatine,0.041765307554456184
20896,Starliner,0.0053510569535535416
20896,Mysteryofthesands,0.06934149537705046
20896,Touchwood,0.08442425522865898
20897,Seraphic,0.1669064054299956
20897,Luna Effect,0.3187898401153859
20897,Khangai,0.12700071357119624
20897,Sawgrass,0.038724476106127
20897,Formal Address,0.011194309357023747
20897,Voix De Bocelli,0.012839504786906384
20897,The Cooleen,0.04051449007155273
20897,Irezumi,0.08620490441967633
20897,Rivas Rob Roy,0.197825356142136
20898,Majestic Warrior,0.10259250497434573
20898,Ensured,0.18082362315464778
20898,Arrange,0.2260677601187177
20898,Baltic,0.14321118579701186
20898,Lady La Fay,0.14008493336417607
20898,Knightswood,0.06120000030115535
20898,Forza Orta,0.07117764202060319
20898,Saratoga Gold,0.04432064861310891
20898,Masekela,0.030521701656233288
20899,Time Tells All,0.03591473885123639
20899,Just An Hour,0.12784297688306925
20899,Bobacious,0.2500893990474464
20899,Risen Again,0.07172315832782958
20899,Covert Legend,0.0834529371502065
20899,Mitigator,0.2717153345878766
20899,Muhib,0.0016135275034492376
20899,Royal Observatory,0.15764792764888594
20900,Marsh Benham,0.10580440786938909
20900,Sunny Corner,0.215276158692646
20900,Shaw Park,0.0620473401045229
20900,Otago,0.09687482406629214
20900,Blenheim Star,0.386182573571754
20900,Kracking,0.13381469569539609
20901,Musical Touch,0.14701994149739647
20901,Bell Shot,0.2581473797201059
20901,Filly One,0.16982440752034036
20901,Ingleby Archie,0.0884864272665996
20901,Milbanke,0.07861909238971163
20901,Bay Breeze,0.07253161479960457
20901,Muscika,0.048549385604819605
20901,Roundhay Park,0.02123725542773863
20901,Travis,0.07536052228701394
20901,Naval Academy,0.04022397348666933
20902,The New Bay Pearl,0.19777926552676395
20902,Sands Of Indi,0.06588281742925976
20902,Graduated,0.1345836574926616
20902,Manila Thriller,0.0997900272470221
20902,Coma Cluster,0.1199043179578399
20902,Whizz By,0.1762590215509055
20902,Hot Like Me,0.09639575772465966
20902,Hock Eye The Noo,0.10940513507088757
20903,Light Up Our Stars,0.13077053756468948
20903,Flying Star,0.08626497500319029
20903,Boujee Gold,0.23598153757711005
20903,Mudlahhim,0.1837246540240603
20903,Invincible Navy,0.07335610343626783
20903,We'renotreallyhere,0.21396114139755745
20903,Repartee,0.0759410509971246
20904,Rock Of England,0.23444225344961303
20904,Hover On The Wind,0.15064335544641042
20904,Cash In,0.11098427325788966
20904,Wreck It Ryley,0.03574581618258223
20904,Mojomaker,0.014500955334627879
20904,Lord Abama,0.17762778936849588
20904,Hurt You Never,0.13599903504239028
20904,Newyorkstateofmind,0.13303147759369754
20904,Captain Vallo,0.007025044324292971
20905,Mr Jetman,0.19816292803163071
20905,Hostelry,0.06544356705863145
20905,Edvard Grieg,0.19125246508335644
20905,Back From Dubai,0.3129728856566181
20905,Evoluir,0.00798099104689332
20905,Pinjarra,0.013363922586984676
20905,First Encounter,0.04544414059835693
20905,Venus Slipper,0.025381832073382057
20905,Star Of Atlantis,0.056320043869128186
20905,Glencalvie,0.059870301726570006
20905,Limelight,0.023806922268448216
20906,Hellavapace,0.2926103050348241
20906,Embarked,0.11837168149525724
20906,Comedian Leader,0.10265837981424458
20906,Got No Dollars,0.0935260414208258
20906,Havana Mojito,0.11946295004931273
20906,Heer's Sadie,0.035350434588791765
20906,Maguire,0.110398730907926
20906,Irrelevant,0.017445113287279136
20906,Cammy,0.11017636340153861
20907,Bibendum,0.05234999363198239
20907,Monsieur Fantaisie,0.03306516200862538
20907,Masterclass,0.0812172651027993
20907,Canaria Queen,0.07708178690459043
20907,Emerald Army,0.06725897544828863
20907,Carmarthen,0.011172341045771694
20907,Calafrio,0.1082384429272318
20907,Exceed Now,0.04747780952142842
20907,Tough At The Top,0.032542156973437764
20907,She'Sashambles,0.05581552007878985
20907,Arlington,0.007502387888634629
20907,Sir Benedict,0.04171340439963651
20907,Azucena,0.0030018664482265142
20907,Chester Le Streak,0.25915964810830505
20907,Shark Two One,0.0609305442546179
20907,Athollblair Boy,0.03281454356434135
20907,John Kirkup,0.028658151693292305
22449,Frankies Dream,0.17225278909154867
22449,Followeroffashion,0.3393917285460355
22449,Magna,0.049035310993672226
22449,Dusky Rain,0.07661472978348391
22449,Kameko Spirit,0.1897564315418339
22449,Sunny Time,0.07616510164759514
22449,La Mer Grise,0.09343259183512784
22449,The Magic Turtle,0.003351316560702775
22450,Tadreeb,0.19575118587541268
22450,Rey De La Batalla,0.2232596902814542
22450,Super Hit,0.12138913080994872
22450,Onslow Gardens,0.15865841453568563
22450,Masterofgreygoose,0.13604217220737713
22450,Straight A,0.1463999542996287
22450,Jacques Cartier,0.018499451990492865
22451,Bedford Flyer,0.09384154634186619
22451,Grace Angel,0.14680665614602215
22451,Ziggy's Missile,0.16241284096635647
22451,Michaela's Boy,0.09937778956854458
22451,The Thames Boatman,0.2047057992217638
22451,Diomed Spirit,0.08526265544818214
22451,One Night Stand,0.06930863619973686
22451,Existent,0.13828407610752774
22452,Realise The Dream,0.07596832450206191
22452,Sarabi,0.22529581304605054
22452,Spinning Dancer,0.027703654787774635
22452,Tango In Paris,0.2673430672446407
22452,Manton Road,0.16210274281537318
22452,Eva's Eyes,0.11105307398337476
22452,Perfect Ruby,0.1305333236207244
22453,Spuddling,0.0045071157512252165
22453,Appleblossomwhite,0.20938768417111514
22453,Aneedah Hero,0.23979732727080635
22453,Perfect Parole,0.14352656992493068
22453,Funalltheway,0.023421612542567284
22453,Born Too Run,0.1395857623394098
22453,Freak Encounter,0.09241749729945567
22453,Welsh Fizz,0.1473564307004898
22454,Forge Valley Lad,0.35494607290807795
22454,The Colorist,0.19215406857856082
22454,Mirabello Bay,0.006930203156805638
22454,Luna Effect,0.14430852611859504
22454,Fullforward,0.18773660908507422
22454,Mhajim,0.11224316628202693
22454,Mapogo,0.0016813538708595212
22455,Masqool,0.1653856855326716
22455,Bearaway,0.17542979278343077
22455,Crafter,0.0785464627300878
22455,Birthday Angel,0.15082100840322163
22455,Fior Di Bosco,0.13030974822007876
22455,Time Tested,0.13665237054944562
22455,Cloud Free,0.07594502777134049
22455,Mc'Ted,0.002602945111897123
22455,Arenas Del Tiempo,0.07335746760455691
22455,Uzincso,0.01094949129326933
22456,Daaris,0.35398116192654866
22456,Mr Zippi,0.03188229061057611
22456,Grand Duchess Olga,0.11898106342582136
22456,Blue Collar,0.1969717916569704
22456,Further Measure,0.0036145317246745823
22456,Scylla,0.18726460001556303
22456,Two Plus Two,0.10730456063984595
22457,Maharajas Express,0.34508807344714787
22457,Papa Don't Preach,0.08918674429418627
22457,Apache Star,0.24399984863081
22457,My Genghis,0.10993639709403331
22457,Buraback,0.11995279474122211
22457,Next Second,0.09183614179260047
22458,Supreme King,0.20622617880686497
22458,Bulldog Drummond,0.0028309354713441344
22458,Invincible Speed,0.1235106980050956
22458,Many A Star,0.19050793351245543
22458,Rebel Path,0.22946579950895182
22458,Havana Sky,0.23861715391273863
22458,Kitaab,0.008841300782549456
22459,Land Lover,0.200202413325281
22459,Kodi Red,0.04023179145943
22459,Lihou,0.07039718840091844
22459,Tyke,0.12888207625891776
22459,Beauzon,0.18979715408018194
22459,Prince Of Bel Lir,0.09728785493077326
22459,Professor Tickle,0.0892368997550949
22459,Nelson Gay,0.18396462178940284
22460,Surprise Picture,0.10315603590798815
22460,Amaysmont,0.12290578367332569
22460,Monsieur Patat,0.1529069402741807
22460,Autumn Rose,0.13710688292736675
22460,Al Suil Eile,0.05613777350753108
22460,Triggered,0.2285975514378188
22460,Global Warning,0.11059933788798552
22460,Embarked,0.0180184749549408
22460,River Wharfe,0.07057121942886252
22461,Forever Proud,0.36034671751664726
22461,Green Power,0.1110706348800551
22461,Light Up Our Stars,0.051779066264385006
22461,Celebrating Ethel,0.1360704233985149
22461,Mostly Mozart,0.01899963275641991
22461,Jumeira Vision,0.0398489548965393
22461,Strategic Fortune,0.013289317772054964
22461,Port Noir,0.11388614164067383
22461,Spartan Times,0.1280276727237515
22461,Ciara Storm,0.02668143815095841
22547,Junkanoo,0.03333434944621649
22547,Tradesman,0.15018071641657219
22547,The Craftymaster,0.2064534289509109
22547,Sun Dancer Girl,0.11899779609757379
22547,Alright Sunshine,0.0008089087341232961
22547,Currumbin,0.342444278628168
22547,Star Legend,0.14778052172643527
22548,Diomed Spirit,0.13702205076589039
22548,True Promise,0.3519816985628556
22548,Dashing Harry,0.10238147993289283
22548,Twilight Fun,0.1697444860723628
22548,Secret Mistral,0.15088837563472274
22548,Thunder Star,0.08798190903127574
22549,Monsieur Beaulieu,0.21945541265027893
22549,Bulldog Drummond,0.013044468351503028
22549,Lessay,0.10962201111424841
22549,El Bufalo,0.1989574747552298
22549,Above,0.18525347279695
22549,Ultramarine,0.0972625408783476
22549,Rebel Path,0.17640461945344232
22550,Black Falcon,0.12740114744589545
22550,Camden Flyer,0.08490398613337644
22550,Due Respect,0.04971416449443224
22550,Ceira G,0.2258450383912494
22550,Ancient State,0.028071131083394454
22550,Freak Encounter,0.16193036675037945
22550,No Release,0.14246924983850864
22550,Maid Of Killybegs,0.09221833034651761
22550,Holywell Bay,0.02128000996772418
22550,Clipsham Noble,0.06616657554852227
22551,Baileys Honeymoon,0.08324498516711319
22551,Missile Mac,0.23016686297079275
22551,Navarre Special,0.08850666655988929
22551,Hype Merchant,0.030881268013469618
22551,Rumba Bay,0.23345827987951015
22551,Jimmy Henry,0.24112923575992867
22551,La Mer Grise,0.09261270164929615
22552,Switchel,0.27883236529468647
22552,Palazzo Persico,0.24308380425964463
22552,Solanna,0.048753012650765
22552,Cloud Free,0.12730912244277182
22552,Muhib,0.15246968304368722
22552,Mc'Ted,0.08483965530182748
22552,Jenson Benson,0.06471235700661741
22642,Amaysmont,0.14612337188744218
22642,Safari Dream,0.14301286180251513
22642,Rusheen Boy,0.10566361328170003
22642,Kurimu,0.0638363449809907
22642,Sonmarg,0.20326521946126933
22642,Sir Maxi,0.1306143462618426
22642,The Cola Brasil,0.11551168780112922
22642,Almodovar Del Rio,0.04132654055056131
22642,Broxi,0.030603873239668348
22642,Moreginplease,0.020042140732881065
22643,Cemlyn,0.21478049306561828
22643,Youvegotoshowmeluv,0.0550818641446359
22643,Fallen Soldier,0.05040378722268479
22643,Frankies Dream,0.2869799397489771
22643,Startling,0.06164582394216189
22643,She Went Whoosh,0.03563681983779638
22643,The Vital Spark,0.16648317347981864
22643,Luna A Inbhir Nis,0.007217502900388412
22643,Auntie Jo,0.12177059565791853
22644,Kodi Red,0.18956602488953703
22644,Dion Baker,0.08865273648184463
22644,Brunel Charm,0.015009796625997274
22644,Just Ten High,0.3443978610833478
22644,Roman Emperor,0.033158378347154585
22644,Southbank,0.3292152025721187
22645,Diomed Spirit,0.16160093008825488
22645,Existent,0.23144437524641384
22645,El Bufalo,0.30133377406129497
22645,Fidelius,0.2855215096612304
22645,The Defiant,0.020099410942805967
22646,Mr Baloo,0.20049156316302416
22646,Vibrato,0.07634621647750842
22646,So Quiet,0.19008804845315377
22646,Brazilian Rose,0.06970162186816796
22646,Abruzzo Mia,0.06605814120999937
22646,Kit Gabriel,0.04012636281758609
22646,Swiss Ace,0.09573436410652231
22646,Starliner,0.07911334446646509
22646,Mereside Madness,0.1369276197204214
22646,Outrun The Storm,0.045412717717151475
22647,Salamanca,0.1150247507559251
22647,Penzance,0.07636444259643377
22647,Felix,0.061017976674730544
22647,King's Code,0.10905211810446834
22647,Wadacre Gomez,0.07388776145386539
22647,Metallo,0.192239273791028
22647,Magico,0.12514659943304932
22647,Sari Dubai,0.031114018801830446
22647,Mighty Nebula,0.11965130277381968
22647,Parkland,0.09650175561484942
22648,Alligator Alley,0.06963772745677634
22648,Zarzyni,0.08360311163310631
22648,Monks Dream,0.16589444990859264
22648,Castan,0.2122511485869137
22648,Dark Kestrel,0.14444102883092907
22648,Our Absent Friends,0.13240574790136972
22648,King's Crown,0.10378047206004302
22648,Herakles,0.0879863136222691
22649,Time Tested,0.22136234802617138
22649,Solanna,0.01875978826098751
22649,Raqisa,0.041385663534862956
22649,Liberated Lad,0.06826517628284826
22649,Boasty,0.06845866325932139
22649,Cerulean Summer,0.13637503411049556
22649,Lightningboltzoom,0.03198463586344644
22649,Egoiste,0.24679191102768455
22649,Green Power,0.16661677963418203
22650,William Dewhirst,0.49958116119578094
22650,Pals Battalion,0.24973312397423633
22650,Rebel Empire,0.07348364922882444
22650,Mondammej,0.17720206560115817
22651,Drifts Away,0.27464826293050015
22651,Star Pupil,0.25106398916989525
22651,Kracking,0.21904649344218538
22651,Coolree,0.05958344024608791
22651,Timetobenice,0.04914618832982525
22651,Stella Hogan,0.14651162588150604
22652,Concert Boy,0.053694443332679434
22652,Pinjarra,0.05172734044141263
22652,Just Typical,0.1284404157650945
22652,Mr Jetman,0.06741216414151499
22652,Evoluir,0.009018471964255944
22652,Odd Socks Havana,0.0977700845064423
22652,Yorkshire Glory,0.3502423127933709
22652,Made All,0.1434120157697411
22652,Pop Favorite,0.09828275128548825
22754,Shine On Brendan,0.10591624095025837
22754,Dawn Of Liberation,0.06102198346139162
22754,Detective,0.0313396739417581
22754,Spun To Gold,0.07071101667775966
22754,Jesmond Dawn,0.029934719782717428
22754,Lucykeys,0.026290931704810436
22754,Between Me And U,0.14356760105496003
22754,Swift Salian,0.0747834261378753
22754,Code Purple,0.11169834243252401
22754,Izzari,0.08969163981109023
22754,Bulmer Bank,0.0692466176412363
22754,Rainwater,0.11431878057659671
22754,English Spirit,0.07147902582702192
22755,Arecibo,0.010793253291987564
22755,Zarzyni,0.046535395344109075
22755,Castan,0.14239684272667968
22755,Stash The Cash,0.05334190772846666
22755,Water Of Leith,0.08781971936908411
22755,Catch Cunningham,0.055507777056897266
22755,Eternal Sunshine,0.17759855839258057
22755,Ziggy's Queen,0.16950984528747573
22755,Knicks,0.05821684892896631
22755,Glory Hyde,0.01893682878071205
22755,Classy Al,0.08064889181645131
22755,Only Spoofing,0.003833674032223635
22755,Sugar Baby,0.03592641971006358
22755,Golden Rainbow,0.058934037534302396
22756,Papagei,0.15253091344550415
22756,Letsbefrank,0.14022459290528072
22756,Tafsir,0.07686370162453651
22756,Tokyo Bay,0.11771029640084092
22756,Sportingsilvermine,0.09785183413905033
22756,The Dancing Poet,0.11070002924604236
22756,Simple Star,0.034306492806353825
22756,Spanish Hustle,0.08531374938725744
22756,It's A Love Thing,0.03792318790598062
22756,Etretat,0.06187717938136071
22756,Spartan Warrior,0.04398169784846419
22756,Cascade Hall,0.038436966428527335
22756,Glasses Up,0.002279358480800973
22757,Marhaba Ghaiyyath,0.23471362883153246
22757,Magellan Cloud,0.014185725132036477
22757,Arbitration,0.19385176868595277
22757,Defence Missile,0.03272863980678878
22757,Chesneys Charm,0.045107390992276224
22757,I Am Me,0.16986173534456803
22757,Springbok,0.18999317427275103
22757,Native Honey,0.11955793693409432
22758,Judgment Call,0.010429634775181416
22758,Abduction,0.08773299983404141
22758,Vince Le Prince,0.1260828051801388
22758,Jonny Concrete,0.11683118493077618
22758,Mister Bluebird,0.07281908545684976
22758,Sondad,0.06081379347203768
22758,Vibrato,0.07304076266958064
22758,Rock Melody,0.1028652315131784
22758,Beattie Is Back,0.12297072706662592
22758,Stockpyle,0.11012156744385533
22758,Hectic,0.035082073805355295
22758,Benacre,0.08121013385237927
22759,Ramazan,0.14252588069846678
22759,New Image,0.26413239002918937
22759,Gweedore,0.019525041188470503
22759,Spirit Genie,0.10923630075729754
22759,Our Havana,0.13028403555234683
22759,Catch The Paddy,0.024341362339614595
22759,Dain Ma Nut In,0.14596037935213163
22759,Oriental Prince,0.16399461008248276
24307,Aiming High,0.11201350675749855
24307,Caramay,0.23263868790117131
24307,Fleeting Moment,0.04317638998604352
24307,Nala The Lioness,0.07014329040233654
24307,Ever Hopefull,0.1716620928244305
24307,Kinetic,0.2070103357468484
24307,Always Waving,0.16335569638167116
24308,Blue Lakota,0.24447957274762813
24308,Kildonan,0.08821041280429306
24308,Nad Alshiba Rain,0.04120570872825222
24308,Triple Charged,0.10358812141424434
24308,Horus,0.3578110092169252
24308,Psychodrama,0.05016599704247368
24308,Flicka's Girl,0.11356360104633333
24308,Mystical Elegance,0.000975576999849978
24309,Soames Forsyte,0.13825876589405903
24309,Arika,0.06988123112220768
24309,Reputation,0.08573434900259022
24309,My Brother Mike,0.13884392584328087
24309,Ring Of Gold,0.12369303017282864
24309,King Of York,0.029390495107784995
24309,Anif,0.03353890973943565
24309,Big Narstie,0.054524302159518936
24309,Al Shabab,0.2077142417236084
24309,Urban Dandy,0.021570390317951077
24309,Shaka,0.09685035891673457
24310,Brains,0.0687948898295195
24310,Morning Approach,0.10673828171225541
24310,Super Over,0.001954149582229514
24310,Nedita,0.2657245138521538
24310,Star Mind,0.03967044980584606
24310,Tribal Moon,0.1862593363609861
24310,Rockbury Lad,0.1752968640812753
24310,Si Senior,0.001759137273703122
24310,Zahee,0.1522071051596122
24310,Saxon Kingdom,0.001595272342419095
24311,Illucidate,0.09263662169025101
24311,Two Auld Pals,0.03761756776539879
24311,Saligo Bay,0.07609880747423309
24311,Dance Time,0.27549218845873574
24311,Comte De Loir,0.2960220741791479
24311,At Vimeiro,0.19458678769015458
24311,Vinny's Dream,0.025553576027822527
24311,Quercus Robur,0.0019923767142563252
24312,Lost President,0.043545487843394744
24312,Esque Elegance,0.12265958421121455
24312,Tam Lin,0.17188718859075353
24312,Movin And Groovin,0.40516197047267816
24312,Keithal,0.07093438927788286
24312,Magna Beauty,0.0033679187262652295
24312,Endless Dawn,0.14831089668491088
24312,Senior Montecristo,0.03176714760069258
24312,Star Allure,0.0009390753584641264
24312,Clarabell,0.0014263412337433606
24313,Khangai,0.2208487323568759
24313,Come On John,0.42619802331601025
24313,Jujubella,0.08464628316635724
24313,Brividi,0.1275827934149964
24313,Yakhabar,0.07188621920087758
24313,Cage Rattler,0.0177533908374842
24313,Cookie Queen,0.05108455770739839
24314,Retraction,0.10354216568457766
24314,Balqaa,0.08637068851590361
24314,Impeach,0.08150334765677175
24314,Fifty Sent,0.14938586847965166
24314,Charlatan,0.20730087968434785
24314,Marinakis,0.2319121137414632
24314,Twistaline,0.03596158732076438
24314,True Nation,0.10311379082946198
24314,Cherry Tree Dawn,0.0009095580870581025
24315,Senado Square,0.10735188683390208
24315,Devil's Angel,0.0065918894289906
24315,Fly To Glory,0.008132602525300566
24315,Winemaker,0.2571166942994346
24315,Shelbourne Flyer,0.03010654137413049
24315,Velvet Skies,0.018076112127876548
24315,Havana Notion,0.06527465111102833
24315,Blue Wood,0.010832203354986157
24315,My Girl Sioux,0.13064543639057283
24315,Gimmieminnie,0.047088664198364175
24315,No Speed Limit,0.02376024460882604
24315,Hasiyna,0.23836293909368847
24315,Wild Mountain,0.0547024948058397
24315,Sister Lola,0.001957639847059429
24316,William Dewhirst,0.3561652994519933
24316,Swiss Ace,0.18291880431782104
24316,King's School,0.1890001374570128
24316,Starliner,0.048303916746652464
24316,Outrun The Storm,0.08670441179950314
24316,Aram,0.04122615604218397
24316,Woodleigh,0.09568127418483312
24317,Cast No Shadow,0.16072355157204474
24317,Above,0.21027735471804948
24317,Water Of Leith,0.17791398728532168
24317,Darlo Pride,0.19760832964771116
24317,Piloto Pardo,0.10502266413270998
24317,Show Me Show Me,0.14845411264416306
24318,Beauty Bella,0.16814294673114982
24318,Storm Eric,0.0018618460554216821
24318,Doctor Grace,0.10635611659148188
24318,Barretstown,0.19784619908165355
24318,Signor Ferrari,0.003921841041206816
24318,Reclaim,0.3498809189993824
24318,Never Thought,0.16516788289505924
24318,Uberrima Fides,0.002037618722207917
24318,L'immortale,0.0031315640881884477
24318,Roderick,0.00165306579424818
24319,Miss Glenville,0.14538136937377893
24319,Cousin Shay,0.2719494492401925
24319,Pomeriggio,0.07468731179970385
24319,Rumbled Again,0.26320501615689296
24319,Woodlander,0.03717265973456667
24319,Jawhary,0.08131834851615521
24319,Snag It,0.005213340732163131
24319,Deed Pole,0.0019869334397658546
24319,Velvet And Vine,0.03757714048590137
24319,Together Aclaim,0.08028542929077445
24319,Tastyee,0.0012230012301048321
24320,Airman,0.10605080017937724
24320,Daring Legend,0.028113463312110183
24320,True Promise,0.16815396421912895
24320,Bright,0.14890557291459017
24320,Pals Battalion,0.21696551376991732
24320,Mondammej,0.17375833693258716
24320,The Fixer,0.05258455447042316
24320,How Impressive,0.10546779420186593
24321,Paris Lights,0.08293508335265694
24321,Mambha,0.12275661459412537
24321,Bird Of Play,0.022286560872761665
24321,Tasever,0.19090901059709472
24321,Cusack,0.13195697998438805
24321,Profitman,0.2061166619435618
24321,Miners Gamble,0.09406692917023346
24321,Rob's Umberella,0.07518963242039566
24321,Commander Crouch,0.07378252706478229
24322,Tickets,0.2221707851063512
24322,Tomorrow Day,0.2879640049510035
24322,Stormy Pearl,0.13407092716512972
24322,Beneficiary,0.19237340135266423
24322,Warminster,0.011516498970943177
24322,Tantomile,0.051290067600743325
24322,See My Baby Jive,0.10061431485316491
24409,Overnight Oats,0.2254130375378203
24409,Onslow Gardens,0.10505062690531068
24409,Masterofgreygoose,0.11310066934284549
24409,Star Pupil,0.18408955776884245
24409,Hartswood,0.06744118049552748
24409,Love Your Work,0.0692664139884629
24409,River Wharfe,0.06141299990377228
24409,Al Suil Eile,0.17422551405741846
24410,Northbound,0.15756862888846973
24410,Lumenbourg,0.025759929866876235
24410,Spartan Fighter,0.04747220866852657
24410,Clyde Bay,0.1535610370556242
24410,Hawajes,0.1679685909369382
24410,Prince Elliot,0.01599550102293224
24410,Alyara,0.050537668109231756
24410,Moreginplease,0.014137722748749327
24410,Copper Mountain,0.0779938127321527
24410,Margot Robbie,0.2890048999704991
24411,Royal Justice,0.01416565381535576
24411,Vixey,0.002208794440156645
24411,Ignac Lamar,0.27383192583631333
24411,Monsieur Fantaisie,0.1501574589774616
24411,Lion's Dream,0.15545469653584087
24411,Kodebreaker,0.16569753778631383
24411,Crocus Time,0.168720069407192
24411,Barney's Bay,0.03616419627866814
24411,Cammy,0.033599666922697814
24412,Noble Truth,0.04314003366472702
24412,Doctor Khan Junior,0.1702462694545546
24412,Royal Zabeel,0.12357200842671655
24412,Yorkshire,0.1825265744009698
24412,Gweedore,0.0030039261321226206
24412,Apiarist,0.12295614856703176
24412,Blue Prince,0.06862693656432138
24412,Havanagreattime,0.14192467754974308
24412,Liamarty Dreams,0.04143943270839251
24412,Farasi Lane,0.04577556879551905
24412,Our Havana,0.056788423735901566
24413,Sophar Sogood,0.18051109827898598
24413,Mirabello Bay,0.17804329529619395
24413,Rubellite,0.11402982073648617
24413,Scylla,0.12295546193769656
24413,Mamdoh,0.13387380667565604
24413,Easy Equation,0.01978546287202244
24413,Lumberjack,0.03719797622105098
24413,Crystal Guard,0.042990842328870675
24413,Desejada,0.07556347508447084
24413,Angus De Bull,0.02322242862146507
24413,Leon Trotsky,0.07182633194710128
24414,Sporting Hero,0.12290236592425922
24414,Dream Today,0.09357565220872514
24414,Mary Shoelaces,0.02872796527720693
24414,Crystal Luna,0.32283891587479113
24414,Magic Force,0.060339180329877576
24414,Tommy McJohn,0.10810520999121737
24414,Sam's Xpress,0.09724710816650797
24414,Beano Power,0.023958828405055324
24414,My Girl Sioux,0.06741878660098728
24414,Babyface,0.04493738441868531
24414,No Speed Limit,0.029948602802686648
24415,Grace Angel,0.23337446413867402
24415,Master Of My Fate,0.0920381757160318
24415,Jumbeau,0.160848382473258
24415,Brooklyn Nine Nine,0.13495079432350096
24415,Rhythm N Hooves,0.1630863738843311
24415,Counsel,0.1734521012922812
24415,Sanat,0.04224970817192301
24416,Volenti,0.3294569827476809
24416,Thats My Boy Luke,0.052455685638580204
24416,Berry Edge,0.038341770681721246
24416,Annandale,0.07567662704330368
24416,Powerful Response,0.013298523709858562
24416,It's A Love Thing,0.037758099302104976
24416,We Still Believe,0.025999442160628692
24416,Sandret,0.1647282434569707
24416,Skilled Warrior,0.04221819788601137
24416,Susiesparkle,0.12600577725232526
24416,Rock Armour,0.09173844531757845
24416,Wath Court,0.002322204803235923
24417,Bantz,0.3112501941763552
24417,Rogue Endeavour,0.02484004641338618
24417,Mrbluesky,0.13764851257877977
24417,Love Games,0.17637758032179754
24417,Kilo Sunshine,0.10895500617483454
24417,Manton Road,0.18427309009469164
24417,Nave Force,0.0380516889902783
24417,Crangy,0.018603881249876802
24418,Senado Square,0.03859122211991521
24418,Is That Love,0.0011739853580651262
24418,Pink Oxalis,0.1560574308528211
24418,The Cola Brasil,0.21856278432683635
24418,Circles,0.03539027242818562
24418,Mullacash Buzz,0.0019553339325741543
24418,Profit Surge,0.0011197921915413129
24418,Notforalongtime,0.01685812788855882
24418,Seas And Oceans,0.11799662917501041
24418,Villemacho,0.1031037099297179
24418,Holly Woods Dancer,0.07824378353440425
24418,Master Garvey,0.04808380054203418
24418,Jackandthefox,0.043462120452269555
24418,Knockmore Prince,0.13940100726806595
24419,Respectful,0.052897109270165166
24419,Roaring Ralph,0.07609124100650581
24419,Blackjack,0.0970566945672204
24419,Too Much,0.07391178464776989
24419,Profit Street,0.09250481413726958
24419,Tickets,0.14331562821692873
24419,Captain Vallo,0.027140999183783366
24419,King's Crown,0.14100819139226775
24419,Cooperation,0.07830266989130188
24419,Rory,0.13614393565563265
24419,Galel,0.08162693203115481
24420,Trishuli River,0.33251077251722755
24420,Vierson,0.09671217072968033
24420,Goldsmith,0.01910674116256165
24420,Ice Opera,0.03720763047079846
24420,Limestone Red,0.09196287987970296
24420,Rockbury Lad,0.1612516173046229
24420,Seti,0.05475332894135054
24420,Signor Ferrari,0.004532781414647187
24420,Sarmiento Power,0.011636629755669748
24420,Highland King,0.09318376193783187
24420,Pillar Of Hope,0.0014806999952764724
24420,Serengeti Sunrise,0.001676254545470865
24420,Fine Print,0.09196853621906566
24420,Adare Beauty,0.002016195126093853
24421,Juan Les Pins,0.04566027623592208
24421,Zip,0.06619899242038203
24421,Waiting All Night,0.14344459931919984
24421,William Dewhirst,0.1861121148728562
24421,Lerwick,0.17007234598523632
24421,Barnaby,0.20006902905028984
24421,Danielsflyer,0.04503067078784726
24421,Starliner,0.020838022126403757
24421,King's School,0.08750221089128174
24421,Callianassa,0.035071738310580795
24422,Brian The Snail,0.1131990104636372
24422,Birkenhead,0.08114064100793712
24422,Castan,0.17589301625683076
24422,Ganesha,0.02376263193187546
24422,Glory Fighter,0.041337921569347486
24422,Papa Cocktail,0.06681531509513369
24422,Golden Rainbow,0.1394432042441814
24422,Beneficiary,0.07232390052004876
24422,Street Life,0.04127909377667847
24422,Pockley,0.24480526513432946
24509,Crystal Luna,0.23475911387669615
24509,Sam's Xpress,0.06048330725890981
24509,Beano Power,0.0338326012583427
24509,My Girl Sioux,0.08301675962714007
24509,Hastily,0.2492648793553348
24509,No Speed Limit,0.036034854608817515
24509,Turn Up The Beat,0.18579658194833468
24509,Hezahunk,0.015885843035985198
24509,Eric Lock,0.04451609801385996
24509,Historical Fact,0.0564099610165791
24510,Metamorpheus,0.26104157168416686
24510,Doctor Grace,0.1971701818924606
24510,Pillar Of Hope,0.0017202772541111346
24510,Guest Star,0.029633144114118326
24510,Latin,0.24053825482126345
24510,Say You're Sorry,0.04712665478352593
24510,Porsche Lad,0.0011854811049267385
24510,Hope And Innocence,0.08037635773523419
24510,Knockmore Prince,0.08508379639233686
24510,Saxon Kingdom,0.002127979549917428
24510,Uberrima Fides,0.0011737472341206351
24510,Bringsty,0.052822553433817775
24511,The Organiser,0.38023831927067125
24511,Serenity Dream,0.08653620338978923
24511,Soames Forsyte,0.1013738739587257
24511,Blufferonthebus,0.06295918010056761
24511,Guy Fawkes,0.04555314881998449
24511,Emily Post,0.0697381784760482
24511,Woodleigh,0.027894702561133917
24511,Thanks Dad,0.03052214943148815
24511,King Of York,0.039159551291165245
24511,Billy McGarry,0.1350103650250605
24511,Embarked,0.02101432767536574
24512,Pavilion End,0.1798258751642207
24512,Polemon,0.292036752028054
24512,Migdam,0.17503955927778073
24512,Pearl Jewel,0.2940310049087669
24512,Theophilos,0.013609179095734714
24512,Gracesolution,0.04545762952544296
24513,Pearl Eye,0.15160666438873638
24513,Bravo Zulu,0.2476926643016147
24513,Hitched,0.33010500680143906
24513,Urban Road,0.09340415753964956
24513,Eden Storm,0.17507715423583742
24513,Super Over,0.0021143527327229074
24514,Tropez Power,0.07862887618389285
24514,Zip,0.13808191097671496
24514,Dolce Courage,0.020979222603607767
24514,Legal Reform,0.17626013748861463
24514,Invincible Aura,0.1355502598364709
24514,Abduction,0.12304631012649225
24514,Alcazan,0.06661164749569912
24514,Cash Or Crypto,0.2608416352885075
24515,Altimara,0.04995773575593522
24515,Imperial Fighter,0.026179466956713738
24515,Chavajod,0.12090087696923746
24515,Free Solo,0.10763359467042194
24515,Daonethatgotaway,0.27254125480567054
24515,Punk Poet,0.020098105147177556
24515,Rockbury Lad,0.09051732472353775
24515,Seti,0.040442200052707045
24515,Hurricane Helen,0.08065073460501741
24515,Rampage,0.02102856554352099
24515,Pink Oxalis,0.15307331639001037
24515,Feature This,0.01604325150851476
24515,Serengeti Sunrise,0.0009335728715351997
24516,Stroxx,0.09315414333982833
24516,War Zone,0.14290218186082695
24516,Street Life,0.05048858244972496
24516,Astapor,0.004053583245211711
24516,Second Collection,0.16198107777012516
24516,Himawari,0.09242014150026968
24516,Starshot,0.06042717750974265
24516,Red Walls,0.11947730464367799
24516,Admirable Lad,0.10212726244018841
24516,Midnightattheoasis,0.08387237717862786
24516,Hi Hoh Tonto,0.0890961680617764
24517,Tough Enough,0.04112385007731794
24517,Diamondonthehill,0.10506270081093733
24517,Our Havana,0.17756585580973602
24517,Way To Dubai,0.06575540866599326
24517,Feel The Need,0.25839380389355054
24517,Court Of Session,0.04705189587522154
24517,Eligible,0.23273396349020317
24517,Ten Commitments,0.07231252137704018
24518,All Right By Me,0.18045190833060687
24518,Faithlegg Lodge,0.2240705013573227
24518,Amber Blossom,0.17939756167003312
24518,Sunriseontheboyne,0.18091052899433502
24518,Your Call,0.09407194628328146
24518,Esque Elegance,0.1337928148085408
24518,In The Minus,0.0017317601600744578
24518,Hooz In Court,0.0055729783958056505
24519,Knockbrex,0.12262804049278364
24519,Pleasant Man,0.0789108768826431
24519,Robusto,0.08097619233488472
24519,Cardano,0.055783831193181144
24519,Rogue Tornado,0.22752895336578646
24519,Optician,0.29157244905672786
24519,Tradesman,0.14259965667399296
24520,Shartash,0.268335850380019
24520,Fivethousandtoone,0.07721535549599255
24520,Rosario,0.046428418742977325
24520,Badri,0.1140437741795494
24520,Mums Tipple,0.06463318800629993
24520,We Never Stop,0.0958461385775364
24520,Many A Star,0.051393055772511034
24520,Havanagreattime,0.0879961182557111
24520,Tiger Crusade,0.067111155144961
24520,Rohaan,0.08169950454405288
24520,Juan Les Pins,0.04529744090038925
24521,My Brother Mike,0.22129767542514045
24521,Bird Of Play,0.03622828428543351
24521,City Escape,0.22273063078827626
24521,Venetian,0.0025255592130538295
24521,Strategic Fortune,0.02166147463631465
24521,Port Noir,0.15166383555863505
24521,The Pug,0.14735053226250608
24521,Mr Trick,0.19654200783064021
24522,Tides Of War,0.08588758386174901
24522,Sax Appeal,0.18661867302906088
24522,Humble Spark,0.10638074251377716
24522,Charlie's Choice,0.13310596841610134
24522,Not Me,0.18686697965993734
24522,Tortured Soul,0.15924537872511757
24522,Without Compromise,0.06448995168534993
24522,Annexation,0.07740472210890685
24523,Daamberdiplomat,0.3107310410431571
24523,Harry's Bar,0.14697997885459446
24523,Mehman,0.12591919855200556
24523,Inishmot Prince,0.10360120202195063
24523,Collective Power,0.03708425773152146
24523,Dontspoilasale,0.12870003213968353
24523,Never Shout Never,0.1469842896570872
24524,Enrolled,0.12539623550535148
24524,Master Of Zest,0.007384875553615142
24524,War Hawk,0.1829909240190218
24524,Sorbus,0.08433658174928615
24524,Ventura Dream,0.1612121029130661
24524,Tuco Salamanca,0.07799428684678489
24524,Blue Seeker,0.2213560516918017
24524,Hot Frank,0.13932894172107277
24525,Commander Of Life,0.09320151834629611
24525,Mr Mistoffelees,0.18114709614835836
24525,Overnight Oats,0.14824912299800622
24525,Etretat,0.1878576379897889
24525,Shaw Park,0.05001502072209214
24525,Yeoman,0.14583673074866735
24525,Wilde And Dandy,0.06045206617967803
24525,Visibility,0.09446691646362362
24525,Down To The Kid,0.03877389040348944
24620,Coverbridge,0.1967633639899739
24620,Tequila Rose,0.06772779179338094
24620,Rumba Bay,0.0756684283638437
24620,Mister Sky Blue,0.1066962690964944
24620,Ballsgrove Boy,0.11104265107054392
24620,Focus On Zaam,0.035145678523399546
24620,Bad Habits,0.10247159585286574
24620,Sanbona,0.06820143924224456
24620,Perfidia,0.08782033390251706
24620,City Captain,0.06667317210425655
24620,Ardilly Breeze,0.07252564435552386
24620,I Got Know How,0.009263631704955875
24621,Forceful Speed,0.005753561641421457
24621,Siempre Arturo,0.27211673051242546
24621,Calumet,0.20295847078875212
24621,King's Code,0.04767437654473302
24621,Marhaba The Champ,0.07065309802457871
24621,Ocean Of Dreams,0.10608027760435566
24621,Qitaal,0.11475055684859134
24621,Lightening Company,0.07786493594210586
24621,Glistening Nights,0.10214799209303638
24622,Perseus Way,0.19689044524359578
24622,Chuzzlewit,0.11641042155091079
24622,Power Of Gold,0.01568149614155324
24622,Spioradalta,0.08481434285150342
24622,Paris Lights,0.15141887344934246
24622,Phone Tag,0.06959909969693545
24622,Jewel Maker,0.032054910901011834
24622,Arkenstaar,0.1414692919770534
24622,Visibility,0.1916611181880936
24623,Reel Her In,0.2418399159927464
24623,Tarbat Ness,0.5536181387426485
24623,Man Of Riddles,0.08486481110249419
24623,Quercus Robur,0.029758891552641824
24623,Balkotic,0.08991824260946923
24624,Keldeo,0.17012262271417095
24624,A Girl Named Ivy,0.08272391499601342
24624,Emperor Caradoc,0.10221950090468686
24624,Reigning Profit,0.2607923935625857
24624,Willolarupi,0.03990001808542488
24624,Dandy Dinmont,0.028025300154926838
24624,Midnight Lir,0.10161089151926718
24624,So Grateful,0.11752705544959056
24624,Better,0.08388644309756982
24624,Opal Storm,0.013191859515763836
26120,Shalaa Asker,0.0037442135473204122
26120,Fortunate Star,0.39059963275385284
26120,Better,0.1004904339142691
26120,Show Me Show Me,0.09565985104206018
26120,So Obsessed,0.1543539977064377
26120,It's Showtime,0.07347214131001407
26120,Desert Master,0.14673586284852447
26120,Stone Of Destiny,0.034943866877521164
26121,Aikhal,0.07337948169442955
26121,Bizarre Law,0.050094533329333286
26121,Palazzo Persico,0.1714618987976354
26121,Risen Again,0.050197953835751805
26121,Shady Bay,0.115283731353898
26121,Night Bear,0.12812072470403163
26121,The Bay Warrior,0.05983204621544658
26121,Down To The Kid,0.04115982557868415
26121,Lightningboltzoom,0.006716769696016582
26121,Path To Glory,0.10419026157579386
26121,Harry The Haggler,0.19956277321897897
26122,Pjanoo,0.10551858878406327
26122,Harvard Sound,0.09407531299811889
26122,Angel Of Antrim,0.21416115655823312
26122,Lattaash,0.08315762654673475
26122,Encourageable,0.007074421709350251
26122,Enola Grey,0.11060746288006162
26122,Ormolulu,0.14869809163448272
26122,Legal Reform,0.05750207336275913
26122,Eligible,0.09412773969200748
26122,Our Havana,0.06484869212078721
26122,Three Yorkshiremen,0.020228833713401603
26123,Call Glory,0.22413197805702958
26123,Bibendum,0.18598355932234856
26123,Bellagio Man,0.07370715825319962
26123,Rusheen Boy,0.11302241423715066
26123,Sir Rodneyredblood,0.059827520822918895
26123,Arc Shadowfax,0.1246304275756618
26123,Yoshimi,0.06254249032194827
26123,Bomb Squad,0.15615445140974266
26124,Collusion,0.24914601250512017
26124,McCauley's Tavern,0.09859300559680433
26124,El Hibri,0.0682876504838564
26124,Big Bard,0.12166905285473782
26124,Dan Dee Prince,0.06570473959123263
26124,Under Curfew,0.22856315988922588
26124,Heartrate,0.1348401127545752
26124,Don't Fight It,0.03319626632444756
26125,Sam's Hope,0.038808389677782495
26125,Card Shark,0.013445669612438996
26125,Bo Taifan,0.08440858520515096
26125,Genta,0.06729983821769865
26125,Ballybaymoonshiner,0.12407918072789362
26125,United Force,0.09968983157546787
26125,Morindoo,0.15313995063706345
26125,Stella Hogan,0.10748663872535442
26125,Nasim,0.01872165086443079
26125,Beauen Arrows,0.029941184015744356
26125,Liege,0.002259816193591081
26125,Cherry King,0.2365780153173695
26125,Tea Leaf Ted,0.022697736964820085
26125,Moorgate,0.001443512265193776
26126,Top Of The Class,0.1422498362279503
26126,Gaiety Musical,0.1548931385382345
26126,Next Trick,0.006066562920934118
26126,Heart Of The City,0.09431358794281401
26126,Midsummer Music,0.16140805731010188
26126,Prefer The Sister,0.160497474972665
26126,Zepparella,0.04959089969248126
26126,Help Me Rhonda,0.2062000924645554
26126,Ashford Hill,0.024780349930263436
26127,Sweet Fantastic,0.10597827573396663
26127,Montrachet Girl,0.04182238752734199
26127,Mini Mac,0.04679904332546364
26127,Dapper Gee Gee,0.09085814279063276
26127,Choreographic,0.16425627231192078
26127,Ant Colony,0.05505730807866751
26127,Azoozi,0.030703931980291928
26127,Reporter,0.1369925527585915
26127,Panama Black,0.11848149934665388
26127,Bad Habits,0.03594517498022806
26127,Arlecchino's Rex,0.17310541116624142
26128,Aroof,0.06347328050992274
26128,Rosco Rogers,0.0010264679951667165
26128,Gemmari,0.11531278729766892
26128,Gray Rainbow,0.15024767725034802
26128,Bruce Banner,0.048665307553233283
26128,Abstract Art,0.17339247913087394
26128,No Release,0.20114635460346053
26128,Just Dawned On Me,0.0655195068716598
26128,Spaceage Love Song,0.18121613878766601
26218,Jesse Luc,0.001440971068703458
26218,Caesars Pearl,0.10494520850033512
26218,Almodovar Del Rio,0.07663132456799224
26218,Piperstown,0.23591862096704364
26218,Voltaic,0.04852752439251717
26218,So Grateful,0.10528644505706737
26218,Belle Flora,0.07449322662536452
26218,Raft Up,0.17566872087098737
26218,Broxi,0.05612680293933321
26218,Dodgy Bob,0.07296794572759649
26218,Love Is A Rose,0.04799320928305959
26219,Swinging London,0.12944778916299673
26219,Golden Flame,0.15176359437730222
26219,Weddell Sea,0.0071810620836966835
26219,Doublethetrouble,0.14360428922471768
26219,Breathless Bishop,0.16531551386260365
26219,Mafia Power,0.22471506672708103
26219,Man Of Action,0.10276619396534768
26219,Saxon Star,0.07520649059625434
26220,Blue Anthem,0.28651944797041473
26220,Squires Treaty,0.010392447977302799
26220,Ventura Dream,0.1409656770181337
26220,Sweet Cicely,0.14879079061635336
26220,Spec Of Light,0.09562947083027742
26220,Dixie's Delight,0.07598241863814707
26220,Tiny Rebel,0.02771992109105514
26220,Makes Me Wonder,0.2139998258583158
26221,Fast Fred,0.11898492332917075
26221,Ribba Hill,0.05120864953744825
26221,Percy Willis,0.10570522568501914
26221,Elemental Eye,0.04602986395205341
26221,Byron Hill,0.24086917401513477
26221,Jujubella,0.0630980449722072
26221,High Court Judge,0.19152159559181
26221,Show No Fear,0.09030073181508004
26221,Alpine Sierra,0.07011277864497854
26221,Bella Bluesky,0.022169012457097976
26222,Crest Of Light,0.19999638613861861
26222,Callout,0.16156249788893287
26222,Eva Dickson,0.13828147545600486
26222,Antiquity,0.14680209833598207
26222,Top Of Pleinmont,0.07599079178574805
26222,Risk,0.1092123931292618
26222,Goldrush Glory,0.06033489995036899
26222,Cuda Been A Rowlex,0.10781945731508277
26223,Enola Grey,0.10265493027732477
26223,Gaiety Musical,0.285557866977581
26223,Just A Spark,0.09557896063649679
26223,Ghaihaban,0.09860878541187267
26223,Liv My Life,0.08302592727958881
26223,Quandary,0.23042674876824717
26223,Powdering,0.04267970224754818
26223,Petra Celera,0.06146707840134065
26224,Tempus,0.424227630196768
26224,Indalo,0.1849227227783244
26224,Dingle,0.08401546422063429
26224,Longhaired General,0.05306791587409343
26224,Quiet Resolve,0.25376626693017984
26225,Midnight City,0.2498520052808648
26225,Dandy Magic,0.11310768428586827
26225,Leadenhall Street,0.10812102543422815
26225,Mighty Ruler,0.060192373115904
26225,Alashos,0.01207230887927208
26225,Mini Mac,0.0008992609332813673
26225,Bow Street,0.08114656474064996
26225,Psychodrama,0.09523419979446085
26225,Cemlyn,0.16859004931993268
26225,Piranha Rama,0.11078452821553791
26226,Ormolulu,0.12519234953809533
26226,Dark Kestrel,0.21279731683151903
26226,Monks Dream,0.07648960351730177
26226,Novak,0.12791420209430385
26226,Strong Power,0.026871550139065465
26226,Beale Street,0.13866589173096322
26226,Neapolitan,0.04727529797906998
26226,Biplane,0.03642207904599733
26226,Parisiac,0.08029977574211365
26226,Sibyl Charm,0.1280719333815704
26227,King Of The Jungle,0.25454826567996897
26227,Nelson Gay,0.16264346847328068
26227,It's Showtime,0.1260195997978265
26227,Green Tax,0.019782438754810634
26227,Dash Gordon,0.17944622280900147
26227,Sir Benedict,0.2150979960566699
26227,Ballysax Lil' Mick,0.04246200842844193
26228,Rebecca's Girl,0.4074341695699769
26228,Rory,0.13300397113600668
26228,Pallas Lord,0.22464718589733235
26228,Flash The Dash,0.05042085311644197
26228,Keep Me Stable,0.04394496457542425
26228,Concert Boy,0.015753365153810036
26228,Anif,0.04678112274138145
26228,Elettaria,0.011841150074955323
26228,Alexander James,0.06617321773467097
26229,Init Together,0.31449730342686727
26229,Mr Zippi,0.015481353393566752
26229,Mr Nugget,0.21322860277169833
26229,Market House,0.13848100919476702
26229,Oyamal,0.010187517722033057
26229,Khangai,0.27838217082539257
26229,Reason To Pass,0.029742042665674887
26323,Corsican Caper,0.04016686997336922
26323,Forest Spirit,0.1633698283474034
26323,Khangai,0.24950114938133566
26323,Moon Over The Sea,0.24814860592409352
26323,Oyamal,0.01205880996917238
26323,Alvesta,0.10332337930081112
26323,Bay Of Naples,0.09250863309623923
26323,Hannasboy,0.09092272400757546
26324,Scarlet Sunset,0.2571752007165863
26324,Patrol,0.16454209275663684
26324,One Horse Town,0.001265306517450155
26324,Ray Gun,0.1906014787612225
26324,Hi Ya Mal,0.19238508234558258
26324,Gemmari,0.14002688510931216
26324,Houndsworth,0.05400395379320952
26325,Enola Grey,0.11809896955531096
26325,Bellarchi,0.06872438686007365
26325,Viennoise,0.20255615920148184
26325,Gaiety Musical,0.30590523965272237
26325,Top Of The Class,0.13797464537520754
26325,Delicacy,0.1667405993552036
26326,Wonder Legend,0.5506514685399059
26326,Plage De Havre,0.02613601974352638
26326,Circuit Breaker,0.0023340192640726623
26326,Fleurman,0.04717242578295035
26326,Road To Wembley,0.3737060666695448
26327,General Assembly,0.2540597384370198
26327,Maharajas Express,0.08153116180906639
26327,Aces Wild,0.11234520019606387
26327,Rosenpur,0.06352959843404667
26327,Coolagh Magic,0.07495861889085914
26327,Phoenix Beach,0.076799635322583
26327,Recon Mission,0.042793151392937614
26327,Buraback,0.20421819426134302
26327,Basholo,0.057559307477540844
26327,Anglesey Lad,0.03220539377853968
26328,Good Banter,0.21348079498563277
26328,Sex On Fire,0.30311707080466327
26328,Toy Soldier,0.06799008094315472
26328,Well Enough,0.024392674318624463
26328,High On Hope,0.18463968379069173
26328,Saxonia,0.20637969515723298
26329,Emaculate Soldier,0.16734716845137482
26329,Percy Willis,0.07495889178531662
26329,Green Team,0.0613850364856107
26329,Palazzo Persico,0.11434524425136261
26329,Sant Alessio,0.13815721250596513
26329,Init Together,0.23493486860237298
26329,Come On John,0.20887157791799718
26330,Humam,0.2210117197054304
26330,Proudly Yours,0.04627927112653764
26330,Line Of Force,0.07940611426630728
26330,Leadenhall Street,0.1522717852871434
26330,The Actor,0.025326990813155533
26330,The Flying Seagull,0.06820156868104957
26330,Fan Mail,0.10043541960921536
26330,Ziggy's Ariel,0.028658604448091707
26330,Coul Angel,0.062031117678904214
26330,Midnight City,0.1254200372441135
26330,Blue Lakota,0.09095737114005151
26331,Dicko The Legend,0.15332380163769666
26331,Wallop,0.18850175065859118
26331,One More Dream,0.20616372090729712
26331,Temple Bruer,0.002269415528763865
26331,Jesse Luc,0.003668422176284076
26331,Papa Cocktail,0.11454268305801941
26331,Jimmy Knocker,0.0007386611591855685
26331,Classy Clarets,0.11377234648526398
26331,Oriental Prince,0.21701919838889833
26332,Bay Of Dreams,0.329477146793952
26332,Take The Boat,0.03491527073870396
26332,Herkeios,0.08736143474652772
26332,All Cost,0.05775027572416606
26332,Havana Club,0.1844414889176574
26332,Ballarat Bertie,0.1929932178577224
26332,Eva's Eyes,0.11306116522127045
26441,Woodhay Wonder,0.04141741100366385
26441,Elmonjed,0.16950863036256858
26441,Indian Run,0.044061138841878594
26441,Vantheman,0.17206210037916062
26441,Aramram,0.04499322805588054
26441,First Folio,0.07925197533151918
26441,Dark Thirty,0.05183403298792265
26441,Trefor,0.06619188238002514
26441,Probe,0.023812301147398813
26441,More Thunder,0.09946331901837892
26441,Physique,0.12209955805591984
26441,Ararat,0.058988513714252955
26441,Twilight Romance,0.026315908721430338
26442,Treasure Fleet,0.3514642544309864
26442,Brindavan,0.19112017014496266
26442,The Trickster,0.037581048966065615
26442,Lady Chartwell,0.13713408639706984
26442,Hallelujah U,0.2827004400609156
26443,Ciotog,0.1758383130604341
26443,Dream Pirate,0.3099029911448424
26443,Love Your Work,0.040968760345273886
26443,Francesi,0.1912419593086416
26443,Newfangled,0.1505764774076428
26443,Port Erin,0.09102490718626838
26443,Mr Fustic,0.0013558652224673388
26443,Happy Chandler,0.00820868300765541
26443,Angelica K,0.001864445547602198
26443,Autumn Festival,0.029017597769171947
26444,Drumstick,0.19179938770855517
26444,Norflondonforever,0.10952405628690734
26444,Racing Demon,0.06779908225341828
26444,Calanthe,0.005589498595140712
26444,Pride Of Nepal,0.04630418654100146
26444,Ectocross,0.16851691097016855
26444,Luna Dipinta,0.0015542582278710055
26444,The Spotlight Kid,0.2681135906252421
26444,Bluebottle Blue,0.030187529681326365
26444,Taskheer,0.11061149911036908
26445,Warrnambool,0.078903858392092
26445,Blewburton,0.08027029612707536
26445,Jersey Maverick,0.08227709238625744
26445,Invincible Melody,0.34310857000987555
26445,Orchard,0.06408458449976291
26445,Blue Seeker,0.10273425503745642
26445,Knights Gold,0.06770007657139054
26445,Optimatum,0.11472067338932539
26445,Prince Of Joy,0.038399650928927095
26445,Split Silk,0.027800942657837235
26446,Mighty Ruler,0.12910195727248996
26446,My Mate Kev,0.1741645776014653
26446,Fleetwater,0.07361714959826691
26446,Brightwalton,0.05835079487424581
26446,Spirited Dancer,0.11222789187000379
26446,Spiritualism,0.04247713288986303
26446,Foro Romano,0.17969494014766213
26446,Equalised,0.036218543944843085
26446,Dream Out Loud,0.1941470118011601
26447,Bishop's Crown,0.07489289372774113
26447,Blue Day,0.08915944770493454
26447,Intervention,0.04884060316939589
26447,Eminency,0.12245532284396317
26447,Treacherous,0.027320206108336777
26447,Danger Alert,0.0414559265655541
26447,Thursday's Child,0.06731919590266276
26447,Al Ameen,0.17851665108123302
26447,Twilight Madness,0.009201846638391629
26447,Capote's Dream,0.06167128422931094
26447,Liosa,0.23325227102545842
26447,Tiger Tulip,0.04591435100301765
26448,Odin Legacy,0.09072219916621396
26448,Damascus Steel,0.09153163893086856
26448,Caprelo,0.03239223621879786
26448,Bas Bleu,0.1570360615101701
26448,Syllabus,0.0632940128677842
26448,Federated,0.16161732922890687
26448,Brodie's Boy,0.01182272408538702
26448,One Cool Dreamer,0.07469274502222259
26448,Detroit Lion,0.1322076539965056
26448,Ocean Heights,0.0361297898192698
26448,Pursuit Of Truth,0.10597959875878947
26448,Gold Souk,0.04257401039508395
27995,Sonmarg,0.18821928732908463
27995,Capuchinero,0.13061407101917974
27995,Star Pupil,0.4739466626319494
27995,Gone Rogue,0.11427491375191458
27995,Go Wild,0.09294506526787162
27996,Momaer,0.32273004773835706
27996,Blazes Boylan,0.07273003169804072
27996,Angle Land,0.12532167732878935
27996,Rainyniteingeorgia,0.04195910694366856
27996,Bill Plumb,0.06587419698053278
27996,Antiphon,0.06453296203485825
27996,Gogo Yubari,0.15272992360023707
27996,Merrimack,0.15412205367551607
27997,Warren Hill,0.18638025913703637
27997,Cephalus,0.09195438085215583
27997,Gordon Grey,0.05776929609660036
27997,Etretat,0.32098202924902125
27997,Sonnerie Power,0.035870437490852405
27997,Switchel,0.16501320850815615
27997,Tiptoe,0.14203038866617748
27998,Roscioli,0.0787989570215763
27998,Union Island,0.2541322288959881
27998,Claxton Bay,0.17264467230892502
27998,The Spotlight Kid,0.3117793179078623
27998,Got No Dollars,0.1598931163830636
27998,Tancredi,0.02275170748258472
28088,Four Adaay,0.08661448975173612
28088,Harb,0.07605488540007252
28088,Mick's Spirit,0.10236298866775767
28088,Harry Brown,0.14790713798535865
28088,The Defiant,0.04303467630539717
28088,Coolagh Magic,0.11383190151853897
28088,Beaumadier,0.17104877158166712
28088,Pop Dancer,0.06607335408172649
28088,Lion Ring,0.19307179470774527
28089,Al Waqidi,0.08152573876113432
28089,Diamondonthehill,0.09246596095978893
28089,Bravo Zulu,0.1866805764466776
28089,Invincible Aura,0.13655106324136398
28089,Robbo,0.07967881918689895
28089,Party Island,0.05068871570011726
28089,Rey De La Batalla,0.10642577539842979
28089,Thapa Vc,0.04257819658063129
28089,Cavalry Call,0.2234051537249579
28090,Over Spiced,0.04740569420577555
28090,Monomyth,0.031030836010567314
28090,Frankies Dream,0.13246501477013617
28090,Early Release,0.07629257644871684
28090,Toolatetonegotiate,0.06237174525166519
28090,Virtue Temperance,0.17200881522128797
28090,Flicka's Girl,0.0857034565011587
28090,Commendation,0.15921721971920783
28090,Apple's Angel,0.2335046418714844
28091,Rapid Mission,0.0007039750623802756
28091,Arcadian Nights,0.10546664975355163
28091,Hitched,0.1999403009837486
28091,Epsom Faithfull,0.1643317168945514
28091,Not Me,0.20769879493645235
28091,Raintown,0.041984508573584656
28091,Warren Hill,0.11492589887282406
28091,Running The Game,0.07404838735932193
28091,Waterloo Sunset,0.09089976756358509
28092,Forest Haze,0.09467736175169153
28092,Baikal,0.16593813931606977
28092,Villalobos,0.06873558617044608
28092,Formal Address,0.004554575548995202
28092,Honrado,0.18661084912628348
28092,Nasim,0.0046569027311350025
28092,Star Of Sussex,0.0025080548369464527
28092,KimcHi,0.05722478701112486
28092,Venus Slipper,0.41509374350730766
28093,Card Shark,0.06644636051846582
28093,Hellavapace,0.06987010668905147
28093,Dubai Harbour,0.42326063915324846
28093,Rolypolymoly,0.0015095815400481822
28093,Sir Laurence Graff,0.07833397799733487
28093,Danehill Star,0.15115625965368804
28093,Mr Trick,0.16931529832192654
28093,Laurentia,0.001492034228608718
28093,Dizziwizzbang,0.038615741897627794
28188,Tai Tam Bay,0.16991898853766874
28188,Clonmacash,0.048071595150169566
28188,Back Down Under,0.050598655456522625
28188,Dynamic Force,0.029997879472635755
28188,Clever And Cute,0.003579285198826758
28188,Catherine Chroi,0.0020633984064482207
28188,Rathbranchurch,0.05214942498253839
28188,Dark Viper,0.17815885912182117
28188,New Theory,0.1564742353306561
28188,Loingseoir,0.05824303796516265
28188,Mount Ruapehu,0.19848543950583106
28188,Only Spoofing,0.0019725839226729536
28188,I'll Be Handy,0.05028661694904629
28189,Big Gossey,0.06399946583785353
28189,Go Athletico,0.02234712437833933
28189,I Am Superman,0.11355333737072686
28189,Betsen,0.046368710750165805
28189,Stag Night,0.10068675567322573
28189,Apache Outlaw,0.018316181931780657
28189,Merisi Diamond,0.1692895416907608
28189,Love Billy Boy,0.07873969751506636
28189,Staysound Susie,0.06412623850856851
28189,Laugh A Minute,0.035868858168295555
28189,Rappell,0.17743359935767303
28189,Emerald Harmony,0.10927048881754389
28190,Kortez Bay,0.09161819615920147
28190,Take Heart,0.06894712558164781
28190,Flying Finn,0.055133308443145575
28190,Raadobarg,0.000852780993091824
28190,Titanium,0.03339681130974287
28190,Smooth Tom,0.026931032623528747
28190,Monasterboice,0.006557232698059222
28190,Soaring Monarch,0.0008396312308329114
28190,Weston,0.0009028340991817949
28190,Fleetfoot,0.019983769617279892
28190,Gleneagle Bay,0.06519509162273006
28190,Thunder Roar,0.02451015392370519
28190,Indigo Five,0.031688283685517835
28190,Orandi,0.08817919203945253
28190,Catch The Paddy,0.0884692294229086
28190,Independent Expert,0.04263534291664817
28190,Bill Silvers,0.06030451417092536
28190,Cheers Again,0.047815261791996334
28190,Earls,0.018373069643029292
28190,Ephesus,0.013476996567741558
28190,Fratas,0.025001573103404433
28190,No More Porter,0.0092375377030823
28190,San Aer,0.008133994496628567
28190,Fort Vega,0.06303198702460916
28190,Rhythm King,0.0684651558441627
28190,Casanova,0.008764659208467567
28190,Proleek Prince,0.03155523407927828
28191,Rampage,0.014149113198864608
28191,Pandion Power,0.11203037648264387
28191,Escape Act,0.004350845699936642
28191,Breathe Again,0.07161792050708989
28191,Little Keilee,0.061382946073555184
28191,Neo Smart,0.01177158239872447
28191,Goldrush Kid,0.002657882011996162
28191,Ice Opera,0.14403008190963126
28191,Narlita,0.0010571859484335257
28191,Cousin Shay,0.27995810978097746
28191,Thompson Gunner,0.0009290242806744115
28191,Gotta Catch'em All,0.0016147912399276222
28191,Martinelli,0.04294423988356486
28191,Roman Harry,0.001274253090648814
28191,La La Lucrative,0.06581481355671046
28191,Newfire,0.11775507378091075
28191,Decorated Elle,0.0007567344241478232
28191,Arthur Rose,0.06590502573156205
28296,King Of Bears,0.11101100681503688
28296,Invictus Gold,0.10508706956358654
28296,Loom,0.03562106918854339
28296,Majestic Wave,0.03177725411924139
28296,Bob Mali,0.03524127433176964
28296,Al Misbar,0.24846034624822821
28296,Belgrave,0.11030967204050363
28296,Double Rush,0.09355844310570971
28296,Gallant,0.184253847485468
28296,Cayman Tai,0.0446800171019127
28297,Grace Angel,0.020729902872128014
28297,Good Earth,0.20564529995977826
28297,Trilby,0.23585495968019826
28297,Elegant Erin,0.17108964812404207
28297,Moon Flight,0.04705751871466583
28297,Dickieburd,0.1811255978796163
28297,Equity Law,0.13849707276957124
28298,Hiya Maite,0.32565599956496183
28298,Duran,0.024470623019766356
28298,Smart Vision,0.07287008776000381
28298,Angel Shared,0.08471929024186438
28298,Spirit Of Applause,0.10724232917402349
28298,True Promise,0.11416772586028777
28298,Northern Spirit,0.07610707663489721
28298,Albegone,0.08454523363846381
28298,Havana Rum,0.11022163410573131
28299,Edge Ofthe Unknown,0.02179264652264927
28299,Sir Peter Fossick,0.23041666196116548
28299,Lightening Mann,0.4540802289526968
28299,Kokanee,0.11277779368412807
28299,Trojan Soldier,0.09998884583019403
28299,Shielas Well,0.0809438230491665
28300,Elegant Madame,0.18734585981821522
28300,Declaree,0.016222207835167528
28300,Pink Oxalis,0.18525553833714486
28300,Storm Averted,0.06088930737610689
28300,Super Exceed,0.022737818809254073
28300,Victoria Kesia,0.03616251281505941
28300,Star Mind,0.20260419444993777
28300,Miss Abby Jools,0.2887825605591141
28301,Prince Achille,0.1872452629209567
28301,Nibras Gold,0.31643572658492447
28301,Whatacracker,0.04785922767954532
28301,Dr Rio,0.026143364691934273
28301,Freddy Robinson,0.3207060084728936
28301,Marioento,0.016242066281944276
28301,Sisterandbrother,0.08536834336780137
28302,Morning Approach,0.07113941229334278
28302,Breathe Again,0.07738384807877229
28302,Hasten Slowly,0.007114726034024842
28302,Rampage,0.005442007114162359
28302,Summer Snow,0.0195156635606215
28302,Timeonourside,0.22443279042397177
28302,Uncle Albert,0.019384858320924243
28302,Numidia,0.01229254125126765
28302,Out On Friday,0.04662846101740403
28302,Bringsty,0.0071302476629092875
28302,Skontonovski,0.06847390258584884
28302,The Bog Bank,0.005540641665008857
28302,Unterberg,0.010781559955561293
28302,Gallo Dell Cielo,0.21654784040887512
28302,Newfire,0.12156988790372776
28302,Pauline's Dream,0.08076411316377399
28302,Captain Ciano,0.005857498559803434
28303,Berkshire Smudge,0.1432099714045159
28303,Suzette,0.10862608562307086
28303,Moby Quick,0.04302729651433471
28303,Law Degree,0.09641461993674919
28303,Blueandtangerine,0.036162018825718026
28303,Beltadaay,0.07552557529601274
28303,Impartiality,0.029369459978680037
28303,Top Bins,0.06086939221959038
28303,Harswell Ruby,0.02836495033791215
28303,Seed Investor,0.2586453524894081
28303,Vesperado,0.05294839329131262
28303,Sovereign Class,0.06683688408269536
28304,Jumby,0.11864250895104446
28304,Ten Pounds,0.13400798455509264
28304,Fifty Nifty,0.2954304994034784
28304,Miss Information,0.2886030727924127
28304,Darkness,0.08022322639890332
28304,Stanage,0.07724419797532052
28304,Fahrenheit Seven,0.005848509923748028
28305,Nostra Casa,0.14559735906228874
28305,Not Just Any Eagle,0.3110894731985561
28305,Los Toldos,0.0025601855131932873
28305,Palamon,0.00214700930828777
28305,Grappa Nonino,0.0033563855466957533
28305,Gangster Granny,0.102499797809617
28305,Sioux Eagle,0.0024101068235979615
28305,Walking On Glass,0.20706169084713685
28305,Autocrat,0.18461914495612183
28305,Molly Hall,0.01410476238511987
28305,Glyde Ranger,0.024554084549384764
28306,Catton Lady,0.13620156464422967
28306,Casilli,0.06107149653517149
28306,Mystical Maria,0.21238322504194282
28306,Crown's Lady,0.2610470362928169
28306,Electric Avenue,0.06067335453020059
28306,Dandy's Angel,0.018672098833212532
28306,Bay Dream Believer,0.05146134581597682
28306,Annalee Lass,0.05945210303949781
28306,Coloane,0.03227849544282793
28306,Beautiful Dawn,0.0095094029416301
28306,Two B Tanned,0.09724987688249327
29817,Popmaster,0.06292659621631971
29817,Symbol Of Light,0.02943700905957304
29817,Apiarist,0.09640814632959027
29817,Fantastic Fox,0.05831836359071773
29817,Kind Of Kiss,0.03763667214359476
29817,Nikovo,0.08200925818067634
29817,Mcmanaman,0.03509481658663036
29817,Storm Star,0.11324270024138787
29817,Dragon Icon,0.13187417401975488
29817,Liamarty Dreams,0.017334098037537358
29817,Angel Of Antrim,0.21782849121205844
29817,Feel The Need,0.1178896743821592
29818,Cloud Cover,0.17108250510961892
29818,Moonspirit,0.1367320796441232
29818,Staincliff,0.09763133568019945
29818,Take A Pull,0.07588671422654673
29818,Glorious Angel,0.08090796710197193
29818,Red Maids,0.10141306825294334
29818,Ghaihaban,0.2050209646429308
29818,Liv My Life,0.07530248557023392
29818,Callianassa,0.05602287977143165
29819,Dubai Bling,0.1621838000867409
29819,Marchogion,0.09454182063241275
29819,Line Of Force,0.08488850211924351
29819,Cyclonite,0.2593577574157257
29819,Yes I'm Mali,0.07516905242424714
29819,Brosay,0.11768292897811483
29819,So Darn Hot,0.08890652191534912
29819,Motawahij,0.07497274087040216
29819,Winchurch,0.04229687555776381
29820,Misty Grey,0.04733806347434743
29820,Noble Truth,0.07338916461742347
29820,Marshman,0.02594433706384756
29820,Saint Lawrence,0.12742055299566768
29820,Gweedore,0.005797148424455137
29820,Malc,0.04911408419491306
29820,Coachello,0.07100165242053877
29820,The Caltonian,0.06036475466668761
29820,We Never Stop,0.1328672525821863
29820,Cajetan,0.08223198664717453
29820,King's Lynn,0.11781407333644822
29820,Heathcliff,0.13708759774916976
29820,Run Boy Run,0.0445783405816577
29820,Juan Les Pins,0.02505099124548272
29821,Claymore,0.05454463962686871
29821,Fantasy Believer,0.13471808792015486
29821,Dark Moon Rising,0.13367346682730732
29821,Northern Ruler,0.08473601343692941
29821,Old Harrovian,0.27301130947459407
29821,Dream Harder,0.042536041385163245
29821,Metallo,0.10616469688193664
29821,Mighty Nebula,0.04682535228616595
29821,Midnight Lion,0.12379039216087993
29822,Wise Eagle,0.01244661034399253
29822,Roaring Legend,0.13030437579779536
29822,Cool Party,0.18426403023957183
29822,Arqoob,0.18432229811085007
29822,Cello,0.3090740650576666
29822,Zealandia,0.07817931644363858
29822,Dreams Adozen,0.10140930400648522
29823,Novak,0.19472568443406796
29823,Strong Power,0.018977723095723358
29823,Hiatus,0.14332313873131333
29823,Brazilian Rose,0.21350739113011807
29823,Sibyl Charm,0.1806665623467954
29823,One More Dream,0.051024812059523965
29823,Nazca,0.02890301471609896
29823,Rory,0.0734740678494448
29823,Profit Street,0.09539760563691403
29824,Heart Of Darkness,0.22247351077188396
29824,Genesis,0.004060098106323716
29824,Mehman,0.19225702662565866
29824,Dream Today,0.09899544848535938
29824,Mint Man,0.006480959222824587
29824,Crystal Luna,0.4757329567879496
29825,King Ottokar,0.24604141603609
29825,Asgard's Captain,0.13840898737025445
29825,Desert Emperor,0.04742011838713863
29825,Wiltshire Wonder,0.09278911202053915
29825,Dunstan,0.004533647444671311
29825,Plage De Havre,0.15530814738309642
29825,Alpine Oasis,0.0740952913235965
29825,Path To Dubai,0.11447135890051305
29825,Gallant Lion,0.05908054874759092
29825,Swinging London,0.06785137238650978
29826,Warrior Lion,0.03228208448750297
29826,Scott Lang,0.1620691823242476
29826,Mephisto,0.013875281586729325
29826,Nusra,0.13784540186614785
29826,Chartwell's Lady,0.005773589590544548
29826,Gregorina,0.05813366758596575
29826,Elle Dorado Rock,0.22598756211313045
29826,Jet Times,0.0011223277915108037
29826,Bright Start,0.0006607908887484986
29826,Movie King,0.29513938331042455
29826,Portarlington,0.0017886514898321347
29826,Wishes And Dreams,0.04841510349737157
29826,Quiet Desire,0.016906973467843874
29827,Miggy Magic,0.17934366915303188
29827,Toptime,0.2581858547647683
29827,Havechatma,0.14282304553011643
29827,Lady Nunthorpe,0.12180555822821375
29827,Popular Dream,0.17282226528211872
29827,Beaumadier,0.12501960704175097
29828,Sarmiento Power,0.18028436997733704
29828,I'm Spartacus,0.19338561170591298
29828,Nika Pika,0.02643871996114768
29828,Volatile Analyst,0.10603485356410298
29828,Little Keilee,0.09142374347622985
29828,Port Louis,0.02117375315183453
29828,Free Solo,0.133723047180388
29828,Clonmacash,0.13896382159098095
29828,Nikki Swango,0.05282459352439485
29828,Circles,0.05574748586767116
29829,Mon Na Slieve,0.19548393814670775
29829,Almaty Star,0.07770249831394294
29829,Rhythm N Hooves,0.1410210597138025
29829,Existent,0.36844939984050507
29829,G'Day Mate,0.047846495757464295
29829,Dashing Harry,0.06276234007565952
29829,Juicy,0.10673426815191799
29830,Migdam,0.10027088639288655
29830,Shoot To Kill,0.2946423946738501
29830,Glen Princess,0.0027558766533247224
29830,Mulgrave,0.08248768898762458
29830,Perfect Judgement,0.18789859187582394
29830,Anvika,0.06576088541329658
29830,Dynamic Force,0.08250702568954855
29830,Comfort Line,0.18367665031364497
29831,Blue Secret,0.16334859147961622
29831,Everyoneknowsadave,0.18959207042760273
29831,Mayor Of Maghera,0.03492955188239583
29831,Brightandbeautiful,0.11711967803227731
29831,Tiempo Alegre,0.2065949793771031
29831,McKenna,0.07891603451761278
29831,Squires Treaty,0.007529522268220854
29831,Watkins,0.051093071808056854
29831,Mrbluesky,0.1069933098604785
29831,Empowered Queen,0.043883190346635806
29832,Wrecking Ball Paul,0.19977456733220775
29832,Arthur Rose,0.15560498255980146
29832,Ravelli,0.017253551076718204
29832,Jawhary,0.15247504577923102
29832,Navy Beach,0.2132065132824992
29832,Dromore Glory,0.10146099913265559
29832,Muhalhel,0.028099985534121855
29832,Zentopia,0.00149230781875618
29832,Imperial Miss,0.09154229118070907
29832,Fine Print,0.039089756303299875
29833,Baileys Honeymoon,0.03817958909406399
29833,Wondrous Ways,0.022173454649834612
29833,Lima Sierra,0.022672675592865548
29833,Little Bittern,0.020751747872220047
29833,Grey Operations,0.1466038635833343
29833,Causin A Commotion,0.10455914854408599
29833,A Fine Claret,0.09114328883057284
29833,Prada On Parole,0.051733517640463564
29833,Top Biller,0.10409890072329978
29833,Miss Pocket Rocket,0.23772016713693067
29833,The Last Time,0.15948851274113693
29833,Lily's Symphony,0.0008751335911917679
29949,King's Code,0.249060899021514
29949,Fast Society,0.008203822128436877
29949,Eagle Day,0.14321020311516702
29949,Helm Rock,0.15846873766780994
29949,Way Of Life,0.08126455140933592
29949,Charlie's Choice,0.2235455573826189
29949,Caramay,0.13624622927511743
29950,Caelan,0.013515395014390112
29950,Straight A,0.04790171460038985
29950,Cosmos Raj,0.001491008587498961
29950,Dawn Of Liberation,0.047610681612733005
29950,Ciotog,0.056412905441949206
29950,Overnight Oats,0.3048535898743583
29950,Tea Sea,0.09551023493534148
29950,Calanthe,0.1006401619177672
29950,Berkshire Phantom,0.15832780310683786
29950,Paradoxical,0.17373650490873419
29951,Layla Liz,0.24610098981239506
29951,Kinetic Force,0.0055867577051143995
29951,Neytiri Te Tskaha,0.13125619990867335
29951,Winchurch,0.11437355280797275
29951,Blinky,0.4367639777654806
29951,Fallen Soldier,0.065918522000364
29952,Marioento,0.23158028305175354
29952,Mostly Mozart,0.037885275432279084
29952,Enzos Angel,0.11385117794596974
29952,Cryptos Dream,0.14424352482083652
29952,Naughty Niall,0.10686140962194213
29952,Pessoa,0.17937123785933398
29952,Mykonos St John,0.0664866910969047
29952,City Escape,0.09969581055967217
29952,Break Point,0.020024589611308177
29953,Eldeyaar,0.08786045893292985
29953,Neptune Legend,0.2738351843259627
29953,Rogue Thunder,0.1650244823475126
29953,Nordic Glory,0.1213276465782751
29953,Heartrate,0.1996615006044084
29953,Jumira Bridge,0.04791710573618613
29953,Rockley Point,0.009430926236452575
29953,Sacred Melody,0.09380715579609214
29953,Moorgate,0.0011355394421805668
29954,Back Tomorrow,0.011145815044768966
29954,Vitalline,0.2831709927017239
29954,Starsong,0.07588032541198828
29954,Due Date,0.14495307554286138
29954,Under Curfew,0.09123969441689977
29954,My Boy Jack,0.2146209458702406
29954,Glory Call,0.06401374450317082
29954,Warminster,0.00884571226592945
29954,Available Angel,0.10612969424241689
29955,Mumayaz,0.2762688077254798
29955,Muscika,0.004616551851741359
29955,Angel Of England,0.037720246245370945
29955,Bill Plumb,0.036748644403814326
29955,Rosenpur,0.24444008510178458
29955,Lihou,0.09074471608883299
29955,Tyke,0.15833661503380073
29955,One More Dream,0.15112433354917523
29956,Hierarchy,0.22292783716188733
29956,Whenthedealinsdone,0.11972671262161515
29956,Charlie Mason,0.16991662264004206
29956,Brian The Snail,0.11253764943321629
29956,First Company,0.12767857943160937
29956,Ten Club,0.05800042124199295
29956,Macanudo,0.07509091795501611
29956,Prince Of Bel Lir,0.1141212595146208
30024,Urban Sprawl,0.1413078369704826
30024,Kingdom Of Time,0.1878160586297793
30024,Urban Road,0.12580355024631937
30024,Enthused,0.09787421992815513
30024,Get Jiggy With It,0.08034537275333385
30024,Paradoxical,0.18676556422131319
30024,Ciotog,0.04372816340768554
30024,Laser Focus,0.05570168039983749
30024,Local Bay,0.023968483813593084
30024,Aljezur,0.0566890696295005
30025,Ash Wednesday,0.198256292574451
30025,Ever Driven,0.11808605361549751
30025,Lequinto,0.10196991011341361
30025,Soar Above,0.0841037482362197
30025,Macanudo,0.10518641888165421
30025,South Dakota Sioux,0.16517504770874375
30025,Capuchinero,0.09479708619072559
30025,Triggered,0.10578953834487514
30025,Letter Of The Law,0.026635904334419536
30026,Beauzon,0.07386777717175254
30026,Francisco,0.007276312236831772
30026,Alafdhal,0.08095159790678329
30026,Not Just Yet,0.013401138757755926
30026,Kensington Agent,0.2801558947017571
30026,Smasher,0.25397642247294977
30026,Asadjumeirah,0.1504054702912675
30026,Red Walls,0.1399653864609021
30027,Ta Craic Ann,0.05998050209925737
30027,Resilient Lady,0.05222931611177685
30027,Top Of Pleinmont,0.07105872334506623
30027,Currahee,0.12397396334897619
30027,Magic Topissima,0.12649731509371873
30027,Itsgottobefun,0.04124316116055913
30027,Infantry Officer,0.13494928422408933
30027,Captain Brett,0.23654306056581526
30027,Cuda Been A Rowlex,0.03969744056086645
30027,Bear Baby,0.11382723348987452
30134,Fearnot,0.05293781328945162
30134,Transparent,0.1932510724117608
30134,Byblos,0.04993385290972616
30134,Present Times,0.17585706015756725
30134,Watching Stars,0.18424920859984714
30134,Yabher,0.09478676533210087
30134,King Casper,0.0612472679329047
30134,Happy Banner,0.13151307052146224
30134,Pappa Louis,0.033447766673114755
30134,Canvas,0.02277612217206454
30135,Harper's Ferry,0.1603631808844024
30135,Bopedro,0.06793111915072732
30135,Brioni,0.05974228025700957
30135,Tribal Chief,0.2222282394077529
30135,Bullet Point,0.11684007073507735
30135,Zain Blue,0.029505313594893525
30135,Noisy Jazz,0.13500309564575608
30135,Hiromichi,0.030335691044838166
30135,Mythical Guest,0.0009237882047993982
30135,Urban Sprawl,0.07688577621326469
30135,Waiting All Night,0.10024144486147867
30136,Cairdeas,0.36645931588092406
30136,Lord Roxby,0.04301912771784835
30136,American Style,0.23822926757471805
30136,Far Above The Law,0.002332812090217031
30136,Larchill Lass,0.10771043785752238
30136,Green Pursuit,0.09578494968156787
30136,Stirrup Cup,0.07749233240884622
30136,Invincible Annice,0.005154007143956916
30136,Spring Corn,0.0638177496443993
30137,Dakota Gold,0.08513749187588966
30137,Cairn Gorm,0.12532754535818294
30137,Aberama Gold,0.08583950852992156
30137,Valentine Catcher,0.05008458422989966
30137,La Rochette,0.0036090577553731006
30137,Fortamour,0.048085515906041036
30137,Beyond Borders,0.05023995856872183
30137,Rock Opera,0.23028710498823804
30137,Tiriac,0.09371228901942609
30137,Mr Wagyu,0.016468928193432056
30137,The Good Biscuit,0.08890349245805661
30137,American Bay,0.08045156963327056
30137,Danzan,0.0418529534835469
30138,Toca Madera,0.11557885588352333
30138,Rosario,0.0860897484667164
30138,The X O,0.1730996218984442
30138,Brave Nation,0.11437392050846
30138,Regal Envoy,0.1928288842067193
30138,Fantasy Master,0.0792857551102071
30138,Isle Of Lismore,0.061072247963260315
30138,Mesaafi,0.07806940258784148
30138,Spring Bloom,0.099601563374828
30139,Loyal Touch,0.07173723244913081
30139,Yorkshire Lady,0.08886901451568059
30139,Lord Protector,0.04071839484430899
30139,Wintercrack,0.17744757582719378
30139,Financer,0.05016623939711237
30139,Have Secret,0.23987253726118157
30139,Ey Up Its The Boss,0.2672308111508321
30139,Hosanna Power,0.035962279426231
30139,Cockalorum,0.027995915128328847
30140,White Chapel Road,0.2665326986885223
30140,Cavolo Nero,0.1406925912374604
30140,Power Fizz,0.18236285248228679
30140,Prosperitas,0.07890317478549548
30140,Toy Soldier,0.014055424964542703
30140,Lunar Orbit,0.03471945283333238
30140,Panama Black,0.08955540128777476
30140,Organ,0.14846681813945703
30140,Letsbeatsepsis,0.044711585581128165
30141,The Outlaw,0.22994958007209246
30141,Flagon Dry,0.06898537810233048
30141,Last Shamardal,0.1637939467758714
30141,Criminal Shore,0.10495548451455343
30141,Bebside,0.0879484024318519
30141,Epicurian Lad,0.2088869012135542
30141,That Lucas Fella,0.06487069371539277
30141,Orchestral Wave,0.07060961317435333
30142,Line Of Force,0.0976977166390011
30142,Love Is The Law,0.030370538834014662
30142,Art Market,0.2574017517208467
30142,White Crown Star,0.30001365932359714
30142,Isabella Castile,0.07163593571287448
30142,Simply Blue,0.009029376001936712
30142,Camera Shy,0.1619876683936798
30142,Noble Guest,0.0013515219355659722
30142,Valsharah,0.0705118314384833
30143,On The River,0.08791613336043104
30143,Dutch Decoy,0.05713182168223277
30143,Bowood,0.2021568815274125
30143,Yermanthere,0.05838320306788363
30143,Pisanello,0.05504967101920765
30143,Garden Oasis,0.04667923618491039
30143,Overnight Oats,0.16690150803128326
30143,Broken Spear,0.3257815451266387
31712,Red Flyer,0.0816801047567888
31712,Emaculate Soldier,0.0951469283325889
31712,Hedonista,0.19753680467528395
31712,Haaland,0.06706435763652982
31712,Met Office,0.08860083696126761
31712,Sharp Distinction,0.061604640792085885
31712,Sax Appeal,0.10206433509112153
31712,Alright Sunshine,0.001383638287759853
31712,Moel Arthur,0.009835685749698292
31712,Sun Dancer Girl,0.14527458522712056
31712,Upepo,0.11777074823768745
31712,Thursday,0.03203733425206748
31713,Honour Your Dreams,0.10446009669110756
31713,Lord Rapscallion,0.12847621646387142
31713,Lady Wingalong,0.17555423695270841
31713,Flag Carrier,0.06630509683777952
31713,Charlie Mason,0.11765897948620203
31713,Shot Of Love,0.05955384997551894
31713,Book Of Life,0.0994960038384535
31713,Havana Touch,0.026318388970065963
31713,Zaltalla,0.06409023213248059
31713,Lahina Bay,0.02001242605504407
31713,Rabinal,0.13807447259676794
31714,Night On Earth,0.14006989479185922
31714,Second Name,0.1544039785836049
31714,Master Of My Fate,0.0701784018746921
31714,Nogo's Dream,0.34485440435221865
31714,Catch Cunningham,0.13601942957439098
31714,Harry Brown,0.13402564407697876
31714,The Defiant,0.020448246746255477
31715,The Thames Boatman,0.265245771321149
31715,Diomed Spirit,0.10855175152817452
31715,Mc Loven,0.13389116939851162
31715,Many A Star,0.13759073262844274
31715,Giorgio M,0.10824110854601474
31715,Monsieur Beaulieu,0.14589906421936708
31715,Caffu Zafeen,0.06786258511459149
31715,Macanudo,0.032717817243748844
31716,Sterling Knight,0.060105187771879856
31716,Brasil Power,0.0649692725094959
31716,Helm Rock,0.08539620082549429
31716,Kalamunda,0.17104231284510482
31716,Eagle Day,0.12786281513483205
31716,Robbo,0.03093534279359135
31716,Invincible Aura,0.05887123139312198
31716,Rhythm N Rock,0.008782087546351734
31716,Urban Sprawl,0.12450385125108931
31716,Dembe,0.1265768222934373
31716,Orbaan,0.022917324702120004
31716,So Quiet,0.11803755093348144
31717,Power Of Destiny,0.14950626104585946
31717,Charlotte's Web,0.17242178571712954
31717,Timetoshine,0.03655275214436074
31717,Cancelled,0.011210189708145607
31717,Elladonna,0.10407011132307424
31717,Imperial Express,0.05421439938445743
31717,Santorini Star,0.1206077956688493
31717,Dayzee,0.011841819808403813
31717,Typical Woman,0.029658827307805898
31717,Charmaine,0.14917319899330558
31717,Therapist,0.07386457332486618
31717,Unassuming,0.08687828557374233
31718,Ash Wednesday,0.27025342486760534
31718,Bossy Parker,0.14571013664303958
31718,Viva Voce,0.15414854713202084
31718,Mashaan,0.21069965853945094
31718,Buttercross Flyer,0.023595244041302355
31718,Porfin,0.03204373626834058
31718,Hawajes,0.07526285109986354
31718,Dodgy Bob,0.08828640140837678
31719,Ravenglass,0.1691373472800059
31719,Heavenly Fire,0.05339937291721124
31719,South Dakota Sioux,0.10871647127875697
31719,Plumette,0.11210945716875995
31719,Star Of Atlantis,0.23330169545813628
31719,Anamika,0.03331364347633528
31719,Outreach,0.1834362528695461
31719,Peachey Carnehan,0.08864039718100432
31719,Lil Wade,0.01794536237024396
31720,Hitched,0.16172369318111657
31720,Radiant Beauty,0.1385071055216785
31720,Cosmos Raj,0.02125709004862285
31720,See Paris,0.019597575650433578
31720,Commander Of Life,0.05950527332774166
31720,Imperial Fighter,0.08787848798645259
31720,Charencey,0.08046588550535501
31720,Partisan Hero,0.1387539275943388
31720,Spectacular Style,0.18359884527816683
31720,Evocative Spark,0.004749879329997054
31720,Eden Storm,0.1039622365760964
31721,Payment Plan,0.15989851422111578
31721,Alex The Great,0.22330433127806593
31721,Black Smoke,0.07933883804132077
31721,Anisoptera,0.01066126745374412
31721,Sir Joseph Swan,0.10458270097866662
31721,Typewritten,0.0707383010322909
31721,Bond Spirit,0.09225414519927645
31721,Lumberjack,0.03811251983347216
31721,Freewheelin,0.0009765339485486868
31721,Shaad,0.1894000847918416
31721,Rogue Raider,0.030732763221657085
31722,Buraback,0.21939843910252868
31722,Wakai Umi,0.07425829842546867
31722,Street Life,0.18873057453293868
31722,Nordic Glory,0.11218590761345948
31722,Hastily,0.1595945403652104
31722,Second Collection,0.07813760350600442
31722,Spanish Angel,0.04722383417826589
31722,Mrs Bagerran,0.0025178946219594394
31722,May Remain,0.049907107952089746
31722,Admirable Lad,0.06804579970207453
31723,Cut To The Chase,0.3547478103638306
31723,Starsong,0.08100123576365333
31723,Rogue Thunder,0.14286072961556806
31723,Kapparis Kid,0.1277012271625074
31723,Q Twenty Boy,0.1326779089301899
31723,Global Effort,0.06943271046468467
31723,Ballyare,0.06918226940788494
31723,Balmy Breese,0.022396108291681115
31724,Autumn Angel,0.28307254689848027
31724,Back Tomorrow,0.027843459445574373
31724,Bankrupt,0.2657058175910974
31724,Red Walls,0.2774698074442106
31724,Fast Flo,0.0019250942213717402
31724,Lochaber,0.03542724982919655
31724,Chiedozie,0.10855602457006897
31725,Sisterandbrother,0.0762155896598328
31725,Khangai,0.33044201080027236
31725,Disclosure,0.12271885728035975
31725,Jujubella,0.08184696955343067
31725,Sophosc,0.053064919071774276
31725,Harlington,0.3357116536343299
31790,Dance Recital,0.332846265901929
31790,Watkins,0.15869902339740086
31790,Little Bittern,0.1095968792328879
31790,Summer Rain,0.037155256825192017
31790,Ballsgrove Boy,0.03502776490850413
31790,Sun Keeper,0.16256940573838233
31790,Top Biller,0.15418866815096596
31790,Miss Campanella,0.00991673584473779
31791,Atherstone Beau,0.05850665798051415
31791,Rosezan,0.009628855972403429
31791,Inconspicuous,0.33377524342397086
31791,Kaleidoscope Eyes,0.13558921972236454
31791,Royal Accord,0.10466837211886952
31791,Blue Force One,0.08064274107314173
31791,Wondrous Ways,0.04568786867928047
31791,Causin A Commotion,0.21667433742796613
31791,Orlando Magic,0.014826703601489069
31792,Corsican Caper,0.04492937882243657
31792,Addosh,0.31308835197208673
31792,Hawa Jumeirah,0.16386549962467675
31792,Inlet,0.06593989758125322
31792,Balgowan,0.0009781040953105995
31792,Black Smoke,0.09658772757076028
31792,Marvellous Lady,0.26831145542281754
31792,Villazon,0.04629958491065834
31793,Daaris,0.2329179454008523
31793,Grand Scheme,0.0396580903848275
31793,Ezmerellda,0.13626944964118926
31793,Sophosc,0.07702291887884843
31793,Mamdoh,0.28469266594774234
31793,Two Plus Two,0.07568865586632863
31793,Trackman,0.15375027388021148
31794,Line Of Force,0.18462639395438338
31794,Master Technician,0.2327362575162276
31794,Sweet Fantastic,0.22139296197542202
31794,Camera Shy,0.15100778077915855
31794,City Of God,0.2102366057748085
31795,Soi Dao,0.11790350393222132
31795,Mr Fustic,0.0012062041727373069
31795,Shot Of Love,0.053803332379336516
31795,Waistcoat,0.10797730024255875
31795,Mariner,0.1985993549911132
31795,Celebrating Ethel,0.08488584327685741
31795,Delta Legend,0.12852700577997977
31795,Charlatan,0.3070974552251957
31796,High Court Judge,0.4232346992329659
31796,Aikhal,0.0852962124340871
31796,Sense Of Worth,0.03487715273153811
31796,Pysanka,0.11104877054191628
31796,Cerulean Summer,0.07920094680471537
31796,Night Bear,0.10420651021030242
31796,Douglas Dc,0.08067119190247175
31796,Starfighter,0.08146451614200305
31861,Apache Star,0.27831537249657085
31861,Kento,0.18670745036967246
31861,Under Curfew,0.307707769192238
31861,Rebel Star,0.22726940794151868
31862,Till It Shines,0.13666624305293165
31862,Flying Star,0.053594132283546106
31862,Galileo Glass,0.061380912073549496
31862,Devasboy,0.0682484142281765
31862,Ravenglass,0.1265970196088663
31862,Voltaic,0.031958804443733425
31862,Candy Warhol,0.044092502224417456
31862,Bold Suitor,0.2512774237954417
31862,Coconut Bay,0.12911209083657907
31862,Ajrad,0.06305690601232243
31862,Lupset Flossy Pop,0.03401555144043599
31863,Nevernay,0.06749435387689168
31863,Dumfries,0.10082890058111238
31863,Pembrokeshire,0.17002000892653607
31863,Bitcoin Profit,0.019260486773764497
31863,Sam's Hope,0.10649521758029945
31863,Pessoa,0.1675141053276989
31863,Match Anthem,0.17574598372400677
31863,Heavenly Fire,0.04494087438972712
31863,Kapparis Kid,0.0007374855299817087
31863,Barney's Bay,0.07048043607053572
31863,Baroque Pearl,0.07648214721944566
31864,Mariner,0.12696493363607034
31864,Young Fire,0.021269529427544353
31864,King Of Speed,0.09530731286079615
31864,Distinction,0.07279137288987103
31864,Visibility,0.056313156392982205
31864,Claxton Bay,0.18642403402167976
31864,Tambourine Dream,0.07477820172541604
31864,Flatley,0.15856864854865055
31864,Charlatan,0.20758281049698957
31865,Bank On Kent,0.15069915172936094
31865,Royal Accord,0.1104906586681848
31865,Rumba Bay,0.17040475379206219
31865,Elland Road Girl,0.0004084885338105061
31865,Causin A Commotion,0.2537656600019527
31865,Woodhay Whisper,0.040987694343048886
31865,College Witch,0.0009311207645147571
31865,Due Respect,0.13149760931365634
31865,Trust Sergei,0.0008031501508692689
31865,Freak Encounter,0.11308767475088868
31865,Hala Joza,0.02692403795165113
31866,Aikhal,0.07786551240585668
31866,Pysanka,0.0800717415599078
31866,Dibble Dabble,0.15647572375187835
31866,Cloudside Rock,0.13419033227076807
31866,Miss Applejack,0.04065921773813528
31866,Starfighter,0.08260285717742841
31866,Silk Bird,0.022946956768342915
31866,Forest Spirit,0.26030536807978255
31866,Harry The Haggler,0.1448822902479001
31999,Way Of Life,0.027891229967347754
31999,Charlie's Choice,0.056087969335794116
31999,Civil Law,0.02960697181302935
31999,High Court Judge,0.10078816032069716
31999,Patch's Bond,0.04391289257850379
31999,Shahbaz,0.05114669990657435
31999,Raintown,0.05776926696138437
31999,Party Island,0.09570068647872244
31999,Bearaway,0.04676695782644592
31999,Sun Dancer Girl,0.00402078574935949
31999,Obsidian Knight,0.07784285921077662
31999,Tortured Soul,0.17959100597763358
31999,Caramay,0.10917449213540571
31999,Destinado,0.07393483883941777
31999,Bulldog Spirit,0.028281246611397345
31999,Buxted Too,0.017483936287510306
32000,One More Dream,0.06679301878190402
32000,Charlie Mason,0.06963455857855227
32000,Dapperling,0.013481642666205119
32000,Dicko The Legend,0.10193287909149745
32000,Nogo's Dream,0.16786270455043578
32000,Blue Force,0.004155098758787228
32000,Maharajas Express,0.08349506275775201
32000,Honour Your Dreams,0.06240954714980322
32000,Secret Handsheikh,0.05034959310817783
32000,Merrimack,0.10294768890513335
32000,Angle Land,0.09688984407947636
32000,Aces Wild,0.1800483615722754
32001,So Darn Hot,0.04324037889966651
32001,Good Banter,0.06520113330448686
32001,Carbine Harvester,0.07075892866271677
32001,Berkshire Whisper,0.1057511491593731
32001,Dark Ace,0.0020476762118278443
32001,Hello Zaman,0.07491311587406296
32001,Humam,0.09988788295868636
32001,Marchogion,0.06143712623386988
32001,Don Pacifico,0.056911164328115965
32001,Cyclonite,0.16571659559315188
32001,Megaphone,0.04821980130150297
32001,Master Technician,0.09316341239594474
32001,Leadenhall Street,0.07721484084815383
32001,Tuco Salamanca,0.03553679422844035
32002,Mr Baloo,0.09942409061378882
32002,Kind Of Kiss,0.09225279859862301
32002,Koy Koy,0.028807019386542926
32002,Arcadian Nights,0.06601408274960358
32002,Beraz,0.033535362666708424
32002,Silent Age,0.0425096607545121
32002,Son Of Man,0.046433671307073335
32002,Rogue Encore,0.13323884757853244
32002,Lordsbridge Blu,0.08894020721744439
32002,Cephalus,0.12539215907300258
32002,Paradoxical,0.08862670784993336
32002,Bajan Bandit,0.03142314490634915
32002,Hitched,0.08311230416347008
32002,Tribal Wisdom,0.040289943134415855
32003,Cloud Cover,0.16074204221942587
32003,Aramis Grey,0.0790747932575689
32003,Powdering,0.07105727956697247
32003,Gaiety Musical,0.06777476933038859
32003,Shallow,0.09328972589896636
32003,Viennoise,0.10790054148619202
32003,Quandary,0.15885495473394176
32003,Pasha,0.07302608142605245
32003,Brazilian Rose,0.04448648313289341
32003,Callianassa,0.03234950157434168
32003,Delicacy,0.01955410093410684
32003,Biplane,0.005401969674418948
32003,Too Much,0.07478651812382874
32003,Heavenly Heather,0.01170123864090206
32004,Blue Prince,0.10553658785849866
32004,Sterling Knight,0.05630435290950577
32004,Farasi Lane,0.0367448829713325
32004,Legal Reform,0.08489496575527013
32004,Dragon Icon,0.15959104349559744
32004,Dembe,0.13737348841703756
32004,Sous La Neige,0.0680285764557958
32004,Bravo Zulu,0.11381823311678291
32004,Kalamunda,0.11477332568556474
32004,Longlai,0.025533336254913743
32004,Helm Rock,0.07680760367245168
32004,Dingle,0.02059360340724911
32005,Zu Run,0.09539463672505599
32005,Sir Maxi,0.041055181399868114
32005,Bint Havana Gold,0.19403630227907354
32005,Call Glory,0.04063176316794491
32005,Rhythmic Acclaim,0.08877441325676273
32005,Split Elevens,0.03875351190354113
32005,Harry Magnus,0.0013301967536009387
32005,Capuchinero,0.041531090249036465
32005,Forever Proud,0.13825233525865002
32005,Thomas Equinas,0.07379228554231154
32005,Charlatan,0.04638241467258315
32005,Delta Legend,0.18790742139015804
32005,Spirit La Adelita,0.012158447401413492
32006,Valiant Force,0.05148877510079761
32006,Symbol Of Light,0.04003324708105051
32006,Roi De France,0.22501322773678006
32006,Kingdom Come,0.08570675232194534
32006,Popmaster,0.036317969001515356
32006,Destructive,0.08238971454536179
32006,Apiarist,0.04944207772621463
32006,Brewing,0.05965493526897165
32006,Storm Star,0.1408621202413102
32006,Fantastic Fox,0.06690186706999479
32006,Cracking Gold,0.0690851896976389
32006,Exquisite Acclaim,0.0022991601982650556
32006,Final Voyage,0.04857189628407666
32006,Nikovo,0.04223306772607739
32007,Prince Of Pillo,0.06502969842197757
32007,Mums Tipple,0.14448676526256962
32007,Silky Wilkie,0.10023618330303607
32007,Cajetan,0.212216671603453
32007,Cinque Verde,0.04588083088293865
32007,Crimson Sand,0.07288244825685188
32007,Pals Battalion,0.12582914356589414
32007,Westmorian,0.09967515563613161
32007,Moulin Booj,0.03922333080687319
32007,Diamondonthehill,0.09453977226027424
32008,Dark Dreamer,0.0007525007215078664
32008,My Mate Mike,0.06064114933716924
32008,Enpassant,0.04859376331999131
32008,Amaysmont,0.018390280305426696
32008,Macanudo,0.043680768268605
32008,Bellagio Man,0.0017167060125633704
32008,Once Adaay,0.12805171140429739
32008,Antiphon,0.12559708961656765
32008,Kondratiev Wave,0.04411669627620747
32008,Twitch,0.14283928239963306
32008,Triggered,0.05057466429483132
32008,Windsor Pass,0.09785335551165757
32008,Lilkian,0.027283411270425557
32008,Lord Danielson,0.04877571761517003
32008,Venus Slipper,0.16113290364594646
32009,Marshman,0.04712360383110183
32009,Diligent Harry,0.050104159510098
32009,Willem Twee,0.06330069914604972
32009,Fivethousandtoone,0.08971235298779955
32009,Apache Outlaw,0.002482826351149101
32009,Golden Mind,0.027502987294818364
32009,Saint Lawrence,0.15648572282034873
32009,We Never Stop,0.17086745621923857
32009,The Caltonian,0.05642290338446774
32009,Coachello,0.02822679784799557
32009,Daamberdiplomat,0.08174167603283868
32009,Heathcliff,0.07620061115634226
32009,Run Boy Run,0.07693372182590147
32009,Badri,0.07289448159185051
32010,Dark Lyric,0.06986709583348491
32010,Get Jiggy With It,0.05620805888343275
32010,Alcazan,0.03342788720553857
32010,Liv My Life,0.16667974408494418
32010,Blufferonthebus,0.045165564994965816
32010,Eazy On The Eye,0.0955130097830843
32010,Handle With Care,0.0675915351754232
32010,Scattering Light,0.06174817834797441
32010,Baileys Jubilation,0.07404263462072651
32010,Lady Manzor,0.10385816167014976
32010,Party Bear,0.08594095115778011
32010,Mayo County,0.0219071116392411
32010,Dandy Magic,0.06796312014482395
32010,Naughty Eyes,0.050086946458430495
32011,Vino Victrix,0.0359960599158456
32011,Liam Swagger,0.08131795702557237
32011,Cello,0.07801362335474792
32011,Knockbrex,0.05590954627220236
32011,Java Raja,0.12870513818681706
32011,Steel Tiger,0.08411256491243921
32011,Sixpack,0.14332730424840334
32011,Don Simon,0.13550661707041528
32011,Cock And Bull,0.08585704792392529
32011,Rakki,0.0028219405136723917
32011,Sugarloaf Lenny,0.11840887911270476
32011,Clansman,0.02739834887953012
32011,Simiyann,0.022014513427109313
32011,Alright Sunshine,0.0006104591566151368
32012,Savvy Victory,0.07343823549538056
32012,Hooking,0.0012113365617912077
32012,Paradias,0.05863534368071788
32012,Charlotte's Web,0.12008988702791804
32012,Old Harrovian,0.17146675781828977
32012,Glen Buck,0.09570146497744597
32012,Penzance,0.03540681406837585
32012,Claymore,0.021541706411718115
32012,Smart Hero,0.0890491158668977
32012,Salamanca,0.022926173224604846
32012,Power Of Destiny,0.12711143925668197
32012,Dark Moon Rising,0.11641120938182585
32012,Andaleep,0.05357456521263878
32012,Dream Harder,0.013435951015713517
32013,Tides Of War,0.04347983532427358
32013,Rogue Tornado,0.09598317142608322
32013,Optician,0.1508927432975293
32013,Dreams Adozen,0.0310530674145941
32013,Red Flyer,0.04838246453138168
32013,Pearl Jewel,0.1457232783105214
32013,Road To Wembley,0.06463837847712296
32013,Comte De Loir,0.16035544505386215
32013,Upepo,0.09255961287297693
32013,The Craftymaster,0.04964807396674149
32013,Gallant Lion,0.029941619309107693
32013,Poncho,0.031604724039862774
32013,Further Measure,0.0002997350492347449
32013,Dance Time,0.05543785092670793
32014,Roaring Legend,0.09083815634635023
32014,Wonder Legend,0.11354992366400712
32014,Duke Of Oxford,0.12103487053145877
32014,Plage De Havre,0.18926925609518272
32014,Tritonic,0.0698310654444682
32014,Heathen,0.0561547979742601
32014,Tribal Star,0.0035720433745748716
32014,Humble Spark,0.07485566783879023
32014,Midnight Lion,0.06835836663518625
32014,Circuit Breaker,0.000992287436069852
32014,King Chaos,0.05562760237563145
32014,Wonder,0.11254186067207726
32014,Weddell Sea,0.021080739234744055
32014,Chillhi,0.02229336237719884
32015,Kiniro,0.12426779756940208
32015,Coul Angel,0.09177868235433949
32015,Tattie Bogle,0.05239931217919823
32015,Backspin,0.31252228176247804
32015,Rock Hunter,0.059319257515237346
32015,The Flying Seagull,0.10985538552654812
32015,Ay Gee Ell,0.05379868976857483
32015,Soldiers Star,0.09339041346783539
32015,McIntosh,0.025869308881439478
32015,Vocal Legend,0.07679887097494709
32016,Gunlock,0.1531344315919445
32016,Midnight's Dream,0.06177408344765537
32016,Westernesse,0.03815651049347569
32016,Lessay,0.048516913578327145
32016,Lord Rapscallion,0.07744279145232663
32016,Savvy Exchange,0.03845207102798791
32016,Billy Mill,0.04098124198114388
32016,A Major Payne,0.049023707257707924
32016,Charming Whisper,0.0626526934455893
32016,Commander Of Life,0.06741811199682299
32016,Mr Swivell,0.04048334357591413
32016,Mister Mojito,0.07324262686439703
32016,Mr Mistoffelees,0.05996615073264827
32016,City Of York,0.0303535380329056
32016,Cill Mocheallog,0.03397349203247594
32016,Star Pupil,0.12442829248867764
32017,Caspian King,0.17348748284992013
32017,Notimeforchitchat,0.1403216716932597
32017,Cristo,0.07878920384878321
32017,Scarlet Sunset,0.051935316776901025
32017,Dalmally,0.09414031462332507
32017,Jiff's Army,0.08210515380701255
32017,Magna Gee Gee,0.040682556588574344
32017,Dapper Gee Gee,0.05133599639566175
32017,Golden Garden,0.047006683457494924
32017,Say What You See,0.03221729499035129
32017,Anthropologist,0.05936534762077546
32017,Navid,0.04402295735296855
32017,Is I Right,0.008729568500233218
32017,Glenridding,0.09586045149473879
33600,Roman Emperor,0.017848227882972863
33600,Zepparella,0.05638818280252301
33600,Mond,0.005146364526523179
33600,El Hibri,0.17445364043028252
33600,Smasher,0.1848037886106847
33600,The Cola Kid,0.10094927379771848
33600,Phoenix Star,0.1774715904953447
33600,Don't Fight It,0.04815766111411011
33600,Lupset Flossy Pop,0.23478127033984036
33601,Mighty Gurkha,0.08284084109901126
33601,Arlecchino's Gift,0.3566782296040227
33601,Man On A Mission,0.21665268398668625
33601,Shalaa Asker,0.006969211361913397
33601,Radiant Angel,0.19893216142508768
33601,Tilsworth Turf,0.08814968944018456
33601,Midnightattheoasis,0.04977718308309418
33602,Cristalino,0.14703229133569856
33602,Dr Ali,0.05220701691210599
33602,Cosmic Force,0.33514392016243616
33602,Mister Knockout,0.15578642983017982
33602,Penelope Valentine,0.21149929872721085
33602,Helaali,0.09833104303236866
33603,Mesaafi,0.18327540020137914
33603,Shallow,0.0884421719460519
33603,Supreme King,0.07161091940873984
33603,Invincible Speed,0.05581702039045647
33603,Grenham Bay,0.33884985680515806
33603,Hiatus,0.131392300893946
33603,G'Day Mate,0.05874423088637519
33603,G'Daay,0.07186809946789345
33604,Local Hero,0.22375718997915442
33604,Sterling Knight,0.11537018667005221
33604,Silent Age,0.051405316160445955
33604,Cracking Gold,0.0707862824219145
33604,Silent Move,0.025914731926977432
33604,Brasil Power,0.10967937404110085
33604,Road To Wembley,0.13449513148295883
33604,Rhythm N Rock,0.030843316776909487
33604,Zoffandia,0.23774847054048626
33605,Antelope,0.12073890863092168
33605,Bouboule,0.19954622289753216
33605,Hi Ya Mal,0.2558572783076482
33605,Ray Gun,0.06992374683043766
33605,Bruce Banner,0.07614761492864919
33605,Sydney Whistler,0.18798576527791055
33605,Captain Brett,0.08980046312690042
33667,Rock Hunter,0.05842866949857543
33667,Captain Kinsella,0.15594282018146663
33667,Invincible Crown,0.1661597484960089
33667,Havana Gila,0.09210864239296576
33667,Blinky,0.1128292526729538
33667,Until Dawn,0.1205445344379541
33667,Thurso,0.16369337226906014
33667,Early Release,0.1302929600510153
33668,Caballo De Mar,0.2233004357883229
33668,Swinging London,0.08463887137983107
33668,Con Te Partiro,0.2078008684403542
33668,Sun Dancer Girl,0.1360491416013509
33668,Ribba Hill,0.11838275857571412
33668,Star Legend,0.22982792421442685
33669,Bearaway,0.21344654224229406
33669,Tortured Soul,0.3642554792707362
33669,Gozo,0.07825049863863208
33669,Without Compromise,0.05424140874767595
33669,Ocean Heights,0.04559106718828744
33669,Trapper John,0.1461910334049022
33669,Bulldog Spirit,0.07489743086807524
33669,Bunker Bay,0.023126539639396874
33670,Cracking Gold,0.17950843242692138
33670,Rhythm Master,0.00737674881510901
33670,Barnaby,0.19016840443271177
33670,Sovereign Sea,0.23183671299686281
33670,Bajan Bandit,0.10436375830615743
33670,Longhaired General,0.04349942149490753
33670,Shimmering Spin,0.16518477698505973
33670,Silver Trumpet,0.07806174454227024
33671,Chief Mankato,0.2833473298622128
33671,Westmorian,0.2781116919220916
33671,Dashing Harry,0.02899631067920991
33671,Ultramarine,0.2087253174428602
33671,Hierarchy,0.15827140341271073
33671,Blackjack,0.04127853732169948
33671,Dark Dreamer,0.0012694093592154003
33785,Castle Stuart,0.09161601378938768
33785,Thunder Wonder,0.12117417330222395
33785,Invited,0.244961568575849
33785,Zowal,0.025711421794146185
33785,Wiltshire Lad,0.2219332348000475
33785,We Dare To Dream,0.11284337841042395
33785,Our Mighty Mo,0.08711322937140711
33785,Hot Dancer,0.09464697995651462
33786,Alzahir,0.19739986685655062
33786,Lord Bertie,0.09859671663049191
33786,Gweedore,0.037332969776191265
33786,Lexington Belle,0.00238735070247497
33786,Persuasion,0.06224607755419816
33786,Rockymountainway,0.06282761214053792
33786,Diligent Resdev,0.11024890115189588
33786,Dain Ma Nut In,0.3275111507551128
33786,Benacre,0.10144935443254648
33787,Genuine Jim,0.3224822226608565
33787,Hemight,0.039444541118117064
33787,Royal Pippen,0.11269119099745893
33787,May Night,0.001446505880647191
33787,Notforalongtime,0.014141845428924993
33787,I'Ve Been Dreaming,0.14013452188755218
33787,Higher Kingdom,0.050980233619578
33787,Feature This,0.12347194167349798
33787,Harry The Rogue,0.09618931702059508
33787,Manhattan Dandy,0.035208494470044434
33787,Han Solo,0.007018352128527988
33787,Sofia Tesoro,0.0064967290773567865
33787,So Messi,0.012108463932303977
33787,Swiss Army Officer,0.010875014337813701
33787,Share The Treasure,0.0016739307128995494
33787,Chou Chou,0.02563669505382565
33788,Cover Up,0.22740268331304517
33788,Vintage Clarets,0.060195007118132124
33788,American Affair,0.17718022499492933
33788,Jm Jungle,0.04333554395527808
33788,Jer Batt,0.16478706148146552
33788,Mon Na Slieve,0.2511244577741099
33788,Vince L'Amour,0.07597502136303992
33789,Aimeric,0.13987969114950705
33789,Wise Eagle,0.02051280215715944
33789,Kihavah,0.10303635119374259
33789,Align The Stars,0.06178227148626962
33789,Wild Waves,0.15183100548240522
33789,Chillingham,0.12067748539036988
33789,Intinso,0.010131283059027614
33789,Laafy,0.07222654808213357
33789,Lieber Power,0.09408668493644544
33789,Emiyn,0.008398765747224674
33789,Loughville,0.0827789280550461
33789,La Pulga,0.03397037881502156
33789,Faylaq,0.0595469591616258
33789,Struth,0.04114084528402154
33790,Westminster Moon,0.005585052192615046
33790,Star Harbour,0.012606912363906563
33790,Mashhoor,0.10630588858306383
33790,Take Heart,0.14055901891170997
33790,Lope De Lilas,0.02198107326062062
33790,Walhaan,0.049396474418779826
33790,Presence,0.09589058756039276
33790,Apercu,0.10987792694749426
33790,Lady Lunette,0.22861663239535898
33790,Bruant,0.005488491160066633
33790,Slieve Binnian,0.14684023033276658
33790,Money Dancer,0.010210464476967024
33790,Rock Of Ireland,0.006177631271781436
33790,Sylkie,0.02806250991474882
33790,Joe Masseria,0.005457415167700919
33790,Razdan,0.026943691042026697
33791,Reach,0.21424838794247347
33791,Zapphire,0.42583924367998055
33791,Samra Star,0.05566559612190785
33791,Alessia Fernanda,0.07692362728537683
33791,Epidavros,0.2273231449702613
33792,William F Browne,0.14874544563187553
33792,Happiest,0.05722238884470979
33792,Mocking,0.10187605785921755
33792,Junkyard Dog,0.12306039992331842
33792,Pallatine Hills,0.05250386151816145
33792,What's Your Game,0.006559923109935872
33792,Birdie Time,0.07084979778538633
33792,Booklight,0.22262402671821924
33792,Georg Zhukov,0.004035812030034991
33792,Glinka,0.06542576086740456
33792,Nakatomi,0.0020655560385846013
33792,Enziya,0.14503096967315168
33793,Moonstone Boy,0.16293025377887763
33793,Balon D'Or,0.11177257989816317
33793,Zarzyni,0.0873975126768938
33793,Arecibo,0.018035861866335455
33793,Profitable Edge,0.07735632429269959
33793,Water Of Leith,0.06673819057471458
33793,Eternal Sunshine,0.19135565501054336
33793,Our Absent Friends,0.08852895005082169
33793,Knicks,0.023136771856357926
33793,Only Spoofing,0.0015603194299739275
33793,Zaphea,0.09064839890188016
33793,Classy Al,0.08053918166273867
33794,Billy McGarry,0.2324172092191341
33794,Wyvern,0.1682062929086175
33794,Enzos Angel,0.04650839483700045
33794,Northbound,0.061990124496257334
33794,Dappled Light,0.15370854143575705
33794,King Of The Dance,0.08951298933283562
33794,Olympic Quest,0.15842674388199837
33794,Genta,0.006444723888205344
33794,Gatsby Cap,0.026665475612851906
33794,Rebel Cove,0.005762753568142304
33794,Juan Cool Dude,0.017521648603993342
33794,Mykonos St John,0.03283510221520656
33795,Arthur Rose,0.09494197238698387
33795,Fascinating Shadow,0.001321093266793195
33795,Grizabella,0.12346649210357574
33795,Crypto Crash,0.1184353004893819
33795,Noble Andy,0.06677365620311328
33795,Plunkett Street,0.09689940513314317
33795,Gardone,0.27576262910721944
33795,Tatum,0.01628269679743362
33795,No Memory,0.053832956082361945
33795,Tyder,0.15228379842999382
33796,Gincident,0.24754086387327986
33796,Novak,0.2705571162623831
33796,How's The Guvnor,0.1622545252187688
33796,Double Time,0.0011588706806934586
33796,Perennial,0.14204263751732277
33796,Enthused,0.15311121008844272
33796,Harbour Vision,0.02333477635910927
33797,I'Ll Give It A Go,0.29804210402982245
33797,Magic Runner,0.009394299795285197
33797,Zaraquelle,0.17316636772201865
33797,Silent Affair,0.03975775591155494
33797,Romantic Spirit,0.47169503512736605
33797,It's Life,0.007944437413952756
33798,Slowdownbarney,0.12395481375280609
33798,Emaculate Soldier,0.21188692663773873
33798,Laser Focus,0.15955623673265695
33798,Payment Plan,0.15425546302425125
33798,Grand Duchess Olga,0.051447919731668484
33798,Moon Over The Sea,0.21189325782191293
33798,Black Smoke,0.08700538229896544
33799,Saffredi,0.09906738064186903
33799,Aljezur,0.13921512337205125
33799,Kensington Agent,0.13902631219215153
33799,Nazca,0.017535349486519202
33799,Southbank,0.13162347597673615
33799,Radiant Angel,0.04963501160391779
33799,Agent Mayfair,0.1529470679405865
33799,Heartrate,0.13652139840833077
33799,Candy Warhol,0.02815965126856329
33799,Black Cab,0.018815427525222358
33799,Miss Moonshine,0.06629198489211963
33799,Stoneacre Girl,0.021161816691932445
33800,Royal Accord,0.41213387065007984
33800,Auntie Jo,0.16022691242712991
33800,Watkins,0.04826073594686608
33800,Wee Mary,0.185742677090079
33800,Hidden Verse,0.10203875202744038
33800,Trust Sergei,0.024908995159660725
33800,Miss Campanella,0.06668805669874411
35318,Cinque Verde,0.26652385055884587
35318,Just A Spark,0.2521837070575861
35318,Pure Angel,0.09104089582601964
35318,Shallow,0.20566561028077013
35318,My Awele,0.1845859362767784
35319,Stella Hogan,0.3168043106052695
35319,River Wharfe,0.11752646333166279
35319,No News,0.07560745092754087
35319,Villalobos,0.0017609499997327082
35319,Heerathetrack,0.266694941334406
35319,Reverberation,0.0016331982657432245
35319,Dourado,0.04328393815259765
35319,Dors Delight,0.1766887473830471
35320,Prince Of Bel Lir,0.2678011540628425
35320,Dream By Day,0.0017558431801330211
35320,Scarlet Lady,0.1974867657761972
35320,Big Time Rascal,0.08079245854148942
35320,Brunel Charm,0.00784548584460702
35320,McCauley's Tavern,0.21087144713604694
35320,El Hibri,0.09041910244234515
35320,Savannah Smiles,0.0484608844393401
35320,Voodoo Ray,0.0945668585769987
35321,Court Drive,0.13767316436229532
35321,Mond,0.004522747041272007
35321,Mighty Gurkha,0.04195327852216911
35321,Man On A Mission,0.09278318750119156
35321,Smasher,0.09874890141459915
35321,Maith An Farhh,0.29952608860906343
35321,The Smiling Wolf,0.04455059471575465
35321,Alshimali,0.22066927150044546
35321,Revolucion,0.05957276633320933
35322,Berkshire Phantom,0.20570684662087496
35322,Fools Rush In,0.09357504301679548
35322,Port Erin,0.09440931562768944
35322,Zu Run,0.14773331923718086
35322,No Saint,0.25758972512372513
35322,Kalganov,0.03180821418712346
35322,H Key Lails,0.10000613154787677
35322,Showhound,0.06917140463873397
35323,Distant Rumble,0.1667702507288184
35323,Sabrimento,0.28706474006281196
35323,Dr Ali,0.06441844214697208
35323,Berning Hot,0.049419533545346596
35323,Rage Of Thunder,0.14660158733932505
35323,Rogue Endeavour,0.02685218922726784
35323,Rotation,0.13439437619327815
35323,Bank On Kent,0.12447888075617997
35324,Max Of Stars,0.0469508222633053
35324,Starfighter,0.07826747511957793
35324,Avarice,0.026612851363414125
35324,Mhajim,0.07002172131422608
35324,Sparkling Belle,0.05558105387363358
35324,Esticky End,0.3482279823163053
35324,Hawa Jumeirah,0.09319118567651298
35324,Virtual Hug,0.08566706405743041
35324,Walk The Moon,0.11033429346397014
35324,Abstract,0.05115691701243376
35324,This Time Maybe,0.03398863353919037
35325,Jane Garfield,0.0008827167950543548
35325,Foro Romano,0.06878476122339428
35325,Marvelously,0.06697214993684121
35325,Piranha Rama,0.07086389975522026
35325,Commendation,0.2587057865292466
35325,Cosmic Force,0.2744564654066153
35325,Miakoda,0.12352478728432031
35325,Apple's Angel,0.13580943306930773
35326,Mumayaz,0.07759120071331556
35326,That's For Sure,0.11141881154766563
35326,Gogo Yubari,0.3175294490936738
35326,Tyke,0.13804322985295775
35326,Em Jay Kay,0.04406744779251707
35326,Hallowed Time,0.08678701392766586
35326,Beauzon,0.09526862322664507
35326,Not Just Yet,0.008873449058115504
35326,Professor Tickle,0.12042077478744391
35327,Port Road,0.13272972014335724
35327,G'Daay,0.08268023722500371
35327,Arctician,0.10125889481503453
35327,Bell Shot,0.11835478084465535
35327,Dion Baker,0.03558018803918955
35327,King Of Ithaca,0.2312912464112312
35327,Groovy Baby,0.13880037168893028
35327,King David,0.09266075757985814
35327,Soar Above,0.06664380325274005
35328,Guiteau,0.008251716044716844
35328,Whiteley Way,0.018332716883687417
35328,Kitaro Kich,0.11107463414661191
35328,Al Baahy,0.07675829920135006
35328,Carey Street,0.08963997190881577
35328,Port Noir,0.13543079603364
35328,Viva Voce,0.2165679633697125
35328,Pessoa,0.2016248440808153
35328,Marinakis,0.14231905833065014
35329,Paulie Two Lockers,0.06969990145103157
35329,Missile Mac,0.11532824906745594
35329,Rumba Bay,0.08759428724188119
35329,Go Steelers Go,0.1067910857324322
35329,Aneedah Hero,0.34843967057922814
35329,Manton Road,0.18955868267846482
35329,Invincible Love,0.08174757779468
35329,Brown Gold,0.0008405454548261396
35330,Jester Queen,0.06132978589977722
35330,Camden Flyer,0.09975999951810369
35330,Kaleidoscope Eyes,0.1798197403061379
35330,Leading Star Girl,0.08304394234056571
35330,Swizzle,0.09879847566496917
35330,Maid Of Killybegs,0.09303242703987592
35330,Born Too Run,0.21767367965870357
35330,Diligent Madam,0.16654194957186677
35331,So Obsessed,0.06382707205229177
35331,Alafdhal,0.05101946883687629
35331,Desert Master,0.21414969268275227
35331,State Of Madness,0.07511548863074463
35331,Sir Benedict,0.1292695040873193
35331,Hastily,0.2504331102299283
35331,Second Collection,0.1337797814782502
35331,Next Second,0.08240588200183714
35414,Cusack,0.17605851427982394
35414,Rock Armour,0.21424922148319453
35414,Bird Of Play,0.27692984162630363
35414,Susiesparkle,0.19096421265454394
35414,Hot Team,0.03055447717717857
35414,Rampant,0.11124373277895544
35415,Doddie's Impact,0.09055328618809327
35415,Lady Nunthorpe,0.1631170709258078
35415,Inanna,0.10206673440211698
35415,Beneficiary,0.12437880705153417
35415,Sugar Baby,0.18916762994203765
35415,Show Me Show Me,0.07203588710377311
35415,Desert Master,0.1871482083927444
35415,Sixcor,0.07153237599389266
35416,The Caltonian,0.1356435373437441
35416,Spartan Arrow,0.12923953792439352
35416,Badri,0.12061229754437444
35416,Master Of My Fate,0.03944058336258391
35416,Mondammej,0.06899933146558078
35416,Elegant Erin,0.04725421707933587
35416,Paddy's Day,0.1083929652470489
35416,Mon Na Slieve,0.17457260877963982
35416,Dark Kestrel,0.1332014517328199
35416,Water Of Leith,0.04264346952047881
35417,Likeashadow,0.02722692937101453
35417,Concert Boy,0.07446577599905005
35417,Odd Socks Havana,0.039511297594014845
35417,Pilgrim Of Culture,0.024060835794963976
35417,Balqaa,0.11079491924267174
35417,Wheres The Crumpet,0.1543633499312948
35417,Just Typical,0.16934109130816788
35417,On The Bubble,0.06280313440638904
35417,Urban Dandy,0.040435986454522926
35417,Martin's Brig,0.2372197249361997
35417,Pop Favorite,0.059776954961710496
35418,Tasever,0.24995673170689622
35418,Mereside Madness,0.3264456427846396
35418,Streak Lightning,0.1726226588235072
35418,Havana Prince,0.04315716070624832
35418,Bobby Joe Leg,0.15528520090709236
35418,Bowman,0.05253260507161637
35419,Tomorrow Day,0.22767157447611683
35419,Bellagio Man,0.11615178381642507
35419,Kats Bob,0.12389543812106782
35419,Just Ten High,0.24505605119545448
35419,Captain Vallo,0.03640492647064418
35419,Mayo County,0.03942276891844465
35419,Hurstwood,0.12815329655410224
35419,Doon The Glen,0.08324416044774463
35420,Rebecca's Girl,0.15009929567019942
35420,Profit Street,0.1139290788008523
35420,Piloto Pardo,0.06122138570688694
35420,King's Crown,0.10019509826200225
35420,Asadjumeirah,0.10919191080570442
35420,Conquest Of Power,0.38949687443694764
35420,Fircombe Hall,0.07586635631740687
35474,Reginald Charles,0.3987941561071937
35474,Keep Me Stable,0.11807815845698628
35474,Spartan Fighter,0.05963254336847878
35474,Yorkstone,0.24372556335965267
35474,Art Fantastique,0.17976957870768864
35475,Asgard's Captain,0.16920833178374053
35475,Cougar,0.07803917503797225
35475,Beraz,0.0582854973180517
35475,Lord Protector,0.023804249876627145
35475,Harappan,0.07201733746930912
35475,Charlie's Choice,0.20949034627484056
35475,Saturn Five,0.06972931477752192
35475,Midnight Lion,0.21580834761778214
35475,Value Added,0.013955100234401883
35475,Simple Star,0.03384856997229138
35475,Elemental Eye,0.05581372963746142
35476,Frankies Dream,0.32132052650667464
35476,Platinum Crystal,0.22733747303841062
35476,Diamont Katie,0.12279473095389597
35476,Tolerance,0.1555882921044545
35476,Tarlac,0.01816316503116776
35476,Laurens Dream,0.08881857744582014
35476,Kitten In The Sky,0.0659772349195764
35477,Miss Attitude,0.2115479831875816
35477,Prince Of Pillo,0.0926605944153942
35477,Bergerac,0.27634167818846156
35477,Paddy's Day,0.14202471624914784
35477,Ventura Express,0.05929533989370932
35477,Mondammej,0.08502341953945779
35477,Fahrenheit Seven,0.13310626852624774
35478,Manton Road,0.2184025406029344
35478,Mayor Of Maghera,0.04942124468359321
35478,Antiquity,0.1738409671883325
35478,Hock Eye The Noo,0.15782833809316715
35478,Orchestral Wave,0.0343335216260793
35478,Salaria,0.026807936331800744
35478,Stay Around,0.17196693433029306
35478,Harry Palmer,0.16739851714379964
35635,Harlington,0.48449498900440663
35635,Khangai,0.18619153769901287
35635,Fiddlers Green,0.023861023734750415
35635,Guinness Lad,0.020638162486707697
35635,It's Tim,0.12495821553844733
35635,Angel On High,0.02157553295297932
35635,Miss Dubai,0.044704764356293766
35635,Formal Address,0.06731431590315555
35635,Ladypacksapunch,0.02626145832424653
35636,Cavalry Call,0.4519836008712367
35636,Polling Day,0.03285270402392487
35636,Golden Circet,0.06991411161465527
35636,Thapa Vc,0.1251156352678377
35636,Ice Opera,0.05918224652273561
35636,Chicago Storm,0.15732658154006654
35636,Soi Dao,0.10362512015954325
35637,Morlaix,0.09211739673497303
35637,Eva Rosie,0.09328708677471999
35637,L'immortale,0.20910235887639267
35637,Irv,0.0202601908568466
35637,Absolutely Not,0.22792802783145824
35637,Sun Festival,0.07970547806186218
35637,Aye Spyed,0.09049922270162691
35637,Sunset In Paris,0.059343771960789236
35637,Rampant,0.0664279257670047
35637,Anticipating,0.0013861273808982622
35637,Anificas Beauty,0.05994241305342832
35638,Kinetic Force,0.018635114286727025
35638,Think Of A Name,0.38183911895446915
35638,Sunshine Soul,0.13930122657599206
35638,Alashos,0.08354156254554462
35638,Solar Edge,0.13771514753915368
35638,Monomyth,0.06036158651424226
35638,Beautiful Things,0.03401294141896331
35638,Lady Dorchester,0.024959000197950554
35638,Toolatetonegotiate,0.0699002992764342
35638,Over Spiced,0.049734002690523166
35639,Lednikov,0.2879747127778664
35639,The Pug,0.21618636301751545
35639,Trusty Scout,0.04420278908195441
35639,Lhebayeb,0.003391121331158171
35639,Ring Fenced,0.031176330242924568
35639,Nasim,0.004082244912778455
35639,The Ormer Gatherer,0.002910277971627678
35639,Bay Of Naples,0.12832239513325622
35639,Aeroplane Mode,0.24342104286320218
35639,Exceptionality,0.03833272266771645
35640,Lil Guff,0.2002932430550374
35640,Miss Show Off,0.2623804613369362
35640,Alexi Boy,0.0009649227487762774
35640,The Thames Boatman,0.04526948023589014
35640,Kiss And Run,0.0938963044420625
35640,Phoenix Beach,0.2816621940759054
35640,Connie's Rose,0.06386222444945037
35640,So Smart,0.051671169655941804
35641,Enchanted Way,0.3060958215127744
35641,Threatening,0.22359908096087716
35641,Dr Ali,0.05606452481291144
35641,We've Got This,0.13521711751921728
35641,Adelaide Bay,0.2790234551942196
35642,Arc Shadowfax,0.053472594758561864
35642,King Sharja,0.1518735853372614
35642,Rusheen Boy,0.053003530542059585
35642,Thanks Dad,0.026963716755495998
35642,Al Suil Eile,0.051820831906762635
35642,Al Baahy,0.21731725135913918
35642,Lady In Havana,0.06695364882521256
35642,Aspire To Glory,0.18403943583153534
35642,Royal Justice,0.02493734605176653
35642,Balmy Breese,0.019793013186982854
35642,Barney's Bay,0.05593041565845788
35642,Tilsworth Max,0.02613451170704488
35642,Rainbow Mirage,0.06776011807971946
35643,Thiscouldbefun,0.3212472558374777
35643,Red Admiral,0.13729992805174498
35643,Yellow Card,0.08436512738806849
35643,Opening Bat,0.11212652305816662
35643,Phaedra,0.12913462687029753
35643,Belabambina,0.10947221924770455
35643,Captain Cess,0.03821143480424373
35643,Beaune,0.025789714864804972
35643,Havana Club,0.04235316987749164
35644,Rambuso Creek,0.2215728713076708
35644,Jesse Luc,0.0035622789288110987
35644,Swiss Ace,0.20323754745391295
35644,Sibyl Charm,0.26976039792943063
35644,Yoshimi,0.18537261875683864
35644,Profit Street,0.04398428715668044
35644,Madame Fenella,0.07250999846665546
37131,Phone Tag,0.139987231018535
37131,Young Fire,0.0998844431659324
37131,Jewel Maker,0.09112118861514948
37131,Urban Road,0.13935403702729637
37131,Joolianoss,0.11782902316540529
37131,Orange N Blue,0.031666500169964286
37131,Rainwater,0.121167729593082
37131,Annandale,0.13330649214192386
37131,Rock Armour,0.12568335510271128
37132,Tees Harriet,0.02536160168683365
37132,Raft Up,0.22812478464706287
37132,Bungle Bay,0.24950249519515127
37132,She'Sashambles,0.07680967827020406
37132,Urban Dandy,0.04817199568851518
37132,Noble Captain,0.020914093628872768
37132,Asadjumeirah,0.09998482277645905
37132,Mr Stanley,0.11646987784754169
37132,Secret Daay,0.07187147195175318
37132,Sacred Melody,0.06278917830760622
37133,Giselles Izzy,0.07400820370040863
37133,Athollblair Boy,0.045792960954238716
37133,Fircombe Hall,0.11606042573801617
37133,Tommytwohoots,0.032910206332657926
37133,Hurstwood,0.06165371297522576
37133,Kranjcar,0.20885540661816093
37133,Pockley,0.26651385859107235
37133,Too Much Too Young,0.012287962256538528
37133,Tathmeen,0.16760714209918373
37133,Zebra Star,0.014310120734497429
37134,Time Tested,0.05485086902098819
37134,Cusack,0.18388767707153855
37134,Breakwater,0.11205066331237644
37134,Electric Avenue,0.029735686545842268
37134,L'Ennemi,0.02613927371595933
37134,Hartswood,0.056359178084265146
37134,Mariner,0.049804143174750765
37134,Miners Gamble,0.06574413943975875
37134,Wyvern,0.08714091887839835
37134,Yorkstone,0.04112288372328658
37134,Parish Councillor,0.10253559911147599
37134,Volenti,0.19062896792135958
37135,Penelope Valentine,0.20960360615028034
37135,Bantz,0.20113442649773766
37135,Magic Topissima,0.04900076373219412
37135,Final Angel,0.08546487537228631
37135,A Fine Claret,0.3219575157398441
37135,Black Sky,0.12422703509306374
37135,General Gordon,0.008611777414593761
37136,Quandary,0.16884610623728213
37136,Dream Show,0.015613969589440628
37136,Brazilian Rose,0.17022211192833864
37136,Petra Celera,0.053194524925764625
37136,Super Hit,0.05287873197956914
37136,Alreet Cha,0.06593840053774813
37136,Streak Lightning,0.12698501365276385
37136,Tasever,0.12910635039745083
37136,Bobby Joe Leg,0.0995279545307785
37136,Ahamoment,0.11768683622086339
37137,Roselily,0.24388361439311804
37137,Hardlass,0.10506546803534711
37137,Sun Keeper,0.18835674799569815
37137,Until Dawn,0.10314922783345515
37137,Frankies Dream,0.28411352030636783
37137,Cuban Lynx,0.0622462373155311
37137,Baby Rover,0.013185184120482776
37226,Big Gossey,0.08188130866001486
37226,Dontspoilasale,0.12410090909482559
37226,Jered Maddox,0.1998097123263372
37226,Laugh A Minute,0.09856280423195342
37226,Sporting Hero,0.07260031978026597
37226,Genesis,0.00161486078378466
37226,Never Shout Never,0.1440221067722523
37226,Ohmyviette,0.27740797835056596
37227,Sorbus,0.09800186172320187
37227,Zarathos,0.13456412567298437
37227,Panama Black,0.2725464956836562
37227,Lady Mariko,0.12754033858761232
37227,Rokuni,0.001203977059109482
37227,Noble Phoenix,0.053549914181462224
37227,Fernando,0.19992948674303807
37227,Orchestral Wave,0.04921838421077675
37227,Whizz By,0.06344541613815875
37228,Little Empire,0.03197028338944457
37228,Little Keilee,0.15295281040435935
37228,Punk Poet,0.020945091111182607
37228,Thompson Gunner,0.0017752631432014347
37228,Nika Pika,0.007388867439727031
37228,Brains,0.04043134633485729
37228,Clonmacash,0.30375011861315904
37228,Senado Square,0.02020014305226996
37228,Jazzy Dancer,0.0860882929744787
37228,Hemight,0.017886537169735206
37228,Winemaker,0.25297931318654865
37228,Sarmiento Power,0.062810539249517
37228,An Laochmor,0.0008213939315191373
37229,Rohaan,0.1401209480153787
37229,Many A Star,0.10758351376420942
37229,Twilight Romance,0.055882392488613306
37229,Cairn Gorm,0.13086812909143714
37229,Flying Fletcher,0.09809304783926714
37229,Chief Mankato,0.15583619550393552
37229,Intervention,0.04806786059886368
37229,Ormolulu,0.14842161443900553
37229,Fools Rush In,0.11512629825928963
37230,I Am Superman,0.04866129852829921
37230,Hightimeyouwon,0.16265874925592166
37230,Final Voyage,0.07383352870000659
37230,Perfect Judgement,0.14835312987020907
37230,Exquisite Acclaim,0.11247942678604328
37230,Catch The Paddy,0.05481012628864828
37230,Cheers Again,0.06047383343017498
37230,Bucaneer's Spirit,0.20531003794172645
37230,Proleek Prince,0.08266458177228266
37230,Migdam,0.05005618903853135
37230,Glen Princess,0.0006990983881563544
37231,Global Warning,0.033580204241916274
37231,Portoro,0.1062844510267294
37231,Pinjarra,0.1503270613553243
37231,Bomb Squad,0.08243807013529855
37231,Yorkstone,0.15563323820413363
37231,Autumn Angel,0.0642175646948308
37231,Clyde Bay,0.21906976523763058
37231,Create,0.013129140429200372
37231,Lion's Dream,0.07509444932548621
37231,Melsmay,0.10022605534944994
37232,Signor Ferrari,0.005936988517506388
37232,Jazz Forever,0.1888417027841669
37232,Ranko Express,0.17141584982027172
37232,Doctor Grace,0.06473970569964639
37232,Highland King,0.02756611032808264
37232,Darkened,0.08394433195846682
37232,Latin,0.12515728594471126
37232,Rock Basher,0.22580296280024936
37232,Streetscape,0.001389204981627296
37232,Tyder,0.04407155047763887
37232,Zahee,0.046124285761191194
37232,Sayfa Fad,0.011863324808900044
37232,Albion Princess,0.0012515556061524053
37232,Ali's Court,0.0018951405113887955
37233,Romanovich,0.07122522354260427
37233,Windsor Pass,0.24986741066917867
37233,Billy McGarry,0.30242911892395047
37233,Made All,0.07574301261114974
37233,Embarked,0.0392484898214656
37233,Devasboy,0.15012336915290406
37233,Mickey Mongoose,0.013481961253271698
37233,King Of York,0.04770132279828692
37233,Barney's Bay,0.05018009122718872
37234,Humble Spark,0.055815533747757023
37234,Super Superjack,0.05586160974956616
37234,Swinging London,0.10876707949539922
37234,Tortured Soul,0.19597611528837827
37234,See The Green,0.0008835529342746003
37234,Kinetic,0.17559671598535087
37234,See Paris,0.06845857246047199
37234,Whatacracker,0.010411197116485454
37234,Night Horn,0.32822962322231647
37235,Satono Chevalier,0.28301430563541197
37235,Pavilion End,0.23178008218198037
37235,Solar Breeze,0.08106511342785228
37235,Sir Callisto,0.38004934658301076
37235,Theophilos,0.021193035283753242
37235,Redwood Queen,0.0015382249291289488
37235,Rene Artois,0.0013598919588623801
37278,Sporting Hero,0.05807387188525771
37278,Jered Maddox,0.17278271669931547
37278,Beauty Queen,0.0825042908409606
37278,Never Shout Never,0.11287005254227209
37278,Dontspoilasale,0.08497535506665423
37278,Crystal Luna,0.19576681171860524
37278,I'm Spartacus,0.2498953311864242
37278,Hero Of The Hour,0.04313157006051056
37279,Come On John,0.2345687170190596
37279,The Cooleen,0.010017646151153909
37279,Alvesta,0.09616233065730476
37279,Busby,0.16651413335788046
37279,Fen Tiger,0.05096761078209657
37279,Lednikov,0.10459934654140401
37279,Forglen,0.08515954474993763
37279,Spartan Times,0.1265028810077058
37279,Lucky Question,0.12325546654584754
37279,Wath Court,0.0022523231876097204
37280,Amemri,0.2266122467859209
37280,Senado Square,0.049279293696858496
37280,Pub Talk,0.012777762349241528
37280,Winemaker,0.2100215366031347
37280,Hasiyna,0.09140577898671808
37280,My Girl Sioux,0.07454444659011145
37280,No Speed Limit,0.01349938399714547
37280,Rattletheonionbag,0.22567853510531524
37280,Clifton Light,0.01679252042303875
37280,Havana Notion,0.04937866689791086
37280,Rushes To Riches,0.030009828564604477
37281,King Of York,0.11171421150376773
37281,First Greyed,0.28706035031966376
37281,It's Tim,0.06219658674982118
37281,Heretic,0.18350678698319858
37281,Mickey Mongoose,0.2198657460562015
37281,Headshot,0.07213581913503939
37281,Beautiful Dawn,0.01778949960935049
37281,Van Zant,0.045730999642957376
37282,Scarlet Widow,0.00942938929191717
37282,Sunriseontheboyne,0.06655212840361989
37282,Happy For Evva,0.004789366376006861
37282,Hugo's Girl,0.0013000506684609718
37282,Brigid's Cloak,0.2048769422125884
37282,Merchants Arch,0.10513976004077652
37282,Tam Lin,0.2940410051546948
37282,Annie Lavinia,0.02323368176205092
37282,In The Minus,0.0016561824192344223
37282,Chriselli,0.039309779194647884
37282,Endless Dawn,0.24967171447600223
37283,Al Suil Eile,0.2201021089559737
37283,River Wharfe,0.12457866968455941
37283,Billy McGarry,0.2965800332721883
37283,Lockdown Lass,0.014714496267938828
37283,Ring Of Gold,0.13951510405740047
37283,Pop Favorite,0.07290104802191552
37283,Mr Slicker,0.08803941384190682
37283,Mr Stanley,0.04356912589811702
37284,Catch The Paddy,0.0550315063598968
37284,Proleek Prince,0.10119428618812175
37284,Shoot To Kill,0.140863305746874
37284,Clonmacash,0.2412991116999553
37284,Comfort Line,0.3626726694781696
37284,Prince Of Eyeries,0.0016225812252782272
37284,Imperial Fighter,0.07516793176057296
37284,Kwa Herini,0.02214860754113138
37285,Dutch Kingdom,0.07784725282807936
37285,Blue Prince,0.22253422457447494
37285,Persuasion,0.09003227343129254
37285,Silver Samurai,0.10128638410315557
37285,Aquacell,0.16518997637281646
37285,Legal Reform,0.114835594722623
37285,Ormolulu,0.2282742939675581
37286,Finsceal Annie,0.14250041284308107
37286,Ferrari Desert,0.23301227412054187
37286,Miss Abby Jools,0.05125255924662128
37286,Mullacash Buzz,0.0017799718009667393
37286,Higher Kingdom,0.17072660209516102
37286,Man Is King,0.0016902488290123406
37286,Harry The Rogue,0.06093324787923885
37286,Jackandthefox,0.06791350322281008
37286,Master Garvey,0.03984788868268816
37286,Roderick,0.0014321703363442
37286,Royal Tribute,0.05121538746289538
37286,Wild Mountain,0.10981108895356173
37286,Superior Force,0.06788464452707739
37287,Federal Envoy,0.13766626924557246
37287,Narmar,0.1316751246248136
37287,Lessay,0.14412082326656211
37287,Chola Empire,0.07758485801257242
37287,King Of Ithaca,0.16621163358436067
37287,Justcallmepete,0.07450879164375945
37287,Perennial,0.06326005330711892
37287,Milbanke,0.022910490362216165
37287,How Impressive,0.06480077518183594
37287,Mumayaz,0.03977284262711482
37287,King Of Fury,0.046973105008136444
37287,Touchwood,0.03051523313593691
37288,Genoah,0.12853914605221123
37288,Tribal Star,0.0882300548412848
37288,Bucaneer's Spirit,0.06449909179992211
37288,Autocrat,0.056854722149115265
37288,Not Just Any Eagle,0.13239969600997928
37288,Sacred Oath,0.001939600599793126
37288,Benavente,0.009211294474889765
37288,Annaghmccanns,0.0008624420054981692
37288,Tribal Moon,0.0900601915590296
37288,Trishuli River,0.2707164456378366
37288,Church Mountain,0.03875496122654639
37288,Picpoul,0.009851082572096456
37288,Darkened,0.04253300838922669
37288,Limestone Red,0.0655482626825706
37289,Sophar Sogood,0.11473150266794344
37289,Balgowan,0.0017641579052311315
37289,Fiftyshadesaresdev,0.02748978720420277
37289,Billy Bathgate,0.042888532100583514
37289,Toby Tops,0.13908421166602694
37289,Scylla,0.23525821720230572
37289,Leon Trotsky,0.15430760116479592
37289,Ocean Ridge,0.264366929610745
37289,Freewheelin,0.0015030804185435294
37289,Kitten's Dream,0.01860598005962207
37290,Ranko Express,0.10755065844550246
37290,Nusra,0.18800598139154054
37290,Gallo Dell Cielo,0.1726681611250885
37290,Deed Pole,0.002206510729117645
37290,Doctor Grace,0.09446425386086522
37290,Porsche Lad,0.0015966735754485708
37290,Guest Star,0.015078588136975555
37290,Gardone,0.18615123347783263
37290,Tara Power,0.001609570807515288
37290,Lord Talbot,0.033019957483392745
37290,T Or Coffey,0.0963999192931468
37290,Sarmiento Power,0.014750009962306515
37290,Waystar,0.02664359691151264
37290,Fine Print,0.05985488479975494
37291,Moulin Booj,0.1817605450915191
37291,Sevensees,0.17234311698173707
37291,Ready Freddie Go,0.024916073335633622
37291,Good Earth,0.08816136925125288
37291,Tan Rapido,0.04996000568489697
37291,Cloud King,0.16756220619134982
37291,Je Ne Sais Quoi,0.12500786804408778
37291,Rock Of England,0.10671102635199259
37291,Popular Dream,0.08357778906753026
37412,Mrs Trump,0.23447631186298395
37412,Lady Of The Garr,0.01046919911814972
37412,Little Muddy,0.22568359811150052
37412,Supernova Steps,0.11525538795154272
37412,Kranjcar,0.2232237117965787
37412,Posh Maisie,0.0009631657481765035
37412,Ustath,0.06179906299816735
37412,Irish Dancer,0.069283793549213
37412,Birdie Bowers,0.05884576886368741
37413,Boasty,0.10553820200852117
37413,Moon Over The Sea,0.33544930747626805
37413,Pysanka,0.08527233753572097
37413,Bella Veneta,0.16074008145935023
37413,Starfighter,0.051004518055137484
37413,Mohave Dancer,0.016070166838340397
37413,Sea Of Charm,0.05484633177971116
37413,Nevendon,0.0014224537380513836
37413,Prince Hector,0.0011367330751338833
37413,Two Plus Two,0.050141660338877
37413,Billy Bathgate,0.017544434913038358
37413,Walk The Moon,0.12083377278185013
37414,Wiggins B,0.1105953883518493
37414,Brian The Snail,0.33858378959537366
37414,Dunnington Lad,0.24676203495358734
37414,Stroxx,0.16335767359657816
37414,Tickets,0.03661124762291036
37414,Variety Island,0.0038233008555951975
37414,Fast Flo,0.002828685126447445
37414,John Kirkup,0.07517652195953929
37414,Hyrcanian,0.002668131214042694
37414,Miss Rainbow,0.019593226724076762
37415,Lady Mary,0.08755520974523598
37415,What A Nation,0.1441335066340338
37415,Calibos,0.1641672621057947
37415,Synergism,0.11970019611242472
37415,Sweet Cicely,0.13318947119134167
37415,Captious Cantor,0.058965981225670885
37415,Electric Bass,0.1160136006304435
37415,Ballarat Bertie,0.17627477235505468
37416,Media Mogul,0.2999228476762711
37416,Gastronomy,0.0988774033893387
37416,Ribba Hill,0.20989862483881036
37416,Marbuzet,0.12800174689693844
37416,Trojan Sun,0.2632993771986415
37417,Court Drive,0.21656144038137567
37417,Gogo Yubari,0.07867886815931045
37417,Safanah,0.055522273002666545
37417,Four Adaay,0.20116399838944712
37417,Autumn Angel,0.12168150933690386
37417,Rogue Dancer,0.20674295157114417
37417,Psychodrama,0.002003795312590744
37417,Dark Sorceress,0.11764516384656142
37418,Mercury Day,0.12263290819386176
37418,Sky Safari,0.243745715200137
37418,Atlantis Blue,0.1188609222997083
37418,More Than A Feelin,0.10593464917099653
37418,Top Of The Class,0.23729960682071968
37418,Dramatic Effect,0.08938953595119296
37418,Twirler,0.08213666236338393
37419,Circe,0.11055384480565493
37419,Cruyff Turn,0.13863084731176292
37419,Woodstock,0.07651629410186486
37419,Al Muqdad,0.3305376134758193
37419,Lerwick,0.11127469631523035
37419,Master Richard,0.008340131736914577
37419,The Green Man,0.07958262163993311
37419,Project Black,0.09447486027366823
37419,Livio Milo,0.05008909033915165
37420,Midnightattheoasis,0.08453978285073281
37420,Reigning Profit,0.2385023803872094
37420,Rosenpur,0.1222739306634894
37420,Aces Wild,0.24146570778934306
37420,Recon Mission,0.08860442757468061
37420,Buraback,0.08829633935148298
37420,Gustav Graves,0.13631743138306182
37421,Ahlain,0.16202065406218388
37421,Nibras Angel,0.04762219107123512
37421,Tiger Crusade,0.04450265498318265
37421,Metaverse,0.15765537275905678
37421,Dancing Magic,0.07864948700007271
37421,Dapper Valley,0.03925789238066991
37421,Follow Your Heart,0.09403854090315351
37421,Supreme King,0.1078437997695658
37421,Kitaro Kich,0.0866281836240856
37421,Invincible Aura,0.04617450708276788
37421,North View,0.13560671636402616
37422,Rhythm Master,0.05970919273589318
37422,Crimson Road,0.005980794152503404
37422,Cadarn,0.15776381230542857
37422,Barley,0.1253431616718788
37422,Grabajabba,0.3173650691636805
37422,Boy Douglas,0.16112781717419572
37422,Reidh,0.06946031155532031
37422,Yaaser,0.10324984124109947
37423,Bold Suitor,0.31186635246925964
37423,Monsieur Fantaisie,0.03375852190854795
37423,Ravenglass,0.10629085179700383
37423,Fistral Beach,0.07973696142544086
37423,Mudlahhim,0.027400510291941634
37423,Sam's Hope,0.052563167933079795
37423,American Star,0.05559119803914041
37423,Coconut Bay,0.19713581262835606
37423,Outreach,0.09505048971244066
37423,Blue Jay Way,0.0009088543400776045
37423,Marisitta,0.039697279454711576
37424,Coup De Force,0.2323569821854065
37424,Dream Of Mischief,0.17227573324677303
37424,Giant,0.13212687711927054
37424,Rebel Path,0.1132727872018939
37424,Dashing Harry,0.05489600891069661
37424,World Of Darcy,0.009569426564487529
37424,Hierarchy,0.11257221720221004
37424,Cypriot Diaspora,0.1729299675692618
37425,Treble Winners,0.1051072994740876
37425,Mwafaq,0.10380687686135283
37425,Flamborough Head,0.14418140897620826
37425,Homeland,0.10635062592653885
37425,Triple Double A,0.03752832204532432
37425,Groundhog,0.16436551714404982
37425,Ottoman,0.006065346313262212
37425,Wondrous Ways,0.019405355897987413
37425,Hurricane Bea,0.052048619539165605
37425,I Can Boogy,0.062216495447269746
37425,Magic Topissima,0.12047490565530523
37425,Mission In Malton,0.07844922671944804
37426,Galel,0.08835159563839527
37426,River Wharfe,0.09559259940447312
37426,Heerathetrack,0.14418374323729685
37426,Till It Shines,0.12863725100227857
37426,Match Anthem,0.1475461545237762
37426,Embarked,0.07036290347327302
37426,Letter Of The Law,0.028881900761909125
37426,Lincoln's Inn,0.0761716715033492
37426,Diamond Cottage,0.05811094713495668
37426,Stoic Syd,0.07591766260920324
37426,Balmy Breese,0.03430686801173558
37426,Red Walls,0.05193670269935312
37427,City Of Strangers,0.05687586247373232
37427,Perfidia,0.09755752437362253
37427,Mayday Mayday,0.061764482539505054
37427,Unthinkable,0.02244458788889193
37427,Lady Diesel,0.05211098267452733
37427,Andalseeyagraham,0.14041154688037158
37427,Sanbona,0.1746369120988039
37427,College Witch,0.0009210412199542916
37427,Hardlass,0.12847324697987464
37427,Crimson Lad,0.06914660077209996
37427,Martha Costello,0.07354869922349253
37427,Fregola,0.027226576685781705
37427,Aria's Dream,0.0910667082486268
37427,Ziva's Star,0.0013525566755831888
37427,Diamond Dude,0.002462671265132199
37428,I Can't Believe,0.12464957883327137
37428,Strategic Fortune,0.01592598075813131
37428,City Escape,0.09102258822602871
37428,Life On The Rocks,0.153929984172768
37428,Star Delta,0.0410692422294199
37428,River Alwen,0.17352661554058021
37428,Danehill Star,0.13033943367592654
37428,Heretic,0.14691127067485624
37428,Port Noir,0.12147054001090521
37428,Tarjamah,0.0011547658781125086
37429,Cinnodin,0.1578766658301066
37429,Grey Fox,0.09355908385443117
37429,Tradesman,0.04494580787904493
37429,Moel Arthur,0.009385893668362271
37429,Orchestra,0.03992534473431478
37429,Believitanducan,0.08184932923419672
37429,Legacy Power,0.2915438994637826
37429,Alex The Great,0.10823839566258849
37429,French Martini,0.02919770001049147
37429,Blenheim Lad,0.14347787966268088
38920,Annexation,0.04924184545454405
38920,Foreseen,0.060841419764177146
38920,Con Te Partiro,0.19553272321158294
38920,Obsidian Knight,0.1342559279644638
38920,Hello Miss Lady,0.11839069692528321
38920,Ellexis,0.09025192188728043
38920,Eton Blue,0.0432278868852546
38920,Meadram,0.15068456312873585
38920,Blue Yonder,0.114033235232007
38920,Mr Jetman,0.04270386516339825
38920,Rolypolymoly,0.0008359143832728318
38921,Diamond Dreamer,0.0857492309531309
38921,Level Up,0.06049946377133349
38921,Merrimack,0.2619840788070178
38921,Harry Brown,0.28656779225370904
38921,Recon Mission,0.09805406421399468
38921,Mick's Spirit,0.05843799430157943
38921,The Defiant,0.049312947894121
38921,Thismydream,0.09939442780511355
38922,Lady Diesel,0.04182579381248188
38922,Made The Cut,0.1324896071118926
38922,Rumseg,0.11200476288995119
38922,Herkeios,0.13279688382165808
38922,Specified,0.0947961339938397
38922,Majestic Heights,0.10516171509857272
38922,Antiquity,0.033198522378942975
38922,Take The Boat,0.005658851612778173
38922,Jonny Garlic,0.06273207131743783
38922,Sandhill Dancer,0.13422294579076477
38922,Freak Encounter,0.14511271217168017
38923,Claxton Bay,0.13144361394251594
38923,Overnight Oats,0.18242652204768664
38923,Kondratiev Wave,0.06811537969467042
38923,Colorada Dancer,0.026311974145401956
38923,Devasboy,0.0379168650341277
38923,First Greyed,0.05428525294150681
38923,Raqraaq,0.08319009366040296
38923,Delta Legend,0.09852583766050874
38923,Takeover Target,0.05543915631077444
38923,Charlatan,0.26234530456240435
38924,Tyger Bay,0.1375743572406417
38924,Hierarchy,0.14265494986376057
38924,Master Dandy,0.0823231793726181
38924,Whenthedealinsdone,0.1638317656116877
38924,Lequinto,0.16764762166809014
38924,Harb,0.1054601072651408
38924,Sisters In The Sky,0.20050801897806111
38925,Royal Observatory,0.33491780274382527
38925,Major Major,0.12695856580566162
38925,Deep Blue,0.07035035516404511
38925,Fascinating Lips,0.11400766836470405
38925,Sunset In Paris,0.016576321388815894
38925,Mapogo,0.001467790841154395
38925,Villalobos,0.04006100647474586
38925,Mr Trick,0.1128709744325984
38925,Danehill Star,0.1077658721334089
38925,Laurentia,0.0011088038183507522
38925,King's Conquest,0.039862329682118884
38925,Emperor Dream,0.03405250915057071
38926,Dubai Harbour,0.3821255697754184
38926,We'renotreallyhere,0.09471219938516151
38926,Empress Of Hope,0.04301768824791469
38926,Foinix,0.0804741927152929
38926,Baikal,0.040218586221974946
38926,Indian Romance,0.01293995491017503
38926,Sir Laurence Graff,0.06214069580692143
38926,Crazy Maisie,0.07744496415268615
38926,Limelight,0.11159772708801736
38926,Rivas Rob Roy,0.09532842169643775
38927,Classic Speed,0.18003556836668325
38927,Beauty Generation,0.14219026073694374
38927,Lunarscape,0.12022287801860042
38927,Chourmo,0.020782305308995747
38927,Enpassant,0.1725395017137439
38927,Fihrayn,0.21700892248402784
38927,Egoiste,0.09318721664901146
38927,Night Arc,0.024033534299296312
38927,The Pug,0.029999812422697263
38928,Next Trick,0.006328180805881127
38928,Midsummer Music,0.13904760474027228
38928,Mammy,0.179046987173245
38928,Capuchinero,0.1469214026254797
38928,Forever Proud,0.45639134286437477
38928,Lahina Bay,0.05695483560863978
38928,Ashford Hill,0.015309646182107228
38929,Sex On Fire,0.20590654705572642
38929,Misty Sky,0.19982638886262952
38929,Art Market,0.2953849208393533
38929,Kiniro,0.11765393921439596
38929,Master Technician,0.18122820402789483
38930,Artistic Star,0.26497355505914755
38930,Paradias,0.0798945745173649
38930,Haku,0.1301603879809053
38930,Civil Law,0.03935080742908477
38930,Dream Harder,0.07644878211258198
38930,Gaassee,0.08331839843764167
38930,The Glen Rovers,0.3258534944632739
38931,Percy Jones,0.11037309318611307
38931,The Craftymaster,0.155145695691248
38931,Orchestra,0.04132099818654202
38931,Haliphon,0.07471470299344248
38931,Yorksea,0.0017124306992791622
38931,Comte De Loir,0.3106217326341229
38931,Le Rouge Chinois,0.03115714653357502
38931,Doublethetrouble,0.114435614836477
38931,Zivaniya,0.1605185852392004
39015,Intinso,0.01885349744950234
39015,Glen Buck,0.13354674867323763
39015,Dream Harder,0.05682277591623533
39015,Victory Shout,0.0014857750088483118
39015,Tides Of War,0.075579899057931
39015,Arqoob,0.2368370581223677
39015,Knockbrex,0.10069674329389924
39015,Cello,0.17275745936874018
39015,Path To Dubai,0.10545067572618935
39015,Wind Your Neck In,0.04081737807591013
39015,Humble Spark,0.05715198930713858
39016,Feel The Need,0.09263299941145571
39016,Judgment Call,0.04303521108623822
39016,Narmar,0.1783255440807731
39016,He's A Gentleman,0.1275185616060493
39016,Lir Speciale,0.06024245033030226
39016,Golden Strike,0.031055874072169053
39016,Justcallmepete,0.08360188257576397
39016,Giorgio M,0.16708217895105262
39016,Federal Envoy,0.10879944964190631
39016,Power Of Zeus,0.03657149820950015
39016,Abruzzo Mia,0.060141848559303275
39016,Golden Pharaoh,0.010992501475486091
39017,Bajan Bandit,0.05678447155620902
39017,Abduction,0.024992481298471696
39017,Enola Grey,0.1310139396818304
39017,Powdering,0.07692350327285623
39017,Beattie Is Back,0.07412193784070625
39017,Where's Freddy,0.19104083044144998
39017,Benavente,0.006890268003590973
39017,How Impressive,0.05250665451677706
39017,So Quiet,0.09623737156670524
39017,Swiss Ace,0.0992554597905917
39017,Lessay,0.12529233245197738
39017,Straight A,0.06494074957883415
39018,Circuit Breaker,0.0020396189113745283
39018,Alrazeen,0.27531087925908326
39018,Legendary Day,0.15354358249708042
39018,Hot Fuss,0.09043282403125573
39018,Robusto,0.08570239139119815
39018,Dreams Adozen,0.18898471253845142
39018,Marble Sands,0.04881545104319746
39018,Tradesman,0.15324292319368724
39018,Alright Sunshine,0.0019276171346718452
39019,Wallop,0.13904091112553243
39019,Port Erin,0.1443634130154967
39019,Wilde And Dandy,0.1421603870416182
39019,Enpassant,0.21782037777289795
39019,Dynamic Talent,0.057710791303801544
39019,Prefer The Sister,0.10890625073336767
39019,Drifts Away,0.18917789068710666
39019,Velvet Vortex,0.0008199783201787732
39020,Value Added,0.005806719588055828
39020,Mr Baloo,0.11126280540550011
39020,Commander Of Life,0.05859655211401968
39020,Eligible,0.05748556029213917
39020,Kingdom Of Time,0.10589611480536006
39020,Ghaihaban,0.11032474801305309
39020,Flag Of St George,0.07366546024372447
39020,Serenity Dream,0.06508971040073962
39020,Midnight's Dream,0.1775041364855692
39020,Charencey,0.05341796862960696
39020,Cousin Shay,0.07593330257765889
39020,Sisterandbrother,0.10501692144457296
39021,Dion Baker,0.06885690458938858
39021,Lequinto,0.10106043944102862
39021,Profit And Loss,0.12114619979499035
39021,Dicko The Legend,0.26432210179102733
39021,Temple Bruer,0.02908001633359667
39021,Land Lover,0.20209803570843876
39021,Em Jay Kay,0.10400209963168558
39021,Brunel Charm,0.012853778749148764
39021,Bibendum,0.09658042396069526
39022,Cephalus,0.14915709374614672
39022,Grabajabba,0.024172032976035925
39022,The Cookstown Cafu,0.062031466443172575
39022,Master Of Combat,0.08837116350617906
39022,Mr Mistoffelees,0.11277695613356209
39022,Delicacy,0.060452131147806676
39022,Starliner,0.07188584721797814
39022,Shahbaz,0.07696834560902205
39022,Kracking,0.13839932499744792
39022,Shaw Park,0.04507774835041134
39022,Forever Proud,0.1707078898722375
39023,Monsieur Beaulieu,0.2550560797431143
39023,Dashing Harry,0.038912613666652565
39023,Bang On The Bell,0.1112976951426646
39023,Rebel Path,0.26696787793796445
39023,El Bufalo,0.15369439717886146
39023,Alafdhal,0.10001612832686432
39023,Buraback,0.07405520800387826
39024,Auguste Lumiere,0.24150508673048435
39024,Sant Alessio,0.1723367464566886
39024,Liberated Lad,0.08739523544127055
39024,Fihrayn,0.13115959357460596
39024,Boasty,0.05357980039604926
39024,Fillyfudge,0.058662648070532966
39024,Elterwater,0.2553608893303682
39025,Rising Force,0.038659092891610194
39025,Forest Haze,0.04118320916721182
39025,Kessaar Power,0.041023647588511
39025,Ballybaymoonshiner,0.15026281485986817
39025,Artificer,0.19956096012892383
39025,Headshot,0.0740272656284388
39025,United Force,0.11235695844725099
39025,Dash Power,0.2643799974804576
39025,Poles Apart,0.07854605380772765
39088,Daaris,0.11765882561009007
39088,Grand Duchess Olga,0.07004901016047893
39088,Arc Zoosve,0.06981576358554913
39088,Somebodycomegether,0.001827802088426493
39088,Courageous Gold,0.16323529137074164
39088,Mamdoh,0.39738784642999453
39088,Prince Hector,0.0024176808491248405
39088,Lumberjack,0.07975328577014802
39088,Abstract,0.0978544941354463
39089,Newyorkstateofmind,0.09506871322840535
39089,Level Up,0.11801383702923847
39089,Phoenix Beach,0.1894151955981983
39089,Wedgewood,0.20735150984567144
39089,Gustav Graves,0.17451355682695718
39089,The Defiant,0.0273768286355106
39089,Port Hedland,0.18826035883601858
39090,Aiming High,0.16401944113795988
39090,Kinetic,0.21103118179281136
39090,Bajan Blue,0.26262984344739826
39090,Nowhere,0.15234026819625232
39090,Bella Veneta,0.17970756288377218
39090,Mrs Meader,0.03027170254180607
39091,Too Much,0.22087380802419398
39091,Code Purple,0.28966578340434534
39091,Pallas Lord,0.2587633972651898
39091,Cusack,0.08606562601674768
39091,Trais Fluors,0.051972582271712586
39091,Wait And Hope,0.023276632011038238
39091,Broken Spear,0.024509896596295967
39091,Bellagio Man,0.04487227441047647
39092,Flamborough Head,0.19114989338620486
39092,Triple Wishes,0.05063241441170907
39092,Call Me Audrey,0.01993245371611709
39092,Hardlass,0.09525966636561425
39092,Falaise Blanc,0.03309632558900964
39092,Miakoda,0.2321066853275428
39092,Crimson Lad,0.0673263347173477
39092,Precious Spartan,0.04817522042617801
39092,Sandinyourshoes,0.14472288551428306
39092,Nave Force,0.06259625741353805
39092,I Can Boogy,0.018433282608799013
39092,Ziva's Star,0.03656858052365652
39093,Blue Empress,0.13618363725669871
39093,Mini Mac,0.0012249942725115707
39093,Maids Head,0.06702600966020443
39093,Bad Habits,0.05101857216187014
39093,Kathleen's Glory,0.16966068585314614
39093,Pageant,0.1392650244956233
39093,Beta Reader,0.13009894303828298
39093,Party Bear,0.15161693720580238
39093,Sovereign Class,0.07244314484802707
39093,Fortunas Dream,0.08146205120783338
39094,Court Drive,0.20253185444498414
39094,Rebecca's Girl,0.09546605152674222
39094,Lord Abama,0.14391836664283605
39094,Run This Way,0.08876376474307619
39094,Nazca,0.07507145992247748
39094,Match Play,0.07430032983078876
39094,Mighty Power,0.07962965517289511
39094,Danzart,0.11303235502375071
39094,Mayo County,0.07686696231468977
39094,Little Muddy,0.05041920037775969
39095,Prince Ali,0.12469137466358671
39095,Mr Nugget,0.1859761038091611
39095,Next Trick,0.12122841959562806
39095,It's A Love Thing,0.10252859922686976
39095,Golspie,0.1299768603470702
39095,I Can't Believe,0.15109124929576784
39095,Init Together,0.09849247281983983
39095,Sceptic,0.08601492024207641
39096,Dark Kestrel,0.16157647142429762
39096,Filly One,0.09927124022038876
39096,Above,0.13336756653893156
39096,Frank The Spark,0.0821891667920974
39096,Ganesha,0.05164030919787105
39096,Darlo Pride,0.10907485662243924
39096,Fierce,0.038149831710600136
39096,South Shore,0.052441713207347695
39096,Wrestling Revenue,0.07174337989823994
39096,King's Crown,0.09129341778975576
39096,Golden Rainbow,0.10925204659803088
39222,Spartan Arrow,0.05130981049994853
39222,Michaela's Boy,0.14217439800650428
39222,Almaty Star,0.07297740744546925
39222,Jumbeau,0.1320223366415264
39222,Twilight Fun,0.1330068165576502
39222,Fidelius,0.15766608468932505
39222,One Night Stand,0.1225233693055696
39222,Existent,0.07576018718975898
39222,Faustus,0.017564303174273287
39222,El Bufalo,0.07721036410196336
39222,The Coffee Pod,0.01778492238801112
39223,Latona,0.07145033903793521
39223,Amber Honey,0.06217187085233408
39223,Me Tarzan,0.18680408604648635
39223,Makes Me Wonder,0.08285994699562158
39223,All Cost,0.21214741043748397
39223,In The Sunshine,0.06177937284942337
39223,Sir Kenny,0.06710322106930315
39223,Tiana Rose,0.06525497158454789
39223,Zappata,0.06414766686441141
39223,No Gain,0.0806227330321371
39223,Runnindown A Dream,0.005557774523051728
39223,Late Star,0.04010060670726395
39224,King's Code,0.06033969487261257
39224,Stressfree,0.13369241905075355
39224,Magico,0.16857449190527604
39224,Warda Jamila,0.35783167874089017
39224,Rathgar,0.10365352324544548
39224,City Of Delight,0.1759081921850221
39225,Miller Spirit,0.10961977683515314
39225,Master Builder,0.18772025941857773
39225,Roberto Escobarr,0.03302479694181627
39225,Arqoob,0.021944129873614545
39225,Asgard's Captain,0.06364747942106695
39225,Kotari,0.09421787996135644
39225,Small Fry,0.08989309654427748
39225,Sugar Road,0.18861718244846468
39225,Carnival Day,0.05305303736178822
39225,Tryfan,0.048069483563293644
39225,Dashinwhitesargent,0.11019287763059094
39226,Babylon,0.2175410075062726
39226,Sonic Pioneer,0.025038597725648117
39226,Georginio,0.03376929051222688
39226,Divot,0.17164265630278816
39226,Keble Spirit,0.08606421550023184
39226,Requiem,0.21111231156958726
39226,Something Splendid,0.1180615818547843
39226,Hamdani Cruiser,0.116895833409686
39226,Beachborough Girl,0.015426249376374284
39226,Squires Treaty,0.0044482562424003275
39227,Cabeza De Llave,0.09039892691007265
39227,Hint Of The Jungle,0.190864056740384
39227,Coolagh Magic,0.006203509725356405
39227,It's Showtime,0.11583711775376915
39227,Rebel Star,0.2440599301343498
39227,Sir Rodneyredblood,0.17559192958231723
39227,Banana,0.17704452915375077
39228,Abate,0.26114631853628856
39228,Late Arrival,0.09249735325358578
39228,Kats Bob,0.1275385674976965
39228,Lord Abama,0.1725949879326209
39228,Patontheback,0.05825262193174007
39228,Runninwild,0.0025875450546676637
39228,Profiteer,0.09671453460779487
39228,Happier,0.07839181935941143
39228,Inanna,0.11027625182619424
39229,Celeborn,0.09255738374179213
39229,Sir William,0.16736850873606757
39229,Your Lordship,0.03212136930687173
39229,Excellent Echo,0.015886469885983516
39229,Bulletin,0.06504582962322193
39229,Geo,0.08656464657125891
39229,Mayday Malone,0.08173968621342663
39229,Louie The Legend,0.0637636493779883
39229,Best Adventure,0.21572862768973716
39229,Soy Loco,0.009619930696926179
39229,Connie Moon,0.05266095843582965
39229,Play Me,0.07398807149095378
39229,Turpin,0.0429548682299427
39230,Maelstrom,0.23250951709218054
39230,Blue Empress,0.0828565508683218
39230,Maids Head,0.11301102553106762
39230,Sands Of Havana,0.04825731291653215
39230,Up The Monk,0.06600830719144844
39230,Rokuni,0.0026578429170600044
39230,The Feminine Urge,0.04237066702569929
39230,Cooramook,0.2131417793224071
39230,Gorgeous Mr George,0.19918699713528318
39231,Revich,0.09134768922133894
39231,Mafnood,0.048233133483898114
39231,Hodler,0.08385665283421724
39231,Mostawaa,0.13014720105560165
39231,Tribal Rhythm,0.17228910247409332
39231,Port Road,0.05961476427571125
39231,Orbaan,0.07080146420444054
39231,Uncle Dick,0.16103983254009427
39231,The Bitter Moose,0.037158695483077625
39231,Kracking,0.14551146442752677
39232,Gincident,0.38763140552173947
39232,Corundum,0.036651973260906655
39232,Berry Clever,0.16908484982123795
39232,La Fleur Petrus,0.19742956940214376
39232,Zariela,0.20920220199397213
39233,Temper Trap,0.1469990557208403
39233,Wilde And Dandy,0.2421539236268667
39233,Highland Olly,0.21576502240595682
39233,Makalu,0.08659178572932902
39233,Jez Bomb,0.07854874671332875
39233,Coolree,0.0800195132187645
39233,Mount King,0.07553462115887088
39233,Straya,0.07438733142604312
39234,Harlem Nights,0.2499285478074266
39234,Super Hit,0.17163231068007576
39234,Swift Salian,0.2683974960813114
39234,Tees George,0.051441472120650936
39234,Crownthorpe,0.015900742955165612
39234,Ravishing Beauty,0.06821819205764383
39234,Copper And Five,0.06319753338001415
39234,Little Ted,0.11128370491771174
39235,Perfectly Timed,0.061199948690624395
39235,Path To Dubai,0.08215386739101947
39235,Ludo's Landing,0.032522472414707716
39235,Cavern Club,0.13618966714686226
39235,Letsbefrank,0.26904267769715345
39235,Pergamon,0.05017215566783475
39235,The Crafty Mole,0.09759025603853219
39235,Titainium,0.16019951793776596
39235,Kitsune Power,0.06393445314811434
39235,Masekela,0.04699498386738533
39236,Fuji Mountain,0.08499453784772888
39236,Balzarini,0.08507785240730657
39236,Against The Wind,0.05302912227574929
39236,Desert Champion,0.1031297193543814
39236,Naana's Sparkle,0.004413728203930424
39236,Do It Now,0.07691018950018959
39236,Educating Rita,0.19759573852623047
39236,Nad Alshiba Green,0.15005255684353094
39236,Farandaway,0.21181998308217936
39236,Neytiri Te Tskaha,0.032976571958773036
39237,Ribble Radiant,0.13640833076730505
39237,Heroism,0.11974946962793684
39237,Captain Vallo,0.018592104304461624
39237,Falcon Nine,0.0041524392712681815
39237,Without Delay,0.11993431873467787
39237,Lumenbourg,0.21001644979693465
39237,Emerald Army,0.047576319055339225
39237,Desert Dream,0.029857027251709765
39237,Kalganov,0.11123325072438238
39237,Juryman,0.008927437027069317
39237,Odd Socks Havana,0.07454320342527054
39237,Dumfries,0.05415333736225519
39237,Dandy Lichious,0.06485631265138939
40709,Humble Spark,0.3060921351171528
40709,Percy Willis,0.1769251248729022
40709,Elemental Eye,0.11076859766322066
40709,Ashington,0.017078945660095147
40709,Federated,0.319801521383952
40709,Wanderlust,0.06933367530267717
40710,Beaumadier,0.1419607420324291
40710,Beneficiary,0.39096201429481553
40710,The Gay Blade,0.21385391267468706
40710,Lady Of The Garr,0.005739144699502532
40710,Phoenix Star,0.17542174147424755
40710,Hard Nut,0.07206244482431812
40711,Howzak,0.03230560615928245
40711,Biplane,0.03046278036628674
40711,Bella Kopella,0.10615308967450374
40711,Wee Fat Mac,0.25224554030695456
40711,Sir Maxi,0.25841610172581514
40711,Captain Vallo,0.06615489010553992
40711,Nights Over Egypt,0.10154893977505702
40711,Spartan Fighter,0.0674797120124601
40711,Blackcurrent,0.08523333987410037
40712,Mondammej,0.15837580819936506
40712,Alzahir,0.09401817297266557
40712,Bright,0.11974042969012103
40712,Flying Fletcher,0.11496952321824722
40712,Pals Battalion,0.2063503949481563
40712,Neapolitan,0.015266638396439412
40712,William Dewhirst,0.18977224599982415
40712,Modern Times,0.1015067865751812
40713,Edge Ofthe Unknown,0.19705677381354061
40713,Hippocratic Oath,0.3595052858663899
40713,Magna Gee Gee,0.2582739123583167
40713,Spirit Of Jura,0.18516402796175277
40714,Ash Wednesday,0.4821789972285514
40714,Vixey,0.0032677431918774506
40714,Billy McGarry,0.11787053831404194
40714,King Of York,0.0898761255683164
40714,Flash The Dash,0.07379565111906464
40714,Laura's Breeze,0.10858731863966817
40714,Vivency,0.0712684245706613
40714,Queen For Adaay,0.05315520136781857
40715,Valadero,0.25406921100837837
40715,War Memorial,0.1045937527897319
40715,Portoro,0.10866999425061016
40715,Angel Of The Bay,0.13411359977743217
40715,Reginald Charles,0.1740435672249264
40715,Devilwala,0.031184938926311485
40715,Available Angel,0.12398040670603655
40715,Fistral Beach,0.06934452931657302
40716,Bowood,0.04508371730709556
40716,Encourageable,0.013914909719032838
40716,Lerwick,0.09345168113835806
40716,Hitched,0.21853171233686114
40716,Grabajabba,0.038274534602817614
40716,Cavalry Call,0.173253514917019
40716,First Kiss,0.022285635711425122
40716,Bajan Bandit,0.03968185748110898
40716,Chuzzlewit,0.09260486609404302
40716,King's School,0.0519294656113511
40716,Gincident,0.09908418611841939
40716,Flag Of St George,0.11190391896246817
40717,Hiya Maite,0.29621176674535166
40717,Blind Beggar,0.09430944537810663
40717,Jumbeau,0.24184319412942107
40717,Master Of My Fate,0.11850865398821864
40717,Dashing Harry,0.06597207959544518
40717,Dark Kestrel,0.1831548601634567
40718,Kinetic Force,0.003884069710508443
40718,Winchurch,0.14053711096576255
40718,Em Four,0.17641615798715646
40718,Blinky,0.325143337045453
40718,Star Chorus,0.21022662784193608
40718,Kiss Me My Love,0.07037710454218549
40718,Fallen Soldier,0.07341559190699781
40719,Forge Valley Lad,0.18447324322737685
40719,Addosh,0.21377961696548622
40719,Dark Agent,0.08880952791172597
40719,Young Endless,0.21230984797478672
40719,Further Measure,0.0011590105475975383
40719,Edna E Mode,0.0551963472138939
40719,Arch Legend,0.10134667147681338
40719,Sir Joseph Swan,0.11482481842158959
40719,Two Plus Two,0.028100916260729854
40887,White Clover,0.02736444379702186
40887,Catherine Chroi,0.0014996149366860968
40887,Rathbranchurch,0.053073252964990034
40887,Escape Act,0.00814324141616909
40887,Loingseoir,0.04758769696340286
40887,Velvet Skies,0.08367142209042538
40887,Run Forrest Run,0.045400624269779706
40887,Distillate,0.0051368599790940946
40887,Devil's Angel,0.002594717432210659
40887,Sakakawea,0.19582923202680236
40887,Noble Nation,0.3122483754281197
40887,Times In Oz,0.004444484763829605
40887,Senado Square,0.12578577158589596
40887,Step Back In Time,0.014164944105153811
40887,Lismacbryan Hill,0.07305531824041885
40888,Island Girl,0.2858384289965135
40888,Stiorra,0.045168744636164465
40888,Unique Journey,0.210188793613621
40888,Charanda,0.17776317344184742
40888,Tilly's Company,0.0016261756350876842
40888,Sarahmae,0.00787201886677085
40888,Kayamite,0.010604186610681713
40888,Eric Lock,0.03149389551901914
40888,Dance For Chester,0.022343104137035816
40888,James The Second,0.04986848691275279
40888,Historical Fact,0.1572329916305056
40889,Chicago Fireball,0.09357471399498178
40889,En Or,0.15157621760810333
40889,Hurricane Ivor,0.10857862821625067
40889,Love Billy Boy,0.29592549317659916
40889,Fast Tara,0.06180617296014938
40889,Sara Valentina,0.012295669925848698
40889,Mercurial,0.01307345535176194
40889,Quatre Bras,0.009092671280486013
40889,Money Dancer,0.010018849430257966
40889,Facethepuckout,0.09946234467109699
40889,Heart Of Darkness,0.003089420832601975
40889,Gerrit's Gem,0.05973596140431561
40889,Una Matata,0.013563477782446072
40889,Storm Averted,0.04073521959601369
40889,Secret Magician,0.027471703769086742
40890,Kodilicious,0.219749939582703
40890,Serengeti,0.004562235244068559
40890,Viking Invasion,0.11953422179206111
40890,East Hampton,0.13154292232737044
40890,Tangapour,0.12243824574157353
40890,Monotone,0.008062699758204788
40890,Manhattan Chute,0.1640508444371413
40890,Wizard Of Odds,0.06891760583196052
40890,Gloriously Glam,0.13890077090341854
40890,Sir Jeremy,0.022240514381498246
41040,Glory Fighter,0.13991010311595636
41040,Birkenhead,0.10292456713802652
41040,Hurt You Never,0.08431257795454673
41040,Crocodile Power,0.00430918749083311
41040,Let's Go Hugo,0.028120610600688264
41040,Fortunate Star,0.03970467318066059
41040,Refuge,0.0039747259536617495
41040,Kyber Crystal,0.2704098885007559
41040,Langholm,0.09926130453093865
41040,Jamie's Choice,0.009706126414089234
41040,Dash Gordon,0.10501448293005268
41040,Ifonlytheycudtalk,0.06637840947628408
41040,Golden Prosperity,0.045973342713506116
41041,Jm Jhingree,0.25885387325295317
41041,Rock N Roll Rocket,0.08800549633965989
41041,Commander Atkinson,0.08072633162060253
41041,I'm Next,0.10766776669490007
41041,Military Girl,0.18280631359962998
41041,Tees Aggregates,0.08699757382900111
41041,Lucius Aurelius,0.04132088806180101
41041,Indy's Angel,0.15362175660145228
41042,Animate,0.07976649379903591
41042,Speeding Bullet,0.1437748812682503
41042,Capital Guarantee,0.39501764637184694
41042,Outrun The Storm,0.0948218818578488
41042,Another Baar,0.06061403161314263
41042,Jenni,0.0057486375741411175
41042,Leap Day,0.11949361306675621
41042,Misemerald,0.005665279150313576
41042,Petra Celera,0.09509753529866452
41043,Dance For Chester,0.24885290605746474
41043,Khutulun,0.021327961580416742
41043,Weegeebear,0.1237720877167135
41043,Handmedownmybible,0.019003377025394848
41043,Kilgharrahs Love,0.0029104187124677928
41043,Therussiancomposer,0.23498141005302478
41043,James The Second,0.015199862931216064
41043,The Black Stuff,0.011857955530791987
41043,Historical Fact,0.25129359991130723
41043,Rushes To Riches,0.07080042048120229
41044,Magnetic North,0.24454936997778715
41044,An Bradan Feasa,0.04290808202555872
41044,Stellarmasterpiece,0.4048011218883145
41044,Lawmans Blis,0.10619307538044623
41044,Somebodycomegether,0.0016454298951606209
41044,Dubai Venture,0.10885253965113224
41044,Sassy Glory,0.07308892492869731
41044,Rajawail,0.017961456252903144
41045,Joycean Way,0.08919949063963475
41045,Crafter,0.11969794732727584
41045,Palazzo Persico,0.12633644430844845
41045,Cathedral Peak,0.12086419301363957
41045,Beauld As Brass,0.1575076951080473
41045,Roi De Baviere,0.03453523006058616
41045,Visibility,0.13094954275231555
41045,Yarborough,0.11078165601671529
41045,Dubai Immo,0.0012992664389628388
41045,Chico Dulce,0.107095622664464
41045,Star Of Sussex,0.0017329116699100905
41046,Si Senior,0.015353696163849715
41046,Still She Blooms,0.045068674537329
41046,The Fog Horn,0.023502502699009387
41046,Half Nutz,0.025669372883280354
41046,Asisaid,0.03937661580892333
41046,Hastily,0.09956207053293897
41046,Akeela,0.02396674977621376
41046,Happy Henry,0.04697860850251973
41046,Lisabetta,0.03633383636721032
41046,Finito Bonito,0.03545767079887002
41046,Navorrosse,0.16560095748172446
41046,Dinamine,0.018022596641152435
41046,Serengeti Sunrise,0.008671585453627279
41046,Deuteronomy,0.30108346476729236
41046,Shimmerz,0.11535159758605881
41047,Soul Seeker,0.15941460032539723
41047,Daytona Lady,0.07126357917849782
41047,Mojomaker,0.14424999280802348
41047,Running Cool,0.08181142993266877
41047,Sacred Falls,0.20055988659794163
41047,Protest Rally,0.04220586757712696
41047,Twelfth Knight,0.15831223745953577
41047,Quercus,0.05715353845557492
41047,Dream Deal,0.08502886766523349
41048,Indigo Five,0.2593641363275095
41048,Independent Expert,0.10699942268165612
41048,Shavasi,0.23604246858117597
41048,Bellaphina,0.07756260661758616
41048,Fast Tara,0.006749611952391395
41048,Mataariki,0.18802971275452907
41048,Sara Valentina,0.032484860525386135
41048,Marakesh,0.06121893674129473
41048,Heart Of Darkness,0.0315482438184709
41049,Naasma,0.07851127325546116
41049,Kinetic,0.23591232535980425
41049,Cerulean Summer,0.2618411741408629
41049,Golden Dove,0.09058819914032826
41049,Raqisa,0.03781211197321319
41049,Innisfree Pearl,0.14375112487105832
41049,Certain Style,0.15158379125927188
41050,Annie's Angel,0.0813419039361129
41050,The Marty Party,0.07013292208225715
41050,Desmond Castle,0.09273892403273358
41050,Guilty Pleasure,0.005569783953930335
41050,Wish This,0.028246886658646775
41050,School Of Athens,0.005107506170810485
41050,Scott Key,0.08313928929290201
41050,Eagles Dream,0.04791058356956973
41050,Stiorra,0.03611759072358837
41050,Refreshment,0.11559677094292584
41050,Tam Lin,0.13144866532312952
41050,Ribee,0.0077987747151021325
41050,Vega's Muse,0.0553745402901773
41050,Ohmali,0.050960261645721094
41050,Merchants Arch,0.05388031066687304
41050,Breath Of You,0.13463528599551974
41051,Spring,0.3602537493587134
41051,Startling,0.15743860958865719
41051,She Went Whoosh,0.04345862244079352
41051,Jagetme,0.10642210454936157
41051,Watkins,0.06727292483252455
41051,Kameko Spirit,0.1689357541310965
41051,Sunny Time,0.09621823509885323
41052,Your Honor,0.00247106524588025
41052,Elle Dorado Rock,0.1650392373980188
41052,Enquire Within,0.06916482618374913
41052,Spring Evening,0.0022143918459114295
41052,Dumb Love,0.3420863279997967
41052,Esticky End,0.1978081897976916
41052,Pegasus Of Harry,0.1652998318292867
41052,Sea The Sunset,0.011689609219115733
41052,Bynx,0.030034713947023863
41052,Brilliant Question,0.014191806533525851
41053,Master Dandy,0.0876159757772792
41053,Daisy Roots,0.19809392155769645
41053,Newfangled,0.23923661890855447
41053,Thoughtful Gift,0.03802306010684528
41053,Union Island,0.14509735358475465
41053,Raqraaq,0.12311445662073306
41053,Eloso,0.06362917312283267
41053,Monks Mead,0.08638528796923794
41053,Tatmeen,0.018804152352066224
41054,Just Ten High,0.1870129361579807
41054,Prince Of Bel Lir,0.10409319998451556
41054,Big Bard,0.13838256184509673
41054,Knockout Blow,0.0018533992583840905
41054,Harry Brown,0.06895613181980957
41054,Okami,0.005977721468509622
41054,Phoenix Moon,0.35165900297079977
41054,Unavailable,0.1243056851675621
41054,Poet,0.017759361327341947
42454,Lord Danielson,0.16963723083682405
42454,Art Fantastique,0.25128815825035394
42454,Bear To Dream,0.0467332907705015
42454,Time Patrol,0.20208056068677685
42454,Lilkian,0.10388097850742353
42454,Savalas,0.005533731241465057
42454,Miss Moonshine,0.17705585631377105
42454,Apple A Dey,0.016266421891021187
42454,Company Minx,0.027523771501862773
42455,Flicka's Girl,0.05916043957069006
42455,Toolatetonegotiate,0.045488646055051665
42455,Inconspicuous,0.06680656284897377
42455,Dubai Magic,0.1644009753155256
42455,Bank On Kent,0.18721975351481052
42455,Best Of All,0.1145517261772031
42455,Frankies Dream,0.3623718965177454
42456,Charlie's Choice,0.22215773314419088
42456,Caustic,0.012039518756679017
42456,Patch's Bond,0.04080487421130802
42456,Brodie's Boy,0.009413132905497366
42456,Early Morning Dew,0.07849724958380995
42456,Tortured Soul,0.19677214327527906
42456,Star Time,0.273421388964953
42456,Kinetic,0.13315885125797755
42456,Sabyinyo,0.03373510790030526
42457,Sol Cayo,0.4661669322893006
42457,Pleasant Man,0.0020131176042812887
42457,Schmilsson,0.09658570387641649
42457,Junkanoo,0.05004775488469166
42457,Miss Paloma,0.07850575977613458
42457,Fast Fred,0.16980804648198164
42457,Liberated Lad,0.04499235124335138
42457,Annandale,0.09188033384384219
42458,Star Pupil,0.3266670939196253
42458,Jump The Gun,0.0881442917800251
42458,Profitman,0.12924748652139761
42458,Rich Rhythm,0.11192369777614432
42458,Turbo Command,0.12361089180556831
42458,Embarked,0.012241095943606457
42458,Timebar,0.15389581828388438
42458,Beautiful Dawn,0.05426962396974851
42459,Many A Star,0.14026863346663948
42459,Lucky Man,0.05059345253213
42459,Lir Speciale,0.10418335980385134
42459,Ormolulu,0.09696546995117725
42459,Bulldog Drummond,0.002217214775900329
42459,Mahato,0.11202496801890184
42459,Admiral D,0.05138378341218826
42459,Filly One,0.13767446729461258
42459,Minnesota Lad,0.0987905747304498
42459,Counsel,0.043753568395647195
42459,Harry Did,0.10729250797387777
42459,Mojomaker,0.05485199964462424
42460,Big Bard,0.06716834138338938
42460,Shamardia,0.29790598028184023
42460,Cooperation,0.07147857383412641
42460,King's Crown,0.1648375024829731
42460,Bomb Squad,0.13393704488245384
42460,Lion's Dream,0.051860855016896315
42460,Hello Zabeel,0.021268944142835707
42460,Liv Lucky,0.1444317817699017
42460,Gypsy Nation,0.04711097620558332
42461,Lihou,0.06313614583860665
42461,Jeans Maite,0.1633578592026257
42461,Miggy Magic,0.30252099998622356
42461,Castan,0.2055026536344941
42461,Nelson Gay,0.1267081531449021
42461,Ana Emaraaty,0.138774188193148
42462,Swinging London,0.10992357686006567
42462,Nala The Lioness,0.06153811312239667
42462,Currumbin,0.35449756821537054
42462,Carlton,0.20652318312159718
42462,Lawmans Blis,0.06601954929875303
42462,Hill Station,0.09041437878155863
42462,Alfheim,0.11108363060025825
42559,Show Biz Kid,0.057792074025053666
42559,Annexation,0.0647191576712733
42559,Destinado,0.11345010301680819
42559,Urban Road,0.1206081421736086
42559,Repertoire,0.231597297807367
42559,Ellexis,0.11343972002256614
42559,Visibility,0.09421840023682303
42559,Northern Cracksman,0.051981033873750235
42559,Blue Yonder,0.15219407117274988
42560,Ecclesiastical,0.05863820588470925
42560,Aces Wild,0.1081777601737006
42560,Miggy Magic,0.21095639390075588
42560,Rosenpur,0.18947646811131766
42560,Level Up,0.09974672086992387
42560,Dark Side Prince,0.029914850883894346
42560,Maharajas Express,0.08517004624313995
42560,Nelson Gay,0.050024410170644004
42560,Wedgewood,0.046213971546018605
42560,Gustav Graves,0.12168117221589579
42561,She Went Whoosh,0.06202206881817326
42561,Auntie Jo,0.006578028886236911
42561,Dubai Magic,0.18116948643964298
42561,Addendum,0.03028483494060501
42561,Sarafina Mshairi,0.531690289364614
42561,Elland Road Girl,0.019884028926019058
42561,Woodhay Whisper,0.04694522920605023
42561,Pastoral Way,0.12142603341865847
42562,Sonic Pioneer,0.25823013167739806
42562,Herkeios,0.061670931155615234
42562,Stay Around,0.05785926400593556
42562,Boundless Poet,0.027261151008902033
42562,Latona,0.030487272736562078
42562,Majestic Heights,0.08829657793485388
42562,Backer Bilk,0.10672917155282405
42562,Zadkiel,0.1112177101953992
42562,Manton Road,0.1743162626767257
42562,Unfortunate Heir,0.061690034548463356
42562,Master Milan,0.02224149250732069
42563,Ray Gun,0.28941537474897533
42563,Return With Gold,0.08298167528045586
42563,Gemmari,0.10791435461340051
42563,Flaine,0.12805407484558484
42563,Sydney Whistler,0.18209249432684663
42563,The Kamikaze King,0.20954202618473683
42635,Alcazan,0.06812357955389411
42635,Baileys Jubilation,0.10288987427035323
42635,So Sassy,0.31523890624504636
42635,Spiritualism,0.10516004044976204
42635,Toughly,0.14783687491765266
42635,Handle With Care,0.19930858996002562
42635,Beautiful Things,0.04511000201961106
42635,Commendation,0.01633213258365494
42636,Etretat,0.07463549257186655
42636,Prince Rasam,0.07365861019815374
42636,Obsidian Knight,0.16314228190135613
42636,Foreseen,0.05145591916490895
42636,Ellexis,0.09542346833990752
42636,Risen Again,0.0902501552971217
42636,Imperial Cult,0.02639432753299378
42636,Crafter,0.16787380569874022
42636,Newfangled,0.12813805632894099
42636,Coolree,0.06622015011980731
42636,Molly Valentine,0.06280773284620311
42637,Saturnalia,0.03625750626280819
42637,Lincoln Legacy,0.031820193447771095
42637,Love Your Work,0.10542750190157871
42637,Mister Mojito,0.19249665864009743
42637,South Kensington,0.023629181565510755
42637,Francesi,0.004569353972571773
42637,Masterofgreygoose,0.1303194754352456
42637,Fat Gladiator,0.13184888783453194
42637,Rabinal,0.1139486731089625
42637,River Alwen,0.15070833192742217
42637,Taskheer,0.0789742359034997
42638,Royal Jet,0.10203782425982247
42638,Mount Mogan,0.00719213590186057
42638,Ya Rayah,0.09834733321291232
42638,Kessaar Power,0.07773259198042375
42638,Ashford Hill,0.028403587286341105
42638,Lord Danielson,0.17148486313417818
42638,Blue Collar Lad,0.054101171557612494
42638,Seas Of Elzaam,0.18606275932848496
42638,Alyara,0.10817557242996463
42638,Repartee,0.16646216090839966
42639,Neptune Legend,0.1309932406609847
42639,Ravensbourne,0.38951054852026235
42639,Porfin,0.04492505860547519
42639,Bear To Dream,0.06429331557097444
42639,Mashaan,0.13652434879050257
42639,Outreach,0.11551928823347785
42639,Comedian Leader,0.06343954942825583
42639,Edergole's Gift,0.05142734184034371
42639,Regal Glory,0.0033673083497234198
42640,Wannabe Brave,0.31194438738252533
42640,Green Team,0.1528978932068264
42640,Show No Fear,0.14211511099324434
42640,Sea Appeal,0.12911298977206762
42640,Incan Empire,0.26243360147756406
42640,Fashionelle,0.001496017167772192
42641,Tuscan Star,0.017559480676891313
42641,Kate O'Riley,0.27830255988058045
42641,Magna Gee Gee,0.2636266013894703
42641,Ray Gun,0.44051135805305797
42642,Shelbourne,0.04252664187303173
42642,Straight A,0.07404870278129902
42642,Bobby Joe Leg,0.12293802997205767
42642,Thapa Vc,0.13193033813135455
42642,Chifa,0.03801528755074631
42642,G'Daay,0.10733711455706998
42642,City Cyclone,0.11149705010005154
42642,Ash Wednesday,0.1759664595410534
42642,Rebelsontherun,0.02223094330661113
42642,Zu Run,0.1525982618486744
42642,Harbour Vision,0.020911170338050282
42643,Many A Star,0.1334376416785111
42643,Gunfighter,0.021180902714916586
42643,Blind Beggar,0.06698502360707351
42643,Twilight Romance,0.1139288879045702
42643,Ziggy's Condor,0.12943038486021644
42643,Supreme King,0.17166981405147838
42643,American Bay,0.06116365241597145
42643,Jungle Land,0.152919913420183
42643,Rebel Path,0.14928377934707943
42644,Gis A Sub,0.01917969560074143
42644,Southbank,0.15708224951757666
42644,Shamardia,0.24835654627538808
42644,Radiant Angel,0.03618308299355249
42644,Papa Don't Preach,0.08757671455286671
42644,Carmarthen,0.02482156746643478
42644,Raft Up,0.201203703923521
42644,Heartrate,0.1691110961781342
42644,Red Walls,0.0564853434917847
42645,Mr Baloo,0.1941248568184083
42645,Way To Dubai,0.02252878082053684
42645,High Point,0.06353603895838693
42645,Paradoxical,0.34117824889186377
42645,Hitched,0.14939748106102158
42645,How's The Guvnor,0.08778038928551025
42645,Caelan,0.022397529251998907
42645,Eden Storm,0.11905667491227326
42807,Burning Cash,0.06416313137596351
42807,Thankuappreciate,0.03368747679461785
42807,Brummell,0.07523794289411229
42807,High Opinion,0.00978066141405267
42807,South Parade,0.21477034849040585
42807,Digital,0.07196619362579527
42807,Minnesota Lad,0.10980464966214043
42807,Copper Knight,0.08112320301254124
42807,Thunder Star,0.05137146091803363
42807,Fierce,0.08765971703859261
42807,Ticktyboo,0.011570566071426208
42807,Project Dante,0.15779180026409992
42807,Zuffolo,0.03107284843821854
42808,Territorial Knight,0.2952222114094509
42808,Hot Property,0.12812839268524198
42808,Hyperchromatic,0.17466751833565292
42808,Bowen Island,0.2871768084623061
42808,Fool Again,0.114805069107348
42809,I Can't Believe,0.09362985933208492
42809,Zous Juice,0.05422251152948368
42809,Thats My Boy Luke,0.04172152455990926
42809,Al Suil Eile,0.19590172392922411
42809,Wait And Hope,0.0531964561690723
42809,Panama City,0.07341098393066348
42809,Mr Jetman,0.25766254077368334
42809,Two B Tanned,0.1388973817850366
42809,Hey Crackers,0.00475762354749072
42809,Mr Heinz,0.08659939444335163
42810,Toronto Raptor,0.04414451296722311
42810,Ballsbridge,0.13822943768745352
42810,Bizarre Law,0.11837823655260088
42810,Hostelry,0.13952507560652855
42810,Alfie Boy,0.07662027265527327
42810,Greenlightforgo,0.06441712360030907
42810,Light Up Our Stars,0.16329400311018405
42810,Balqaa,0.07612579977400252
42810,Calcutta Dream,0.09688296974611274
42810,Likeashadow,0.02821324188048457
42810,Haaf A Diamond,0.05416932641982784
42811,Mister Daydream,0.15311363058020414
42811,Kaaress,0.1079861185483355
42811,Right Now,0.1329850828767694
42811,Freddy Robinson,0.22245500792130593
42811,Bay Dream Believer,0.21620618232839317
42811,Sisterandbrother,0.1672539777449918
42812,Tomarlo,0.5738388648143152
42812,Widely Acclaimed,0.1893698113101832
42812,Sarahmae,0.03389976263686809
42812,Raising The Flag,0.04836353219566923
42812,Steel Magnolia,0.0387104012974843
42812,Harlem Playgirl,0.11581762774547992
42813,French Haven,0.11347842127961161
42813,Blue Tempus,0.17727861684256788
42813,Arie Gordye,0.1036473662995841
42813,Salaria,0.13292504644510236
42813,Staffordshire,0.21559414243387806
42813,Kimeko Glory,0.08236089875470484
42813,Darla's Secret,0.058500340664596716
42813,Grizzieblanca,0.09344558292298932
42813,Wayward Daughter,0.022769584356965144
42814,Dancing Bay,0.0526880099119623
42814,Esque Elegance,0.003552593451187919
42814,Whats New,0.119499684491369
42814,Onemoredance,0.17025820571074615
42814,Cala Bonita,0.042852242751474895
42814,Highway Sixty One,0.001265209976262851
42814,Movin And Groovin,0.10947432355087364
42814,Letters Of Love,0.169435760625594
42814,Roaming Eyes,0.20240630411547508
42814,Coulstys Way,0.003593653993886628
42814,Vovatia,0.1197967450882487
42814,The Black Stuff,0.005177266332918815
42815,Future Cutlet,0.01849747306595507
42815,Rogue Soldier,0.032468550607159766
42815,Flag Of St George,0.23339213718517865
42815,G'Daay,0.1187387387964835
42815,Secret Strength,0.11859507507528226
42815,Vinatera,0.08440101436814439
42815,Chifa,0.029835574540285275
42815,Rich Rhythm,0.17172294676919897
42815,Nammos,0.19234848959231216
42816,O'Reilly,0.08320124214697255
42816,Solomon,0.01059427349979658
42816,Mo Ghille Mar,0.06333448932349309
42816,Ceallach,0.09131163463158092
42816,Cheeky Wink,0.11553458821305451
42816,Cloud Seeker,0.14649882691922889
42816,Acotango,0.13807922188285893
42816,Catena Zapata,0.026175917221035183
42816,The Names Jock,0.012477220107933805
42816,Rock Of Ireland,0.06417116680628708
42816,The Banger Doyle,0.0014926103623085587
42816,Robbies Rock,0.1357155890471941
42816,Sir Callisto,0.1032261140376492
42816,Ard Na Mara,0.0022378882617039102
42816,Calzaghi,0.005949217538902606
42817,South Kensington,0.02670586570129986
42817,Overlooked,0.11344467186877737
42817,Mashaan,0.05904092824203674
42817,Mitigator,0.03272598594382714
42817,Shot Of Love,0.029962207806704836
42817,Thomas Equinas,0.11344837179368919
42817,Stacey Racey,0.2518777818748538
42817,Fat Gladiator,0.06170291257463457
42817,Scarlet Lady,0.13612494628225702
42817,Dashing Donkey,0.13452399279015062
42817,Kessaar Power,0.040442335121768785
42818,Elvington,0.03568643607055638
42818,Merry Minister,0.016919667711196622
42818,Smokey Malone,0.1296538845615605
42818,National Health,0.0674673502290696
42818,Forglen,0.32708391071357296
42818,Unification,0.018747667536496045
42818,Yakhabar,0.19746228478436392
42818,Trackman,0.20697879839318384
42819,Castellina,0.12538648581782333
42819,Woodhay Whisper,0.12526004608997238
42819,Duffus Castle,0.18539304206178367
42819,Hala Joza,0.03988484821162022
42819,Sarabi,0.16858972127290095
42819,Top Biller,0.07755327516971146
42819,Metamora,0.06996678984139083
42819,She's A Dark Horse,0.17244148263216894
42819,My Boy Harry,0.035524308902628164
42820,Ninth Life,0.11917156934230394
42820,Crystal Mariner,0.10530755675197259
42820,Saturn Five,0.10020334389616264
42820,Dr Waksman,0.015451232861609097
42820,Fox Avatar,0.11292179308322785
42820,Cavalry Call,0.28794776580963655
42820,Caelan,0.03356111994904165
42820,Always A Star,0.22543561830604578
44243,The Bobster,0.18474966379917987
44243,Zousca,0.003364566524545442
44243,Fifty Sent,0.1434292517442349
44243,Eva Rosie,0.21222349712519933
44243,Stand Free,0.16534327334972249
44243,Visitant,0.10969742205374935
44243,Our Noble Lord,0.051079635050157
44243,Wath Court,0.01586884246794621
44243,The Muffin Man,0.11424384788526533
44244,Pysanka,0.10360322985398213
44244,Sisterandbrother,0.12400658905283737
44244,Incan Empire,0.0802038337674941
44244,Cerulean Summer,0.16864091841166173
44244,Prince Ali,0.12861497339376757
44244,Mr Nugget,0.15124752436373579
44244,Harry The Haggler,0.19643408371915663
44244,Send In The Clouds,0.04724884743736466
44245,Emperor's Son,0.12045382028663212
44245,Monks Dream,0.04466824682641218
44245,Paddy's Day,0.10188741661358085
44245,El Bufalo,0.2030354180530777
44245,Our Absent Friends,0.05581111854718101
44245,Above,0.1287952561861401
44245,Winter Crown,0.035950773352592114
44245,Princess Karine,0.07533994503106776
44245,Water Of Leith,0.11219685580984318
44245,Brian The Snail,0.1218611492934729
44246,Tasmanian Legend,0.21247483833538938
44246,Union Island,0.2949444154021232
44246,Bella Veneta,0.17669494834278326
44246,Douglas Dc,0.09560849470445941
44246,Meet Me In Meraki,0.17298349563187845
44246,Juan Solo,0.0012999524638267832
44246,Mostly Mozart,0.04599385511953947
44247,Brewing,0.27505505051584406
44247,Society Man,0.15517514201160595
44247,Tropez Power,0.06333830332661149
44247,Empirestateofmind,0.12607950845407376
44247,Zip,0.12352491123247064
44247,Daring Legend,0.08104967405283882
44247,Enola Grey,0.1757774104065553
44248,Equilateral,0.1058882493402048
44248,Kylian,0.4407096753983638
44248,Bedford Flyer,0.09818255623719625
44248,Michaela's Boy,0.2433757981127366
44248,Brooklyn Nine Nine,0.11184372091149856
44249,Ravensbourne,0.32339035912549735
44249,Impeach,0.06937218072712896
44249,Concert Boy,0.0868440913982564
44249,Just Typical,0.41099315160883787
44249,Northern Cracksman,0.0022213808603767844
44249,Masham Moor,0.10717883627990273
44250,Giant,0.130894029002331
44250,Billy Mill,0.06326154063941544
44250,Aljari,0.035037386322016605
44250,Riot,0.07401336581186589
44250,Follow Your Heart,0.05799577654447243
44250,Lessay,0.15323213018861254
44250,Thapa Vc,0.2035868625527196
44250,Revolutionise,0.03886850613726799
44250,He's A Gentleman,0.06781885974210225
44250,Starshiba,0.1752915430591963
44251,Parisiac,0.06889713797601603
44251,Mesaafi,0.12968751434566642
44251,Northcliff,0.10953139937137582
44251,Havana Sky,0.05988920893094055
44251,Dicko The Legend,0.12859410541845037
44251,Emily Post,0.08135293055170705
44251,Moyola,0.07230836693088265
44251,Tomorrow Day,0.2506632069243956
44251,Bazball,0.009594804450784145
44251,Rory,0.08948132509978149
44252,Repertoire,0.20397216004419197
44252,Harlem Nights,0.0815930539087119
44252,Saturnalia,0.06589012406894587
44252,Calanthe,0.2377639432854035
44252,Straight A,0.04241489167082449
44252,Visibility,0.08873541871452016
44252,Outrace,0.1375857490020701
44252,Distinction,0.142044659305332
44253,Kracking,0.1971945589176798
44253,African Spirit,0.030969138066330747
44253,Onslow Gardens,0.10421093279818117
44253,Timetobenice,0.11665718630108272
44253,Ciotog,0.1244402696602446
44253,Jersey Rocs,0.34098879530870035
44253,Sense Of Worth,0.034212471583953935
44253,Life On The Rocks,0.051326647363826666
44321,Al Baahy,0.1099393401412356
44321,Whiteley Way,0.06240954565929008
44321,My Brother Mike,0.2645107798782547
44321,Khangai,0.2588643283487261
44321,Simply Red,0.0040760076024885655
44321,Port Noir,0.1271732604535537
44321,Star Of Jupiter,0.08288106507141144
44321,Mykonos St John,0.0648178305139887
44321,Tancredi,0.025327842331051023
44322,Harlington,0.19628172098760105
44322,Fazen,0.012316464142148613
44322,Pomeriggio,0.028216372626368367
44322,Olympic Quest,0.2211017347517963
44322,Back From Dubai,0.13447160463610947
44322,Opticality,0.001407202126984774
44322,City Escape,0.1272657902242861
44322,Come On John,0.2789391105047052
44323,Arts Of War,0.24308186696540174
44323,Next Trick,0.2542909601667423
44323,Granary Queen,0.15838951464527318
44323,Runaround Sioux,0.21551285361022962
44323,Storm Valley,0.09534959636979669
44323,Lockdown Lass,0.014824524085095768
44323,Beautiful Dawn,0.018550684157460553
44324,Thismydream,0.053812014340049834
44324,Shamardia,0.22263745748253078
44324,Sisters In The Sky,0.043137616611703525
44324,Papa Don't Preach,0.05525315319028418
44324,Eldeyaar,0.06051374727507314
44324,Autumn Angel,0.18410785797713425
44324,Under Curfew,0.09821595400718863
44324,Radiant Angel,0.03800937247634547
44324,Porfin,0.03876304037097539
44324,Timebar,0.13592562177114306
44324,Red Walls,0.06962416449757178
44325,Just Typical,0.18400738210763215
44325,Plumette,0.055595788181975844
44325,Light Up Our Stars,0.03243584921142764
44325,Charlatan,0.1830706299453856
44325,Carey Street,0.06367715420498792
44325,Pessoa,0.14254822482046334
44325,Inexplicable,0.03592061528688294
44325,Alyara,0.1155187017327832
44325,Aspire To Glory,0.12092725973998804
44325,Mr Slicker,0.06629839476847343
44326,Chase The Dollar,0.040011652167485576
44326,Emaculate Soldier,0.1154444627784421
44326,Early Morning Dew,0.0721253086259093
44326,Miss Paloma,0.02850044825193879
44326,Aiming High,0.1524239719222537
44326,Star Time,0.16677903472702346
44326,Sense Of Worth,0.035320817703181275
44326,Upepo,0.1900480923590057
44326,Init Together,0.19934621146476
44416,Sandret,0.2872572503084041
44416,Rubellite,0.13914712286649605
44416,Neddies Boy,0.02548732151955484
44416,Ana Emaraaty,0.34815482660175395
44416,Made All,0.1547501352148802
44416,Hijo De La Luna,0.003490485803005406
44416,Victoria Legend,0.04171285768590533
44417,We Still Believe,0.022207255036600673
44417,Skilled Warrior,0.18980742853214375
44417,Life On The Rocks,0.13623516346216924
44417,Calcutta Dream,0.08538310147489761
44417,Violeta,0.3583086531186003
44417,Eva Rosie,0.11338205836022339
44417,Rampant,0.09307456115171615
44417,Mr Coco Bean,0.0016017788636488255
44418,Market House,0.2554466030473565
44418,Val Bassett,0.10472962991290469
44418,Alex The Great,0.3636575964583982
44418,Zephlyn,0.05574846313687739
44418,Quercus Robur,0.009817567016951223
44418,Star Of Markinch,0.07952342704038558
44418,Typewritten,0.06192221095875705
44418,On The Bubble,0.06915450242836951
44419,Wyvern,0.3069685554783197
44419,Just Typical,0.16157572345905885
44419,Drakeholes,0.1594612158806496
44419,Concert Boy,0.05637146638076754
44419,Odd Socks Havana,0.0687247799915677
44419,Impeach,0.049216434711699154
44419,Coramento,0.18083432657238788
44419,Barney's Bay,0.016847497525549714
44420,Sun Keeper,0.2411626404949585
44420,Atherstone Beau,0.11303859949508313
44420,Love Rock,0.17782076345362413
44420,Pastoral Way,0.1437077161022648
44420,What What What,0.19829711132460726
44420,Bothy Park,0.08413773102770977
44420,Miss Campanella,0.04183543810175238
44421,Pop Dancer,0.11202891958954259
44421,Sixcor,0.08125678019106027
44421,Dash Gordon,0.05691930077945283
44421,Midnightattheoasis,0.07839243989213657
44421,Sir Benedict,0.1604277091383602
44421,Henery Hawk,0.10403683597262367
44421,Phoenix Star,0.10239754790030038
44421,Kipp Kelly,0.13923567947119744
44421,Rockley Point,0.012334211795604724
44421,Stallone,0.04992812059223968
44421,Mews House,0.1030424546774815
44422,Saisons D'Or,0.15439297222747594
44422,Cloch Nua,0.358727660729284
44422,Starlight Stanley,0.05300795271400358
44422,Bomb Squad,0.11432067967111442
44422,Rooska,0.1030801196541366
44422,Aspire To Glory,0.21647061500398554
44606,Zayer,0.12976269439672752
44606,Lightning Bear,0.07473558980742186
44606,End Of Story,0.02947768378391684
44606,Brosay,0.06419113033051413
44606,Redorange,0.1663150799750473
44606,Queen All Star,0.18821831266137248
44606,Ardennes,0.06463653467039619
44606,Captain Kinsella,0.06746324017178751
44606,Star Chorus,0.21519973420281616
44607,Dividend,0.18674172400284428
44607,Seraph Gabriel,0.16521334157384973
44607,The Lost King,0.12713100929261725
44607,Thunder Wonder,0.046577167166429886
44607,San Juanito,0.0899909819554777
44607,Fifth Column,0.1155199861264767
44607,Tilted Kilt,0.17214269355266157
44607,Penfolds Grange,0.09668309632964288
44608,City Landscape,0.01676565542871949
44608,Zarathos,0.1872642145503911
44608,Master Of Zest,0.0015133800921273554
44608,Captain Harry,0.06678344966250038
44608,Antiquity,0.07440189020265528
44608,Private Island,0.2676419626868527
44608,Maywedance,0.010934301565121807
44608,Seed Investor,0.16620548152540468
44608,Harswell Ruby,0.09620780566740894
44608,Space Raider,0.11228185861881824
44609,Marmoga,0.23072067987421144
44609,Clipsham La Habana,0.08454393857679256
44609,Gamblers Kitty,0.004395529758056961
44609,Danzart,0.03405818826396703
44609,Travis,0.027427961075151382
44609,Carlton And Co,0.17139071425835523
44609,Ratafia,0.07086491121400434
44609,Spanish Mane,0.0912329777460436
44609,Diligent Henry,0.1742843895015494
44609,Tough At The Top,0.032298388706884014
44609,Create,0.07878232102498417
44610,Migdam,0.004727750352444332
44610,Vierson,0.12328310732393848
44610,Everylittlestep,0.0031833583224705783
44610,Summer Snow,0.045863840447324174
44610,Thrifty Of Digby,0.34683057499316133
44610,Secret Magician,0.03371532281695936
44610,Alto Sax,0.04375331014604432
44610,Martinelli,0.2258368443534978
44610,Church Mountain,0.02747251524423958
44610,Starting Monday,0.012539307491171912
44610,Carvalhal,0.1305144712678337
44610,Felicity Smoak,0.002279597240914616
44611,Jersey Rocs,0.07304979265903595
44611,Prefer The Sister,0.12963475733336152
44611,King Of York,0.0881509583927439
44611,Perianth,0.0638811923480524
44611,Berkshire Phantom,0.15113527026245294
44611,Beltane,0.2307439774027778
44611,Cloch Nua,0.03855917001527421
44611,My Honey B,0.06665023924891439
44611,Amayretto,0.10679278997918311
44611,Bobby Joe Leg,0.04074241862750625
44611,Brazen Rascal,0.010659433730697639
44612,Chavajod,0.06670576738870845
44612,James Henry,0.17098471540897214
44612,Loingseoir,0.043783844709900877
44612,Escape Act,0.018382389401025538
44612,Free Solo,0.0012067461335665442
44612,Nahori,0.44471026306602446
44612,Nezeeh,0.0018654963143358845
44612,Relevant Range,0.005690925155485204
44612,Takeachancejimmy,0.025768306844314096
44612,Venetian,0.0016694296386455876
44612,Is That Love,0.19763313221958861
44612,Faoladh,0.021598983719432596
44613,Titanium,0.0030050756949048696
44613,Evening Blossom,0.08914918239645879
44613,Masoun,0.09672558072234311
44613,Mr Rango,0.033869195271606714
44613,Usuario Amigo,0.021770903998041925
44613,Lord Church,0.09440221257741124
44613,Merisi Diamond,0.15299504048740686
44613,Bill Silvers,0.10683556959689046
44613,Fort Vega,0.23176113966408654
44613,Action Plan,0.045413409780867546
44613,Mercurial,0.0017903154203646326
44613,Oriole,0.033658343110085816
44613,Artful Approach,0.034721029603851844
44613,Bucaneer's Spirit,0.012956055412804656
44613,Quatre Bras,0.009332961006514146
44613,On A Session,0.03161398525636083
44614,Sing Us A Song,0.08609242688778727
44614,Perfect Life,0.03447091721297939
44614,Hot Cash,0.08751438965042095
44614,Circus Of Rome,0.035340185789931304
44614,Urban Glimpse,0.09743255752948915
44614,Gunship,0.21409478735217102
44614,Many Men,0.14353287013145966
44614,Patrol,0.1139534671099396
44614,Moon Sniper,0.03699135332729567
44614,Mighty Boy,0.04600212488137387
44614,Eupator,0.04732713118711127
44614,Stormy Monday,0.05724778894004103
44615,Singoura,0.17633203787645746
44615,Honved,0.3490202679954182
44615,Frankies Dream,0.23458687892442467
44615,Florida Dawn,0.027736133277125166
44615,Mecca's Symphony,0.21232468192657436
44616,Pont Neuf,0.14265340322563866
44616,Invincible Crown,0.037122214512503436
44616,Fiorella Princess,0.037348982120562986
44616,Dothan,0.3261269697708813
44616,Blue Lakota,0.06327578001720838
44616,Acrisius,0.08872472971862029
44616,Alondra,0.109148341534573
44616,Brazilian Belle,0.19559957910001194
44617,Metamorpheus,0.030652906859612666
44617,Out For A Stroll,0.2905550465990875
44617,Nibras Rainbow,0.16580915238652194
44617,Master Garvey,0.06615540443763014
44617,Dynamite Defense,0.04882534230913853
44617,Magic Charm,0.007936172624693184
44617,Mr Mills,0.022857003025399395
44617,Cu Chulainn,0.08266191968066844
44617,Game Phoenix,0.0022777385491470474
44617,Slieve Bearnagh,0.18901605864668017
44617,Tyder,0.0932532548814211
46114,National Voice,0.06225218881717624
46114,Ballsgrove Boy,0.11591119608721048
46114,Miakoda,0.21120140527904066
46114,Take The Boat,0.021957434169081167
46114,Mystical Elegance,0.0016539974570538704
46114,No Release,0.2905174497098031
46114,Magna,0.12081009793537258
46114,Lily's Symphony,0.014298828276618634
46114,Clipsham Noble,0.1613974022686432
46115,Lady Diesel,0.10180610702704979
46115,Helaali,0.06592340535401521
46115,Rumba Bay,0.22056115033658205
46115,Manton Road,0.0801760229296826
46115,Missile Mac,0.1727464169677346
46115,Freak Encounter,0.11676062320597129
46115,Baileys Value,0.017314850714196955
46115,Arctic Mission,0.07716098846891244
46115,Ballarat Bertie,0.1475504349958551
46116,Tiger Crusade,0.047710555444977036
46116,Batal Dubai,0.2681471310888156
46116,Zero Carbon,0.01804176010418357
46116,Lerwick,0.15193028016189547
46116,Hieronymus,0.06549725733394639
46116,Giant,0.14526043218380216
46116,Follow Your Heart,0.12755696080392903
46116,Billy Mill,0.07103503212579503
46116,Ultramarine,0.10482059075265582
46117,Partisan Hero,0.1702306734670178
46117,Mister Mojito,0.1938674111886919
46117,Swatch,0.11417209965618523
46117,Kaaranah,0.09589853106393388
46117,Jersey Rocs,0.119983625072898
46117,That's For Sure,0.20083797429884415
46117,Flying Star,0.06324226911135966
46117,Lovely Jubly,0.04176741614106937
46118,Laser Focus,0.12730689836335163
46118,Timetobenice,0.08095068858736842
46118,Top Of The Class,0.2579817419878695
46118,Masterofgreygoose,0.15922418897531673
46118,Got No Dollars,0.0968102086527362
46118,Al Suil Eile,0.08586942158286069
46118,Treasure Bay,0.19185685185049667
46119,Royal Alliance,0.3228801032426428
46119,Tuscan Star,0.4033894798359374
46119,One Horse Town,0.0013240059392403119
46119,Magna Gee Gee,0.11336149034864501
46119,Spirit Of Jura,0.11429247837346462
46119,Northwest Passage,0.04475244226006981
46120,Orchestra,0.04047080807684357
46120,Vin Rouge,0.0009478300199745244
46120,Currumbin,0.34854154161837264
46120,Further Measure,0.002007469038054054
46120,Alex The Great,0.24250492799102846
46120,The Colorist,0.14176304441032234
46120,Toby Tops,0.11147535251831023
46120,Edna E Mode,0.11228902632709428
46210,McIntosh,0.028315888104014534
46210,Lady Manzor,0.10867118091163967
46210,Noble Guest,0.0009965850002138564
46210,Notimeforchitchat,0.2084560119308732
46210,Final Night,0.050283147589988614
46210,Standput,0.21464202277781586
46210,Packetofbiscuits,0.1527535338660358
46210,Bermuda Princess,0.16762284921508688
46210,Psychodrama,0.06825878060433165
46211,Solar Army,0.09611180486310651
46211,Macedonian,0.12511367786649413
46211,Pietro,0.16560895527042369
46211,Queue Dos,0.04014533938582459
46211,This Farh,0.08287868455681244
46211,Sabrimento,0.19511015528622835
46211,Whizz By,0.1543089033562695
46211,Knights Gold,0.03120603239424808
46211,Dios De La Guerra,0.09913033121867477
46211,Jack Andrea,0.010386115801917834
46212,Willem Twee,0.08553830550718033
46212,Mount Athos,0.13771723193852575
46212,Roi De France,0.19784939951008748
46212,Golden Mind,0.02043213776468502
46212,Popmaster,0.13888083097729736
46212,Nikovo,0.06800891516773803
46212,Heathcliff,0.11818127154838381
46212,Local Hero,0.11572281501839372
46212,King's Lynn,0.11766909256770845
46213,Best Rate,0.12569242355115473
46213,Brindavan,0.09229826501065115
46213,Kameel,0.12124770875442804
46213,Spirit Lead Me,0.1614607570899062
46213,Sweet Fantastic,0.1823790929885864
46213,Invited,0.14180465649804838
46213,Berkshire Smudge,0.17511709610722512
46214,Port Erin,0.04494202410772954
46214,Collusion,0.1797742564817934
46214,First Company,0.115554564128921
46214,Kodi Red,0.09569265088721206
46214,Four Adaay,0.09832396445375245
46214,Arlecchino's Gift,0.10842182754940667
46214,Ten Club,0.04798009335975
46214,Harry Brown,0.11500981509795291
46214,Rusheen Boy,0.06336499570943542
46214,Sonmarg,0.052219865144195174
46214,El Hibri,0.07871594307985143
46215,Golden Flame,0.13273214221672147
46215,Legacy Power,0.3543443329400394
46215,Grey Fox,0.16729400420930765
46215,Naasma,0.05541810638461373
46215,Donald Llewellyn,0.05848385459247422
46215,Doublethetrouble,0.2317275596568435
46398,Twotolose,0.10805459578654376
46398,Catherine Chroi,0.0020117061161248344
46398,Mary Shoelaces,0.17106334714069654
46398,Verified,0.16538517997435104
46398,Tawaazon,0.012617219178083559
46398,Aurora Nova,0.019246549036613964
46398,Inishmot Prince,0.029883358983268535
46398,Velvet Skies,0.07179885155190628
46398,Platino Bianco,0.012357513241318644
46398,Hero Of The Hour,0.03873687847733977
46398,Distillate,0.017549719897987787
46398,La La Lucrative,0.03643603409530246
46398,She's Smart,0.027042596907115465
46398,Green Valentine,0.0032565185780024488
46398,My Girl Sioux,0.027195127528298384
46398,An Laochmor,0.0037310181510135246
46398,Beano Power,0.21313908257861844
46398,Step Back In Time,0.027183899435308297
46398,Shoebox King,0.003266734799115407
46398,Prada's World,0.010044068542990708
46399,Individualism,0.11558418171142669
46399,Into Battle,0.2896241822495779
46399,Pol Roger,0.03615058516381932
46399,Woodstock City,0.004949582987197777
46399,Whathappensinvegas,0.08975451392192986
46399,Yokohama,0.09946318696593388
46399,Salamanca City,0.2977058579777446
46399,Perseus Way,0.061285029814780276
46399,Elemental Eye,0.005482879207589582
46400,Commanche Falls,0.056083540843732675
46400,Strike Red,0.005572205815609676
46400,Sergeant Wilko,0.08436621735217864
46400,Germanic,0.06893591716648263
46400,Fivethousandtoone,0.06270244489071294
46400,Completely Random,0.04641305550481781
46400,Billyjoh,0.10265209703940133
46400,Akkadian Thunder,0.11885278421847376
46400,Trilby,0.23328158915820524
46400,Havana Pusey,0.08144169676962032
46400,Rousing Encore,0.139698451240765
46401,English Oak,0.17028769807772567
46401,Ramazan,0.0899675315711612
46401,Cerulean Bay,0.13224477654304417
46401,Rhoscolyn,0.054335934279205446
46401,Yorkshire,0.1804223931374364
46401,Blue For You,0.09380104088339106
46401,Skukuza,0.07624435171512332
46401,Divine Libra,0.050474585824367264
46401,Gorak,0.04777628062107733
46401,Myal,0.10444540734746825
46402,Myna,0.08124999265165633
46402,Sceptic,0.3228358849389967
46402,Green Power,0.062233418288159294
46402,Little Tiger,0.25952333217809437
46402,Guendolen,0.15821331550477413
46402,Muhib,0.013754679968893643
46402,Magna Vega,0.0035561104499693954
46402,Douglas Dc,0.06379157853554002
46402,Star Of Jupiter,0.015473766402108829
46402,Temur Khan,0.019367921081807182
46403,Night Breeze,0.1352342140113478
46403,Hamlet's Night,0.1943598350315265
46403,Azahara Palace,0.2522025223321086
46403,Afloat,0.19743038989532088
46403,Dayzee,0.007821255403371002
46403,Roland Garros,0.10697941953205796
46403,Giselles Defence,0.10597236379426736
46404,Knights Gold,0.18342993136333144
46404,Cardinal Point,0.06142737224684507
46404,Juba,0.06959512810613006
46404,Ornately,0.22605471582378964
46404,Coeur Jaune,0.06327009335335307
46404,Standput,0.04646347452547539
46404,Blewburton,0.04608100464454665
46404,Tolerance,0.22520316628573106
46404,Penelope Valentine,0.0420159775845814
46404,Rokuni,0.0014764340380222637
46404,Sofian,0.003344662843442963
46404,Hush Puppy,0.031638039184750825
46405,Wichahpi,0.13172714433665436
46405,Annie Edson Taylor,0.006157233335127857
46405,Arnaz,0.10920043816517319
46405,Muscika,0.04112151103057318
46405,Ziggy's Queen,0.05871083697817279
46405,Parisiac,0.002235279732476409
46405,Roaring Ralph,0.05780246128823609
46405,Back Before Dark,0.049958110450188886
46405,Asinara,0.06672698952798202
46405,Roundhay Park,0.012305736666108617
46405,Belsito,0.09164329569963263
46405,Sioux Warrior,0.0653989548655483
46405,Bear Rock,0.003502217210525155
46405,Vaunted,0.0999973570747369
46405,Call Time,0.009340030821876392
46405,Papa Cocktail,0.11056739702034599
46405,Safari Dream,0.08360500579664128
46406,Ziggy's Condor,0.25448177012777523
46406,Invincible Speed,0.02203160775808908
46406,Twilight Romance,0.01939736969108109
46406,Dashing Dick,0.15879338446028485
46406,Sondad,0.006820220841176563
46406,Justcallmepete,0.1280868535860081
46406,Mart,0.19177587018199982
46406,Havana Rum,0.12284263198030362
46406,Momaer,0.02854384798733907
46406,Bay Breeze,0.06722644338594248
46407,Maelstrom,0.34993007209215304
46407,Lord Capulet,0.08361410511774134
46407,Amor Cordis,0.11707507028269909
46407,Laurens Dream,0.046831169292677464
46407,Gesundheit,0.12140317367569566
46407,Boyne Lady,0.011315785329218515
46407,Power Of Twins,0.01705077472892418
46407,Fear And Fast,0.023909800055887533
46407,Vault Of Heaven,0.11537178777242059
46407,Bust A Moon,0.037601207870121854
46407,Summer Rain,0.013226493177771966
46407,Rose Of New Jersey,0.06267056060468865
46408,Mariner,0.12056163134423344
46408,King Of Speed,0.12142285006399076
46408,Berkshire Phantom,0.26991846951965426
46408,Braes Of Doune,0.1790317157946239
46408,Born A Rebel,0.002981974539149123
46408,Artificer,0.19123378147460543
46408,Embarked,0.11484957726374306
46409,Newyorkstateofmind,0.08148500356416215
46409,Ideal Guest,0.043961653489918595
46409,King Of The Jungle,0.005642580235834042
46409,Raft Up,0.11001550921140109
46409,Waistcoat,0.13506783028304206
46409,Grand Citadel,0.26982592770747815
46409,Starsong,0.08293382780653717
46409,Pembrokeshire,0.09515266646955263
46409,Shark Two One,0.08291514416089922
46409,Magic Fluke,0.07363344592580288
46409,Tilsworth Silver,0.019366411145372093
46410,North Winterfell,0.0009974669364042619
46410,Abbey Actress,0.05727935305047997
46410,Barrogstown Girl,0.18271807184137512
46410,Bringsty,0.007377006342666549
46410,Thatwilldoso,0.006507263329615986
46410,The Real Screamer,0.2540984904217121
46410,Victor's Choice,0.15284131073737722
46410,Duke Of Leggagh,0.04891175759593613
46410,Dont Do Dramas,0.06311685897689757
46410,Gotta Catch'em All,0.0012558692025151726
46410,Goldsmith,0.006949828291378144
46410,Cordouan,0.0047537010451645986
46410,Doctor Grace,0.010831842783001946
46410,Barretstown,0.04947484934997851
46410,Fleetfootsoldier,0.008166571318372309
46410,Flier,0.011215464054859271
46410,Miss Australie,0.01141626460007332
46410,Picpoul,0.010769052323289494
46410,Harseva,0.11131897779890239
46411,Forza Orta,0.08506485564537848
46411,Artisan Dancer,0.10609294711590561
46411,Zimmerman,0.09356750617050826
46411,Surrey Belle,0.050333542480707684
46411,Little Peter,0.3542294727553638
46411,Diamand De Vindecy,0.310711675832136
46412,Pearly Squirrel,0.17724990744453004
46412,Tarlac,0.05487570167067926
46412,Atomic Mass,0.057067765147082075
46412,Francis Drake,0.11512790861144695
46412,Eighteen Fourteen,0.008735906567365462
46412,Queen Of Good News,0.0021873168912324107
46412,Vesperado,0.07061555204825533
46412,Sherlock,0.03691545520767533
46412,Yehudi,0.04994801931280026
46412,Bantz,0.1196962335623354
46412,Dovey Moon,0.1795976653076283
46412,Miss Cast,0.034483934719877284
46412,Miakoda,0.09349863350909204
46413,Tremolo,0.055130364347261256
46413,Sex On Fire,0.08064478316392854
46413,Imperial Trooper,0.07148586063990334
46413,Royal Alliance,0.11164704773614204
46413,Yabher,0.18096888375077383
46413,Well Enough,0.040902810149717535
46413,High On Hope,0.14263851401964242
46413,Urban Sky,0.034251843517129746
46413,Arbitration,0.14023678300300135
46413,Boston Run,0.08451456563140752
46413,Carron,0.05757854404109256
46414,Matt Connor,0.24362521080258387
46414,Black Gem,0.009052119990937833
46414,Miss Gitana,0.09284735625436395
46414,The Truant,0.07565516989355914
46414,Scott Lang,0.05506024182139779
46414,Rockview Consort,0.010999530033745627
46414,Disco Boy,0.0009673609641208745
46414,No Big Deal,0.09334391162639948
46414,Plains Indian,0.029038584436908935
46414,Pons Aelius,0.007262605697993655
46414,Club Manager,0.11619462188235286
46414,Desert Friend,0.01567061220490903
46414,Sub Rosa,0.0006369745963285099
46414,Forlio,0.10743731663177927
46414,Make Good,0.017040289257100223
46414,Glyde Ranger,0.0012280535522852674
46414,Elle Dorado Rock,0.12309485508730654
46414,Tara Power,0.0008451852659270386
46415,Touch The Moon,0.12261495273743106
46415,Cabrera,0.20087001514665626
46415,Sam Hawkens,0.24327259315170768
46415,Percy Shelley,0.15778683926419895
46415,Knightswood,0.10647316500604244
46415,Dancingwithmyself,0.1270324972303894
46415,Flickering Halo,0.041949937463574234
46416,Yeoman,0.1288503133089744
46416,Touchwood,0.12897738501477954
46416,Zu Run,0.2246228849546776
46416,Sibyl Charm,0.24403930203368843
46416,Rhythmic Acclaim,0.14971151050613088
46416,Eden Storm,0.0484017414721398
46416,Francisco,0.007138281294785145
46416,Autumn Festival,0.06825858141482424
46417,Tees Spirit,0.13836303253361273
46417,Pilgrim,0.18719896615580703
46417,Vintage Clarets,0.2161204199650372
46417,Venture Capital,0.16853552050670995
46417,Manila Scouse,0.04722346784765688
46417,Ventura Express,0.21810025177161016
46417,Mondammej,0.024458341219566197
46418,First Folio,0.04799477075348246
46418,It Just Takes Time,0.16226775496561488
46418,Silver Samurai,0.0588504397734413
46418,Dorney Lake,0.00714827884191766
46418,Almarada Prince,0.1138654864279735
46418,Kodi Lion,0.1787020005718409
46418,Flying Fletcher,0.0527399502535693
46418,Count D'Orsay,0.04713978361717706
46418,Smart Vision,0.1144593299508892
46418,Call To Action,0.059081275327456
46418,Oriental Prince,0.15775092951663772
46419,Urban Sprawl,0.059407800542850484
46419,Pisanello,0.09321722675063579
46419,Good Morning Alex,0.09739582624271424
46419,Drink Dry,0.1198056570954768
46419,Garden Oasis,0.0895432424477916
46419,Mudamer,0.020480288379942414
46419,Stockpyle,0.09977695056588126
46419,Spioradalta,0.18826274523573022
46419,Poet's Dawn,0.029391637122277933
46419,Enthused,0.09580738381986574
46419,Volenti,0.10691124179683349
46420,May Blossom,0.03551814947735638
46420,Sea Emily Run,0.25902868316641814
46420,Raneenn,0.24343301025206146
46420,Mostar Dreams,0.1180427834082098
46420,Beronia,0.007029922420383892
46420,Miss Collada,0.005110525969318186
46420,Galaxy Zoo,0.2260682169552716
46420,Dark Rosa,0.10576870835098065
46421,Ziggy's Ariel,0.0027674278978649545
46421,Beaujolais Nouveau,0.1445024526180996
46421,Rogue Bullet,0.09254246001269364
46421,Macedonian,0.23782763573901974
46421,Chuti Manika,0.04824183366481292
46421,Sundiata Keita,0.16680361618034986
46421,East Tyrone,0.19989309538740316
46421,Toota,0.10742147849975596
46422,Candy Warhol,0.07139975366187719
46422,Due Date,0.19985798883095013
46422,Mehmo,0.05391699956164947
46422,Vitalline,0.2138725788147739
46422,Supernova Steps,0.15425531185143576
46422,Bankrupt,0.09725032112992793
46422,Araifjan,0.04941297322627182
46422,Black Cab,0.08219019254294499
46422,Rain Cap,0.0011862425996562558
46422,May Remain,0.046333766793001316
46422,Snow Boots,0.030323870987511138
46423,Our Absent Friends,0.03917416534903283
46423,Honour Your Dreams,0.10008526318122085
46423,Ancient Times,0.06247086939701728
46423,Betweenthesticks,0.07434856958771631
46423,Dandy Dinmont,0.15511662691785233
46423,Taygar,0.14414834495093828
46423,Toptime,0.06199264918309698
46423,Glendown,0.07411046521301563
46423,Herakles,0.08545764807843505
46423,Gis A Sub,0.07571728563746556
46423,Opal Storm,0.1273781125042089
46424,Threatening,0.24800341989811836
46424,Unforgetable Belle,0.20252432168413378
46424,Crest Of Light,0.1886359805929775
46424,Blue Seeker,0.15517728683059553
46424,Boubou,0.11868920818124086
46424,Little Bittern,0.08696978281293406
46425,Tazaman,0.17071163467110687
46425,Man Of Riddles,0.10700761758800026
46425,Razzo Italiano,0.001374068890626324
46425,Sophar Sogood,0.08467913559127797
46425,Courageous Gold,0.16042907924622257
46425,Fine Print,0.1265782744764886
46425,Chef De Troupe,0.001253546252205549
46425,Scylla,0.3479666432840719
46426,Aphrodites Rock,0.03285687908618319
46426,Riyadh Gem,0.25195911612405114
46426,Zizi,0.16668895498954414
46426,Phrygia,0.1668775545998774
46426,Must Believe,0.11235115829883277
46426,Crackalackin,0.14788340395140845
46426,Rory's Gold,0.03399235225013967
46426,Zabeel Rain,0.08739058069996312
47890,Kitaro Kich,0.1344557404960293
47890,Al Suil Eile,0.1175288150119058
47890,King Of Speed,0.07647301035528915
47890,Falcon Nine,0.09231874535770959
47890,Fior Di Bosco,0.07165016933327882
47890,Marioento,0.032789099562309604
47890,My Brother Mike,0.11708318519410435
47890,Light Up Our Stars,0.03782473992572004
47890,I Can't Believe,0.16581415279873038
47890,Pessoa,0.15406234196492288
47891,Cuban Grey,0.0505448217633635
47891,Sam's Xpress,0.09724256031702963
47891,Happy Henry,0.02599957390035168
47891,Havana Notion,0.05617487058201827
47891,Livingston Range,0.04695848940432764
47891,My Girl Sioux,0.08145194241143536
47891,Turn Up The Beat,0.16172594949882185
47891,No Speed Limit,0.02235198373107499
47891,Babyface,0.04515580794275693
47891,Nordic Passage,0.005093545534177473
47891,Rattletheonionbag,0.3352787754535959
47891,Clarabell,0.0012027697210153661
47891,Magna Beauty,0.07081890974003145
47892,Zandita,0.18980723081673073
47892,Signora Bellissima,0.06491282925761921
47892,Gaiety Musical,0.30723182195462617
47892,Top Of The Class,0.18465034710288697
47892,Celebrating Ethel,0.2533977708681368
47893,Sir Callisto,0.35373749357395196
47893,Gracesolution,0.06659574212500809
47893,Rhythm And Tyne,0.0015345893873024267
47893,Koniag,0.14571516506639595
47893,La Tulipe Noire,0.0005325964982493635
47893,Vivacious Lady,0.10660710041479336
47893,Someone's Wish,0.09777794277013596
47893,Darkened,0.18182219584390927
47893,Gregorina,0.044536767049798164
47893,Sing A New Song,0.0011404072704554373
47894,Galileo Glass,0.14070384284809273
47894,Bossy Parker,0.3026515561735328
47894,Till It Shines,0.1805729724264132
47894,Plumette,0.13625488749806702
47894,Alice's Impact,0.08208902131954336
47894,Copper Mountain,0.06460981729099341
47894,Trois Blancs,0.001176974374939469
47894,The Toff,0.091940928068418
47895,Free Solo,0.11706096522027332
47895,Juyush,0.06458786207472944
47895,Daonethatgotaway,0.2542706722543381
47895,Ivasecret,0.002107699091633127
47895,Eastern Wind,0.06709693123797018
47895,Camachero,0.011828267270861939
47895,Villemacho,0.08756638125654066
47895,Bungle Inthedesert,0.09671311951625225
47895,Harry The Rogue,0.054561111984109976
47895,Master Garvey,0.032982190178235525
47895,Turbo Sprint,0.12131471510816207
47895,Never Thought,0.049786369672893814
47895,Nikki Swango,0.040123715133999455
47896,Ravenglass,0.15381665799849983
47896,Sam's Hope,0.0666366998559481
47896,Big Narstie,0.09057852338857421
47896,Bernie The Bear,0.11759464063714169
47896,Kranjcar,0.254632465003793
47896,Ajrad,0.1514476280853005
47896,Sea The Buckthorn,0.10268143866487206
47896,Peachey Carnehan,0.06261194636587052
47897,Iowntheball,0.17649469434502832
47897,Gran Habano,0.025706357064614865
47897,Fortuna Vera,0.20994465550033212
47897,Saint Brandon,0.2092665251231476
47897,Habari,0.06655674443942362
47897,Lost President,0.12689019094834822
47897,Amber Blossom,0.18514083257910524
47898,Royal Musketeer,0.09342996579474849
47898,City Cyclone,0.16595340508759907
47898,Angel Of England,0.014910401766280394
47898,Bill Plumb,0.05018223681109371
47898,Jackson Street,0.10767981834272662
47898,Land Lover,0.16605070858944446
47898,Papa Cocktail,0.07328384525715725
47898,Jimmy Knocker,0.001000794313113066
47898,Evocative Spark,0.0012566809834780159
47898,Charlie Mason,0.2016870223160201
47898,Bibendum,0.12456512073833897
47899,Hawa Jumeirah,0.23148133566173587
47899,Mirabello Bay,0.2838477413162709
47899,Starfighter,0.208601092256475
47899,Rose Light,0.0011247064196983178
47899,Bloodhound,0.2289425357420548
47899,Tancredi,0.015505876424741388
47899,Bramble Jelly,0.030496712179023687
47985,Strategic Fortune,0.17118777167679897
47985,Chantilly Moon,0.1686269269421298
47985,Billy Bathgate,0.06200092419570321
47985,Rubellite,0.15397882982390954
47985,Fiftyshadesaresdev,0.055827622937629995
47985,Hijo De La Luna,0.003825182133125492
47985,Yakhabar,0.12321797025356224
47985,Duchess,0.08096956748104941
47985,Visitant,0.04956188216641513
47985,Wath Court,0.002945497499689167
47985,Cookie Queen,0.07866888967000775
47985,Curious Mrs Fox,0.04918893521997944
47986,Show No Fear,0.17520870829813265
47986,Annandale,0.09107834522583814
47986,Payment Plan,0.27429193739818686
47986,Reel Her In,0.2965420559465434
47986,Man Of Riddles,0.08180367676843989
47986,Zephlyn,0.07242353160962928
47986,Quercus Robur,0.008651744753229666
47987,Royal Pleasure,0.07918407387151553
47987,Mersea,0.062489044376343304
47987,Brian The Snail,0.09942187878986022
47987,Tomorrow Day,0.18358464850728587
47987,Bellagio Man,0.062127121526131555
47987,Too Much,0.0984102925135847
47987,Call Glory,0.050010534820566464
47987,Inanna,0.037053726176851744
47987,Just Ten High,0.18846372801086347
47987,Tickets,0.09424420379326408
47987,Asadjumeirah,0.045010747613733
47988,Dark Kestrel,0.15875199916080188
47988,Our Absent Friends,0.07363809616417168
47988,Castan,0.11314785792951958
47988,Above,0.09555393503648124
47988,Leodis Dream,0.04794327377143034
47988,General Assembly,0.21770180357442098
47988,Match Play,0.04043067117368197
47988,Maharajas Express,0.12426035809698259
47988,Golden Rainbow,0.053996180450927085
47988,Oriental Prince,0.07457582464158274
47989,Barnaby,0.256477754369098
47989,Flying Fletcher,0.0773090801657626
47989,William Dewhirst,0.32187884195306876
47989,Longhaired General,0.08715611854580411
47989,King's School,0.14414231202797997
47989,Danielsflyer,0.1130358929382866
47990,Jimmy Knocker,0.0008908456734872071
47990,Love Your Work,0.04191202489521591
47990,Bint Havana Gold,0.21200061989265553
47990,H Key Lails,0.08483271732679125
47990,Kitaro Kich,0.08764235667121272
47990,Forever Proud,0.1922280034844458
47990,Willow's Kiss,0.0006138396183774275
47990,The Spotlight Kid,0.1411450852867974
47990,Thomas Equinas,0.07502799268017613
47990,Beveragino,0.1637065144708407
47991,Francisco,0.005412044372594534
47991,Flag Carrier,0.040042326918487345
47991,Jesse Luc,0.02504768742520137
47991,Southbank,0.22029905548891643
47991,Cooperation,0.0645284896026823
47991,Not Just Yet,0.027830743100329357
47991,Zaman Daar,0.09793169172715674
47991,Lion Ring,0.33359442595398947
47991,Poetic Jack,0.18531353541064247
47992,Vitruvian Dawn,0.001479078145457142
47992,Unification,0.037098657431308066
47992,Virtual Hug,0.16229076039274387
47992,Smokey Malone,0.17553969427321406
47992,Foinix,0.11371063726041487
47992,Mhajim,0.0855579534132627
47992,Zooks,0.14098949345138706
47992,The Resdev Way,0.09883547773180483
47992,Mapogo,0.0021343017813829
47992,This Time Maybe,0.11475581926632152
47992,Reason To Pass,0.04778161973142884
47992,Rogue Raider,0.019826507121274133
47993,Dream By Day,0.0014726816014233178
47993,Forest Gunner,0.1354587847947622
47993,Sir Rodneyredblood,0.10891767291614383
47993,So Obsessed,0.1363668282391763
47993,State Of Madness,0.24814294782233567
47993,Mehmo,0.04600100840525883
47993,War Zone,0.20627860461207576
47993,Sassy Redhead,0.11736147160882415
47994,Elterwater,0.2781367708046734
47994,The Rain King,0.0303868814468696
47994,Absolutely Buzzing,0.02665173632189122
47994,Cloud Free,0.09459173554530309
47994,Birthday Angel,0.12020030414348268
47994,Green Power,0.11761732766010924
47994,Egoiste,0.1676120637115851
47994,Alvesta,0.051827317265964026
47994,Jenson Benson,0.04420632781497965
47994,The Cooleen,0.03207024988561932
47994,Cracking Filly,0.03669928539952268
47995,Longlai,0.08961252923821945
47995,Helm Rock,0.2771472148486128
47995,Tempus,0.06995648418684594
47995,Urban Lion,0.18983970102378322
47995,Court Of Session,0.05548124007334771
47995,High Point,0.15760863941790038
47995,Charming Whisper,0.09073771834042978
47995,Shimmering Spin,0.06961647287086074
48106,Infantry Officer,0.35489593029597954
48106,Jester Queen,0.12977217138323355
48106,Hawkesbury Legend,0.13426675171294503
48106,About Last Night,0.07741616249485196
48106,Baileys Value,0.07999151084271351
48106,Eva's Eyes,0.22365747327027646
48107,Salamanca City,0.17497766979647508
48107,Caramay,0.2802575438977373
48107,Beatrice Shilling,0.10752717757605162
48107,Elterwater,0.3542605849818871
48107,Celebrating Ethel,0.08297702374784899
48108,Cogital,0.01377703748251748
48108,Naomhi,0.1320788901873419
48108,Upepo,0.2019677041873827
48108,It's A Love Thing,0.14309207747401456
48108,Media Mogul,0.21663353173540412
48108,Come On John,0.29245075893333916
48109,Pessoa,0.31666475926889426
48109,Voltaic,0.09971537198469192
48109,Absolutely Not,0.11113127886902553
48109,Port Noir,0.1401686609943725
48109,Annalee Lass,0.13255603294057183
48109,Possible Ambition,0.0012011835573815493
48109,Lhebayeb,0.0023008619907322636
48109,Blue Jay Way,0.00566239239552729
48109,Haaf A Diamond,0.059648729371943016
48109,Scarfo,0.13095072862685977
48110,Star Legend,0.2335846252699517
48110,Blue Sky Boy,0.016807520490458135
48110,Payment Plan,0.38220474858511805
48110,The Colorist,0.18569897406777036
48110,Duchess,0.18170413158670173
48111,L'immortale,0.2420386581295629
48111,Evoluir,0.00892038255841397
48111,Tactical Control,0.08930559568317138
48111,Ravenglass,0.26712886497300287
48111,Boujee Gold,0.10466890655724387
48111,King Of The Dance,0.08098599056815518
48111,Making A Move,0.07836789383918227
48111,Van Zant,0.039104648571826627
48111,Stoic Syd,0.07393678728622492
48111,Liege,0.01554227183321614
48112,One For Harvey,0.1822942160072687
48112,Off The Bench,0.02742791148426646
48112,Olympic Melody,0.17160955110205198
48112,Watkins,0.12082302333132924
48112,Dark Sorceress,0.10575925453621836
48112,Tiana Rose,0.2426647076680758
48112,Clipsham Noble,0.14942133587078926
48113,Double Mocha,0.170020712970817
48113,Bust A Moon,0.14948886488185803
48113,Inconspicuous,0.1618419953867797
48113,Cheeky Stanley,0.06040880161354532
48113,Rock Master,0.10448252819075371
48113,Rhodes Royce,0.06083841442997294
48113,She's A Dark Horse,0.26444906072785224
48113,My Boy Harry,0.028469621798421108
48114,Cinque Verde,0.06884607713446911
48114,El Bufalo,0.2438238586622736
48114,Ecclesiastical,0.22728714646509734
48114,Invincible Speed,0.09514849978583816
48114,Dashing Harry,0.028614287987115346
48114,Bang On The Bell,0.15447927679576376
48114,Catch Cunningham,0.09933635570573952
48114,Reigning Profit,0.08246449746370313
48115,Secret Handsheikh,0.0876281338655575
48115,General Assembly,0.3321033710572719
48115,Leodis Dream,0.05636183179126011
48115,Diamond Dreamer,0.07744569015259478
48115,Angle Land,0.10161945411932824
48115,Birkenhead,0.07204036426078628
48115,Merrimack,0.13254193505241013
48115,Dark Side Prince,0.04454945444419641
48115,Alafdhal,0.09570976525659473
48116,Kracking,0.15709976283848628
48116,Stella Hogan,0.14590710830587858
48116,Once Adaay,0.1675131800115881
48116,Francisco,0.08147530473707017
48116,Kondratiev Wave,0.08018303484984055
48116,Got No Dollars,0.07003371341982688
48116,Just Rita,0.04631622561059343
48116,Flag Carrier,0.11279304611491335
48116,Thomas Equinas,0.13867862411180262
48117,Gunlock,0.237433223584662
48117,Billy Mill,0.04333695550653286
48117,Cill Mocheallog,0.04069168785477111
48117,Lady Flora,0.05402384320494674
48117,Kitaro Kich,0.08409043689346127
48117,Where's Freddy,0.18279643936294626
48117,Charming Whisper,0.06555222315879644
48117,Benacre,0.04669263252806924
48117,Court Of Session,0.01961765295727381
48117,A Major Payne,0.043675269151108934
48117,Flag Of St George,0.10880718557075687
48117,Swiss Ace,0.07328245022667453
48118,Lightening Mann,0.197261594496012
48118,Lady Chartwell,0.08108072062957604
48118,Jiff's Army,0.11280476182196864
48118,Ruling Master,0.09288336021889364
48118,Must Believe,0.08495539730238406
48118,Lady Mariko,0.1334046163952063
48118,Hibernate,0.08250088726158432
48118,Glenridding,0.15019627139655375
48118,Bellator Bullet,0.06491239047782131
48314,Questionable,0.2118979515270968
48314,Beatrice Shilling,0.1400123547336575
48314,Anjo Bonita,0.0033805782793911
48314,Princess Niyla,0.08018401608310961
48314,Shifter,0.167148503985082
48314,Bintabuha,0.13101746987971225
48314,Cymbidium,0.0999917613558555
48314,Rock Camelot,0.01698621543550753
48314,Coma Cluster,0.1493811487205876
48315,Brunel Nation,0.08061303998887095
48315,Way To Dubai,0.02925115655888721
48315,Feel The Need,0.03433632411676964
48315,Jimmy Speaking,0.08783117308213652
48315,How Impressive,0.04633712970088225
48315,Quandary,0.10275063983622852
48315,Vince Le Prince,0.043676092685431725
48315,Giorgio M,0.07940622247309732
48315,King Of Ithaca,0.1405830216861603
48315,Chola Empire,0.029654617933825393
48315,Arctic Dawn,0.10658148758034006
48315,Drifts Away,0.16584213311347315
48315,Ten Commitments,0.006380823275601257
48315,Callianassa,0.046756137968295634
48316,Candonomore,0.08989708414015425
48316,Soames Forsyte,0.07434909612341378
48316,Power Of Gold,0.10074035747104831
48316,Commander Of Life,0.2517742273487596
48316,Stratocracy,0.04032849359876922
48316,Paris Lights,0.04602889043196762
48316,Cosmos Raj,0.13396861355964307
48316,Jesmond Dawn,0.12020896640050847
48316,Jazz Scene,0.10915717403876084
48316,Oberon Hill,0.033547096886974874
48317,Tourist,0.16389298498563304
48317,Lil Guff,0.1114627837454689
48317,Ziggy's Missile,0.1412793283292421
48317,Sevensees,0.044964877026944156
48317,Monks Dream,0.05624901862256947
48317,Muker,0.03918175689388088
48317,Sugar Hill Babe,0.10499527042828494
48317,Spirit Of Applause,0.036890035312383926
48317,Tan Rapido,0.032480257481727934
48317,True Promise,0.11504066919052931
48317,Minnie Wildes,0.041560589537626626
48317,Alligator Alley,0.0713558444342875
48317,Illusionist,0.04064658401142122
48318,Mereside Diva,0.13494418948827214
48318,D Flawless,0.06334313995985075
48318,Profit Refused,0.2346186561294938
48318,Del Ray,0.08786671183967144
48318,Actin Like A Diva,0.08280702782333532
48318,Bowerchalke,0.015392599054573831
48318,Never Let Go,0.06709863562782485
48318,Who Wants Me,0.010793046083513266
48318,Manila Thriller,0.18056452212560065
48318,Diamont Katie,0.07433013634104374
48318,Sands Of Indi,0.04824133552682041
48319,Crystal Flyer,0.0753378135670394
48319,Overture,0.12026365735415605
48319,Pique',0.08752801496719137
48319,Russian Crescendo,0.11724470191919145
48319,Lady La Fay,0.07017743283119449
48319,Loving Look,0.05898518286442093
48319,Pretending,0.28337934917255675
48319,Orchard Keeper,0.18708384732424968
48320,Milbanke,0.07509854211375284
48320,Northcliff,0.016831230702394975
48320,Jojo Rabbit,0.08274520091105886
48320,Dark Kestrel,0.15729254213629992
48320,Yazaman,0.1530351012664589
48320,Willolarupi,0.032526201047313144
48320,Glory Hyde,0.0802495535287879
48320,Cuban Storm,0.1668013685445818
48320,Hail Sezer,0.15023238361968666
48320,First Company,0.08518787612966497
48321,Morrophore,0.1401368896879973
48321,My Margie,0.16793092295323936
48321,Coppull Hall Lane,0.1306099740670397
48321,Lunar Eclipse,0.13885201531647082
48321,Gaiety Musical,0.10369034387060781
48321,Waardah,0.010310289577762692
48321,The Terminus,0.2325225832396993
48321,Bintjeddah,0.07594698128718308
48322,Respiro Solitario,0.1450355898788799
48322,Golden Harmony,0.013978565736111236
48322,West Kirby,0.0803670704676992
48322,Mavetheforcebewivu,0.025321034256055412
48322,Helaali,0.09134218493990195
48322,Transfuse,0.07913179166638991
48322,Penn Avenue,0.1477504668121885
48322,Pretty Spirited,0.049262207205963075
48322,Magic Topissima,0.16551950910020088
48322,Heartened,0.016610197910742683
48322,Cuda Been A Rowlex,0.12899304749776044
48322,Zappata,0.05668833452810682
48323,Northbound,0.28544758194944436
48323,B Associates,0.0019565195934028584
48323,Harry Magnus,0.04424064475100457
48323,Queens Road Revue,0.09395815141933839
48323,Bibendum,0.12471719656462324
48323,Going Underground,0.24145149236837668
48323,Martin's Brig,0.15803710157569406
48323,Curious Mrs Fox,0.05019131177811577
48324,Handcuffed,0.09657669660833836
48324,Mythical Composer,0.06964607645430403
48324,Don Pacifico,0.0660715983438219
48324,Mr Fantastic,0.03301802922588539
48324,Hammer The Hammer,0.156888194883353
48324,Naana's Diamond,0.043313395557716614
48324,Wheels Of Fire,0.09692037145282557
48324,Noble Victory,0.10267082162589398
48324,Bonnie's Boy,0.04990279411643074
48324,Mr Cool,0.07937427651882191
48324,Fan Mail,0.05996708781493872
48324,Scatter Penny,0.0671392669352381
48324,Invitorio,0.07851139046243161
48325,Sophia's Starlight,0.053774622618331956
48325,The Bell Conductor,0.06668502282609928
48325,Dutch Kingdom,0.06344340561757485
48325,Bosh,0.026881477771633078
48325,Badri,0.04612618541865957
48325,Bergerac,0.15455230876781273
48325,Westmorian,0.09965660752412672
48325,Prince Of Pillo,0.05228687571343868
48325,Drama,0.07579175552063983
48325,Many A Star,0.06451701655335047
48325,Rohaan,0.13268983569203485
48325,Northern Spirit,0.1034885167619795
48325,Valentine Catcher,0.06010636921431851
48326,Kyle Of Lochalsh,0.10127031186814871
48326,Postileo,0.027809983355335285
48326,Duke Of Oxford,0.12349662703749124
48326,Charging Thunder,0.11241374400949466
48326,Manxman,0.14860778015154288
48326,Heathen,0.08533869271851992
48326,Wahraan,0.06276112769564586
48326,Blazeon Five,0.15950914152966747
48326,Caballo De Mar,0.13564274613626134
48326,Gibside,0.04314984549789257
49753,Lord Normandy,0.04204726889797887
49753,Lia Rose,0.08661586747099964
49753,Yeoman,0.13093023909453916
49753,Partisan Hero,0.23634874241809437
49753,Bearaway,0.18422109219891145
49753,Sant Alessio,0.08619395065489947
49753,Educate,0.0577376187757073
49753,English Spirit,0.12907611188208767
49753,Covert Legend,0.046829108606781945
49754,Pjanoo,0.19616507923945764
49754,Tempus,0.13980275730918432
49754,Destructive,0.10331098485925803
49754,Fast Society,0.007652992589172604
49754,Narmar,0.1536725973977765
49754,Invincible Aura,0.16606250906478504
49754,Encourageable,0.01253690215436447
49754,Road To Wembley,0.12012219599965143
49754,Quiet Resolve,0.10067398138635
49755,This Farh,0.1351213960649494
49755,Rokuni,0.0008869861948800194
49755,Lovesick,0.16768073029506786
49755,Blue Secret,0.2206675852946708
49755,Thurso,0.08464798935564141
49755,Standput,0.08389967110083345
49755,Bad Habits,0.12434301038545974
49755,Marvelously,0.09997161512537066
49755,Eva Dickson,0.08278101618312676
49756,Packetofbiscuits,0.17971711044880298
49756,Blue Seeker,0.24875725752393904
49756,Panama Black,0.22722209190555823
49756,Blue Empress,0.10812316756506127
49756,Kildonan,0.09913023524426454
49756,Jane Garfield,0.0009870275516971779
49756,McKenna,0.13606310976067676
49757,Alafdhal,0.09146405167383147
49757,Galel,0.12700289149138627
49757,Smasher,0.08951340164928033
49757,King's Gem,0.017393060292985915
49757,Radiant Angel,0.06880192377840366
49757,Collusion,0.17068009616881072
49757,Cuan,0.0631067749799949
49757,State Of Madness,0.15692120932496678
49757,Rogue Thunder,0.10936298447154184
49757,Red Walls,0.10575360616879811
49758,Arenas Del Tiempo,0.04823636929674992
49758,Disclosure,0.11928031530548122
49758,Racing Vicar,0.020898891100561628
49758,Cryptos Dream,0.11028675282503471
49758,Mykonos St John,0.059812458255610976
49758,Init Together,0.15196978742790532
49758,I Can't Believe,0.4285538492227783
49758,City Escape,0.06096157656587788
49826,Bearaway,0.23531750730529652
49826,Obsidian Knight,0.12261115351454746
49826,Naasma,0.07755737962670743
49826,Solanna,0.015516673577113794
49826,Kingmont,0.1190417955909754
49826,Graffiti,0.04430567085005083
49826,Book Of Life,0.14057421604701226
49826,Meet Me In Meraki,0.12931817919818345
49826,Crafter,0.1157574242901129
49827,Aramis Grey,0.12215095384638028
49827,Romanova,0.04046323965640355
49827,Take A Pull,0.06009520468253264
49827,Rosa Applause,0.12156564745425286
49827,Cinque Verde,0.04550761541109011
49827,Viennoise,0.10195897678339752
49827,Brazilian Rose,0.11099892562311348
49827,Alcazan,0.020852584260721216
49827,Quandary,0.23290069175994624
49827,Liv My Life,0.09093843452068924
49827,Callianassa,0.05256772600147285
49828,Good Banter,0.057214732499055
49828,Binadham,0.006400736370941339
49828,Majestic Wave,0.11273409690071616
49828,So Darn Hot,0.14151756267435348
49828,Red Evolution,0.1382814966936816
49828,Marchogion,0.10058673321905442
49828,Yes I'm Mali,0.04586760542083929
49828,Carbine Harvester,0.16043715598134656
49828,The Flying Seagull,0.08690430585118451
49828,Cressida Wildes,0.03884686294541449
49828,Motawahij,0.07957570425714396
49828,Coul Angel,0.03163300718626907
49829,Shartash,0.12395699573550754
49829,Emaraaty Ana,0.0986091688691381
49829,Ferrous,0.20712980753422783
49829,Mums Tipple,0.08657546304530972
49829,Prince Of Pillo,0.058963321516869484
49829,Silky Wilkie,0.09595472285727862
49829,Rohaan,0.10958026098597128
49829,The Thames Boatman,0.17754407840113093
49829,Intervention,0.04168618105456647
49830,Roaring Legend,0.17084677723705596
49830,Cool Party,0.10450538675998995
49830,Mr Escobar,0.04488700203008223
49830,Moon Over Miami,0.25491761830294535
49830,Ted Hastings,0.03700041873338558
49830,Red Flyer,0.07047266079057797
49830,The Craftymaster,0.16978844136852747
49830,Golden Flame,0.11442936834167439
49830,Poncho,0.03177033915309529
49830,Givemefive,0.0013819872826655718
49831,Cargin Bhui,0.10906223836018161
49831,Ziggy's Condor,0.11229935196599264
49831,Beale Street,0.10066614411112935
49831,Dark Side Thunder,0.09912269949110394
49831,Mumayaz,0.08555420891524404
49831,My Awele,0.04201272365156374
49831,G'Day Mate,0.03056955012691377
49831,Northcliff,0.35018828113420125
49831,Royal Musketeer,0.07052480224366971
49832,Storm Catcher,0.04767834909091749
49832,Charlotte's Web,0.13797186575812026
49832,Penzance,0.05011277260159855
49832,Youthful King,0.02651445800829083
49832,King's Code,0.04912756888415022
49832,Dragon Icon,0.10067392271988607
49832,Genoah,0.11626384191495309
49832,Kind Of Kiss,0.03312555224309162
49832,The Glen Rovers,0.24501453263670478
49832,Royal Approval,0.0904272044672775
49832,Civil Law,0.0206763966092974
49832,Urban Sprawl,0.0824135350657123
49833,Lyle The Crocodile,0.0940182216294096
49833,Sunriseontheboyne,0.08092451545218318
49833,Leblon Girl,0.013694303330324516
49833,Brigid's Cloak,0.12890862463230157
49833,Charanda,0.016699732562328522
49833,Highland Harvey,0.1313622950003379
49833,Beaune,0.0076568193349915315
49833,Tam Lin,0.23601384833774305
49833,Madam Zen,0.103856433768593
49833,Endless Dawn,0.1868652059517871
49834,Dividend,0.1148364362430831
49834,Substitute,0.23478608819551738
49834,Chesneys Charm,0.060873746016043964
49834,San Juanito,0.20940644771097253
49834,City Of God,0.20585780688237493
49834,Jiff's Army,0.1742394749520082
49835,Witch Hunter,0.0667705048392878
49835,I Am Superman,0.11698156115719266
49835,Talis Evolvere,0.13655618454476337
49835,Fantastic Fox,0.13439020459512052
49835,Destructive,0.11834373751760995
49835,Blue Prince,0.11650574130770838
49835,Sterling Knight,0.05221044210163246
49835,Kalamunda,0.12148487036298208
49835,Cynosure,0.13675675357370284
49836,Anvika,0.072578535294719
49836,Elegant Madame,0.04537568575681772
49836,Shoot To Kill,0.16617020230250099
49836,Volatile Analyst,0.20669256421508278
49836,Clonmacash,0.42460660865041033
49836,El Bello,0.06580584027113538
49836,Catherine Chroi,0.0013314215058440697
49836,Solomon Coop,0.01697208408643599
49836,La Tulipe Noire,0.00046705791705367605
49837,Lucky Out,0.014063132040949057
49837,Guy Fawkes,0.059984896479179046
49837,Chola Empire,0.2794159070080127
49837,Soames Forsyte,0.341902354547072
49837,Onemorenomore,0.3046337099247871
49838,Golden Pharaoh,0.04134050558559
49838,Cliffcake,0.18910954199755967
49838,King Of Ithaca,0.27480433623594674
49838,Secret Strength,0.1254422218317999
49838,Mereside Madness,0.16684381604164045
49838,Kristal Klear,0.13650181644510262
49838,Bomb Squad,0.06595776186236078
49839,Charlie's Choice,0.26216270953509396
49839,Hitched,0.29670375736418675
49839,Sax Appeal,0.21500096023790213
49839,Ocean Heights,0.07255472533841384
49839,Lexington Knight,0.09850554123766735
49839,Haliphon,0.055072306286735984
49840,Pons Aelius,0.04731080072282586
49840,Nusra,0.30338664486611516
49840,Doctor Grace,0.2283290405567812
49840,Enquire Within,0.034570995200357
49840,Flier,0.020152843157442105
49840,Lauroline,0.06492722075209943
49840,Omakase,0.0021101325725225236
49840,Latin,0.26786396215623404
49840,Bright Start,0.0024020940239342114
49840,Spirit Of Paradise,0.022944347698236417
49840,Tara Power,0.0031396888367756022
49840,Carslake,0.0007551862797205125
49840,Zentopia,0.0021070431769561406
49841,Sun Keeper,0.10943956109812511
49841,College Witch,0.0009560665256106898
49841,Tiana Rose,0.10562133970086159
49841,Bank On Kent,0.12457735302572048
49841,Love Games,0.2072972327162132
49841,Hype Merchant,0.11402471106978473
49841,Due Respect,0.1837993640418213
49841,Martha Costello,0.09921242625764194
49841,Sandinyourshoes,0.05119930045184193
49841,Baby Rover,0.003872645112378913
49926,Piranha Rama,0.12690317420410685
49926,Francis Drake,0.23670452064372113
49926,Summer Of Light,0.05375276435656498
49926,Belabambina,0.06628702412656932
49926,Spoilt,0.0032194349336257515
49926,Private Island,0.22532687332076645
49926,Hidden Verse,0.06510601497071161
49926,Risk,0.18840141005430636
49926,Ceira G,0.034298783389627434
49927,Midnightattheoasis,0.19580226420295527
49927,Pop Dancer,0.1894889904236977
49927,Forest Gunner,0.08189554291216006
49927,Rebel Star,0.11519792459684788
49927,Lion Ring,0.20478618580114577
49927,Unavailable,0.0776223411480675
49927,Suanni,0.07858255393786721
49927,Battle Point,0.05662419697725862
49928,Solar Edge,0.26284150237391724
49928,Horus,0.1928459673694442
49928,Commendation,0.19875227859223876
49928,Bow Street,0.14504197516583187
49928,Over Spiced,0.04371736218167874
49928,Natsumi,0.09589013894327622
49928,Kodibeat,0.012444397560165247
49928,Toolatetonegotiate,0.04846637781344778
49929,Popular Dream,0.18896490422219347
49929,Hint Of The Jungle,0.014962489212790907
49929,Havechatma,0.08872834986816773
49929,Nelson Gay,0.08412996954685324
49929,Betweenthesticks,0.10885339107648274
49929,Blue Force,0.11616918661936045
49929,Let's Go Hugo,0.05714982629729761
49929,Classy Clarets,0.0658775848852057
49929,Jeans Maite,0.1614997938189607
49929,Piloto Pardo,0.06412510692099539
49929,Sassy Redhead,0.049539397531692106
49930,Combustion,0.20382160750775336
49930,Silky Robin,0.12496549703939919
49930,Piperstown,0.10057665136840638
49930,Mehmo,0.03573050383695954
49930,Agent Mayfair,0.12723714997299812
49930,Colorada Dancer,0.01669957076019519
49930,Lynwood Lad,0.09183299905203514
49930,Miss Moonshine,0.130147682170613
49930,Lilkian,0.061269412763299204
49930,Don't Fight It,0.05200403034992544
49930,Barnsnape Boy,0.05571489517841537
49931,Maghlaak,0.032902947665752746
49931,Charging Thunder,0.14929171834086755
49931,Circuit Breaker,0.0023004086653147975
49931,Legendary Day,0.19202400132638422
49931,Pergamon,0.08953800569365519
49931,Wonder,0.3491189224460221
49931,The Craftymaster,0.18243499900412505
49931,Further Measure,0.0023889968578782892
49932,Diamondonthehill,0.042966643779301955
49932,Batal Dubai,0.2933489875644633
49932,Brasil Power,0.12227798190647148
49932,Lerwick,0.1340276015019669
49932,Rey De La Batalla,0.21702286153053793
49932,Tadreeb,0.06034608320733628
49932,Intervention,0.09545316463951216
49932,My Awele,0.03455667587040983
49933,Macadam's Rock,0.1438980973860795
49933,Hemight,0.04067254267889316
49933,Harriet Eagle,0.19207935054173775
49933,Camachero,0.0332021307963786
49933,Circles,0.04457030621632799
49933,Nikki Swango,0.055634157263608895
49933,Whatswrongnow,0.032983543260881404
49933,Bucky Larson,0.049760082412915026
49933,Manhattan Dandy,0.054269045022456504
49933,Allo Arry,0.10353557096732327
49933,Havana Notion,0.2030497377951599
49933,Blue Wood,0.029623845779756745
49933,Zero Fighter,0.0013032524456365305
49933,Feature This,0.015418337432844627
49934,Metamorpheus,0.29922670771472654
49934,Omakase,0.0037534350437670866
49934,Slowdownbarney,0.12393565747936752
49934,Tara Power,0.003905327365438317
49934,Billie Frechette,0.27302609668489597
49934,Makaiah,0.14076518241457353
49934,Pegasus Of Harry,0.04490003296045709
49934,Bright Start,0.0038753149215879005
49934,Is She Now,0.002822192422440256
49934,Noble Expression,0.05362449544564444
49934,Duke Otto,0.012217499221284997
49934,Uberrima Fides,0.0018850030471953489
49934,Knock Flyer,0.03606305527862084
49935,Electric Avenue,0.062385870884323104
49935,Panama City,0.15560672371370315
49935,Waleyfa,0.28738951248888855
49935,That's For Sure,0.21229776722726482
49935,Thats My Boy Luke,0.061078265491122094
49935,Makalu,0.0474938166881504
49935,King Of York,0.1326503226219816
49935,Masham Moor,0.04109772088456636
49936,Timetobenice,0.1940512129316615
49936,Jez Bomb,0.3378881367319759
49936,Vixey,0.04518582144785988
49936,Down To The Kid,0.14761293515473897
49936,Jack Daniel,0.02892914646399975
49936,Tasmanian Legend,0.13163351482852464
49936,Light Up Our Stars,0.11469923244123949
49937,King Sharja,0.15313892094033885
49937,American Star,0.09886659529244314
49937,Global Warning,0.09552149003943745
49937,Thanks Dad,0.03928111254469942
49937,Asadjumeirah,0.11573981039119138
49937,Royal Justice,0.03227082242935791
49937,Embarked,0.03728020679808048
49937,Match Anthem,0.23256624416841232
49937,Fifty Sent,0.16052473785811874
49937,Mr Slicker,0.02825243181073018
49937,Cubanista,0.006557627727189987
49938,Hover On The Wind,0.06000980091646998
49938,Twilight Diamond,0.08168812753073745
49938,Commander Of Life,0.12916101853432646
49938,Dark Side Thunder,0.14385778520925574
49938,Cliffcake,0.181506037906317
49938,Hierarchy,0.13640017305932395
49938,Kats Bob,0.11275963267713844
49938,One More Dream,0.154617424166431
49939,Wrecking Ball Paul,0.31986826420148007
49939,Dynamite Defense,0.2054059776669641
49939,Chopsticks,0.0037978187383014327
49939,Flier,0.023774155782618607
49939,Gatsby Cap,0.024828752968635497
49939,Our Lucky Lady,0.0014371057481951024
49939,Tyder,0.05511653432498606
49939,Villemacho,0.13012841000909528
49939,Accompanist,0.00630666942141032
49939,Harbanaker,0.1083927137476466
49939,Together Aclaim,0.09445795667403738
49939,Sea Of Beauty,0.005290122582900758
49939,Wonder Spirit,0.02119551813372889
50122,Inanna,0.1328748105653288
50122,Jump The Gun,0.1336367848794628
50122,White Umbrella,0.1570909280422204
50122,Agnes Grey,0.014426225783005038
50122,Ramon Di Loria,0.19898474623450613
50122,Rory,0.11715233604316147
50122,Giselles Izzy,0.09208940195427183
50122,Royal Duke,0.12073619392036614
50122,Bernie The Bear,0.03300857257767743
50123,Doublethetrouble,0.08214295784308459
50123,Easter Icon,0.08650343183337623
50123,Standbackandlook,0.2763750097162994
50123,Turing,0.026229860199797006
50123,The Colorist,0.15371498884671658
50123,Fravanco,0.14072453262213028
50123,Smith,0.23430921893859583
50124,Signcastle City,0.13679498176818655
50124,Navagio,0.01030608847823811
50124,Diamondonthehill,0.13329382118784316
50124,Rey De La Batalla,0.3136299649755033
50124,Society Lion,0.10419991880969953
50124,State Flag,0.17278935960737862
50124,Bell Shot,0.12898586517315072
50125,Youthful King,0.12002746300379002
50125,Kitty Furnival,0.28959328543888424
50125,Rockit Tommy,0.11677554929983111
50125,Sax Appeal,0.19739588191483645
50125,Surrey Fire,0.10252853130999914
50125,Appier,0.008029690119718892
50125,Raintown,0.15409410693358264
50125,Educator,0.01155549197935751
50126,Spirit Of Acklam,0.18799504888133212
50126,Samra Star,0.017679705612742513
50126,Sea Regal,0.12109604263490162
50126,Cougar,0.13610213321762424
50126,Cavallo Pazzo,0.2066249793245794
50126,Curran,0.09535208632745552
50126,Can't Stop Now,0.09809704116023985
50126,Chiefman,0.01863156852438402
50126,Sophiesticate,0.0552871799310687
50126,Ayr Poet,0.06313421438567211
50127,Red Mirage,0.04234632791421977
50127,Twilight Diamond,0.14347113663663358
50127,Count Palatine,0.11399538269621713
50127,Beattie Is Back,0.08880343676357598
50127,Freedom Day,0.002007274712706041
50127,Orbital Chime,0.03508554550972733
50127,Starliner,0.025618014874312176
50127,Keep Warm,0.08171304965187395
50127,Yaaser,0.17688808772452427
50127,Iris Dancer,0.028188254544974402
50127,Kode Secret,0.10703807373078218
50127,Our Dagger,0.15484541524045328
50128,Camera Shy,0.11576027257486739
50128,Moostar,0.06254395441758924
50128,Distant Rumble,0.03861999825510629
50128,Pit Boss,0.05477517054951481
50128,Style King,0.06332301869636929
50128,Dapper Guest,0.010434040075699718
50128,Sweet Sonata,0.13363298304834523
50128,Forteleza,0.002449926955351465
50128,Sandscreendeliverd,0.06091923933026835
50128,Cupola,0.2063146223212729
50128,Horus,0.05018182563387761
50128,Valsharah,0.06343249625816547
50128,Commendation,0.03164725146137099
50128,Thurso,0.05846422314566887
50128,Step Along,0.04750097727653221
50129,City Of Strangers,0.22467627688732975
50129,Luna A Inbhir Nis,0.027262949596507956
50129,Auntie Jo,0.2471118789563359
50129,Another Bungle,0.09766393385369995
50129,Pastoral Way,0.178484538151651
50129,Barmyblade,0.10699193209648282
50129,Inertia,0.11780849045799255
50130,General Assembly,0.4246109477347601
50130,Coco Bear,0.07148815461167428
50130,Just Ten High,0.3482472439705075
50130,Libra Tiger,0.005762352924490251
50130,Southbank,0.1498913007585679
50131,Agathon,0.08789981546359427
50131,Glasses Up,0.006405246871881487
50131,Flying Scotsman,0.10853936940934031
50131,Vampire Slayer,0.07814953761006928
50131,Stand Strong,0.14452312487294028
50131,Twoforthegutter,0.3000061401382432
50131,Neddies Boy,0.028613537652776987
50131,Aighear,0.13724686333658548
50131,Crystal Guard,0.09666996410241303
50131,Foshan,0.011946400542155679
50132,King Cabo,0.016517231507763942
50132,Hoornblower,0.1326005333706929
50132,Saturnalia,0.04808591806903812
50132,Calanthe,0.43296805230105506
50132,Darvel,0.11752196374191441
50132,Royal Pleasure,0.02778609468087716
50132,Francesi,0.008190639369610224
50132,Mr Fustic,0.0005208931248806757
50132,Union Island,0.21580867383416738
50133,Miracle Beauty,0.13110655315710013
50133,Dmaniac,0.049073106880505465
50133,Gloriously Glam,0.028998218516398486
50133,Ohmyviette,0.0197204622159773
50133,Pickersgill,0.042155292071458635
50133,Island Girl,0.07207405856422446
50133,Billie Be Quick,0.03084480993662663
50133,Elusive Duke,0.0024656268443122536
50133,Unique Journey,0.1599500585634098
50133,Asdana,0.061082018842713415
50133,Brigid's Cloak,0.14101396014744147
50133,Rion Rubette,0.04391409599553028
50133,Bluebelardo,0.032260858014027616
50133,Lyra Constellation,0.031483284464025006
50133,Aherla Rock,0.14342683773366885
50133,Paddydaddy,0.004766455833470643
50133,Lisnadill,0.005664302219109615
50134,Faster Bee,0.03784445032956983
50134,Masterofgreygoose,0.16882992417972273
50134,Al Suil Eile,0.23898980128862776
50134,Wyvern,0.22019461471326182
50134,Royal Observatory,0.06330742759207963
50134,King Of The Dance,0.051575009580783156
50134,Mudlahhim,0.031005345150122567
50134,Senseofentitlement,0.0007183237099592676
50134,Trusty Scout,0.016879360293384982
50134,Annalee Lass,0.06007450195008476
50134,Change Of Fortune,0.016386319113572467
50134,Mr Trick,0.06201657529999299
50134,Bondi Man,0.03217834679883824
50135,Little Queenie,0.036640575915888575
50135,The Highway Rat,0.014602855018595816
50135,I Am Superman,0.045251151860670885
50135,Stag Night,0.16502720555356032
50135,Four Blondes,0.13683154768555805
50135,Laugh A Minute,0.03465306011876773
50135,Love Billy Boy,0.122392866383415
50135,Collective Power,0.07572494594476578
50135,Mickey The Steel,0.02454339548628502
50135,Staysound Susie,0.08099526921209312
50135,Verhoyen,0.0714934949082662
50135,Tai Tam Bay,0.049701211335183265
50135,Cuban Grey,0.006968071618551156
50135,Noble Nation,0.1323717155584027
50135,Moltophino,0.0028026333999965503
50136,Promethean,0.28967972067471603
50136,He's A Latchico,0.12904420323365223
50136,Xiomara,0.12127078427197416
50136,First Officer,0.023605426725081313
50136,Expert Witness,0.075463365303105
50136,Robbo,0.1530515768646216
50136,Fast Steps,0.08735055906642608
50136,Morcar,0.06407100093345461
50136,Silver Gunn,0.053500524273307586
50136,Ocean Heights,0.002962838653661573
50137,Freedom Bay,0.1482087901090191
50137,Kilteel,0.2013714510332533
50137,California Fling,0.12299780208239253
50137,Sharon Curly,0.0591120407291695
50137,I Follow Rivers,0.1766136885561036
50137,Hype Merchant,0.08884615124821163
50137,Ardilly Breeze,0.09338348985698189
50137,Tiana Rose,0.09164528236210157
50137,Invincible Storm,0.017821304022766857
50138,Kinetic,0.19922188483102438
50138,Forest Spirit,0.3096197811974987
50138,Queen's Company,0.11457754316210687
50138,Spirit Of The Bay,0.010458559111413492
50138,Dibble Dabble,0.22213530426563752
50138,Cherry Cola,0.10246190171495799
50138,What's She At,0.002733727979912143
50138,Maundy Thursday,0.03879129773744897
50139,Blue Train,0.2604700520227631
50139,Skyelight,0.0767143899158854
50139,Paragon,0.02135996992276448
50139,Arlecchino's Rex,0.05680320257421646
50139,Jack Andrea,0.11711106327860468
50139,Risk,0.07382083911338214
50139,Coiled,0.05752705236911916
50139,Commander Flavius,0.04990340375626007
50139,Herkeios,0.06750620361604204
50139,Tiny Rebel,0.011059951596223543
50139,Mr Ubiquitous,0.09891902596833929
50139,Ceira G,0.019821363329116146
50139,Blackbrook,0.08898348253728347
50140,Tribal Nation,0.1486168569926393
50140,Dignam,0.07891464099716629
50140,Viking Invasion,0.08903321854544628
50140,Wizard Of Odds,0.07168328881703878
50140,Lady O,0.0516883842756602
50140,Mississippi River,0.011723170950981583
50140,Manhattan Chute,0.14044255002723827
50140,Green Icon,0.03925039028599444
50140,Shiota,0.002699131566727182
50140,Spycraft,0.042042988705518106
50140,Scott Key,0.11243397794188767
50140,Sir Jeremy,0.005956677734088846
50140,Bishopton,0.04749603180528348
50140,Sunriseontheboyne,0.02242688374784122
50140,Its All Peachy,0.13559180760648826
50141,Colors Of Freedom,0.10257033901317467
50141,Outer Edge,0.10987024866815612
50141,Elliott,0.105598978654418
50141,Street Life,0.11330919868422526
50141,War Zone,0.17778796409613074
50141,Henery Hawk,0.1646692713053021
50141,May Remain,0.05277017835019539
50141,Kipp Kelly,0.10871655130700032
50141,Red Walls,0.06470726992139735
50142,Bang On The Bell,0.04947318419467445
50142,Tiger Tulip,0.03524284405792028
50142,Torfrida,0.24685247478180558
50142,Symbol Of Hope,0.01674955653264576
50142,Secret Handsheikh,0.09855287502059988
50142,Harry Brown,0.26239311930869585
50142,Beauzon,0.11577883367834302
50142,Bama Lama,0.0717912413108963
50142,Big Time Rascal,0.0727658353549822
50142,Antiphon,0.02127465003157086
50142,Some Nightmare,0.009125385727865924
50143,Agia,0.08164337121069425
50143,Cherry Pink,0.34160303328847713
50143,Are You In Or Out,0.0025758509180742934
50143,Man Is King,0.0025329230203276756
50143,Storm Eric,0.0018702989624828452
50143,Higher Kingdom,0.01732650419005674
50143,Sneddy Eddie,0.015748668014656443
50143,Share The Treasure,0.0031085526630076146
50143,Harry The Rogue,0.13718468682860888
50143,Arthur's Victory,0.0024684437151823104
50143,Lady Delila,0.005577892429378991
50143,Prom Queen,0.05506152401361764
50143,Roderick,0.014493450745222214
50143,Love Mocha,0.040892030769181825
50143,Zaraahmando,0.09847706898092556
50143,In The Minus,0.0019869701340050707
50143,Swiss Army Officer,0.0763381638996071
50143,Kensington Hope,0.05425358137774265
50143,Second Fiddle,0.0020667833994313127
50143,Knockmore Prince,0.04479020143931945
50144,Azure Angel,0.256282547273128
50144,Al Barez,0.1710249334558698
50144,Nazron,0.22010810859684618
50144,Aberama Gold,0.14417167076960855
50144,Lion's House,0.0347050211295464
50144,Phoenix Beach,0.04343853664528348
50144,Brian The Snail,0.1302691821297175
50145,Tiger Kitten,0.014487427586934077
50145,Aroof,0.1760157445488307
50145,Himself,0.07370780334527557
50145,Crackamour,0.36295388902730125
50145,Battle Stride,0.13436460428577246
50145,Call Me Audrey,0.09282335909852818
50145,Advertorial,0.14564717210735775
51588,Glam De Vega,0.07470944867074869
51588,Eighty Eight,0.4067958065861444
51588,Autocrat,0.24051179852063093
51588,Theophilos,0.05803223344901278
51588,Acheron,0.21730236222609023
51588,Storm Eric,0.0026483505473731423
51589,Senado Square,0.025753571690738535
51589,Clonmacash,0.06287615655055519
51589,Pink Oxalis,0.12358726774631727
51589,The Cola Brasil,0.18234261542848973
51589,Ferrari Desert,0.17713948661228224
51589,Still She Blooms,0.0017712145870694117
51589,Bucky Larson,0.02891389314995207
51589,Golden Days,0.03297692950050493
51589,Amemri,0.2259221749159152
51589,Blue Wood,0.01114431477344094
51589,Notforalongtime,0.008681676974127228
51589,Danzy Boy,0.011905117280642523
51589,Knockmore Prince,0.07531656233272405
51589,Gimmieminnie,0.03166901845724054
51590,Hightimeyouwon,0.24278054977135177
51590,Exquisite Acclaim,0.2687912891231657
51590,Tarsus,0.01891600318132346
51590,Heart Of Darkness,0.20683879680755685
51590,Anvika,0.06256968955343424
51590,Volatile Analyst,0.1326635306097483
51590,Dynamic Force,0.06744014095341956
51591,Ciotog,0.2781624019734296
51591,Drifts Away,0.3364357806984848
51591,Unreal Connection,0.14924768337341546
51591,Persian Phoenix,0.005249598670458072
51591,Arika,0.12170091524432668
51591,Voltaic,0.07646372062337684
51591,Rising Force,0.03273989941650839
51592,Nezeeh,0.04633957886318538
51592,Sporting Hero,0.09237587572586205
51592,Dream Today,0.05863343752084963
51592,Mint Man,0.005194645224415422
51592,Sarmiento Power,0.03499206734950026
51592,I'm Spartacus,0.11091943865061187
51592,Velvet Skies,0.019041646016238475
51592,Jazzy Dancer,0.051908544862713034
51592,Tommy McJohn,0.08705243963158418
51592,Shelbourne Flyer,0.04615516595055892
51592,Jackie Brown,0.2740596389835373
51592,Task Ahead,0.051738453654857304
51592,Hasiyna,0.10797925693618568
51592,Hezahunk,0.013609810629900724
51593,Northwest Passage,0.04794865970241015
51593,Minelone,0.06075439132275168
51593,The Outlaw,0.4283143036745688
51593,Squires Treaty,0.011787949352022925
51593,Montbeliarde,0.24143969927288164
51593,Mr Ubiquitous,0.14010915007325153
51593,Almutraf,0.06964584660211331
51594,Chola Empire,0.05560738641065757
51594,Havana Force,0.06953217736469973
51594,Monopolise,0.23253349075567586
51594,Imperial Fighter,0.08096549900608548
51594,Soar Above,0.05522625184048744
51594,Willy Campbell,0.021684301326910682
51594,Midnight's Dream,0.10280242409603904
51594,Al Ameen,0.1445046829639314
51594,Clipsham La Habana,0.05155718898867893
51594,Enpassant,0.10745291214837832
51594,Blue Collar Lad,0.0352923484795852
51594,Fai Fai,0.04284133661887038
51595,Dream Voyage,0.10388951002303887
51595,Ardennes,0.028032210813187883
51595,Camera Shy,0.10896986886562601
51595,Trouble Man,0.058057757336816326
51595,Sergio Parisse,0.15740885335115895
51595,Rock N Roll Rocket,0.03681859104816404
51595,Distant Rumble,0.11384902088680081
51595,Oakley Boy,0.10580298075818624
51595,Charmoula,0.06135718952451099
51595,Em Four,0.04695535158207342
51595,Horus,0.1412231264057421
51595,Cracking Man,0.03763553940469431
51596,Oyamal,0.006356179154395935
51596,Vitruvian Dawn,0.0008027810285604151
51596,Inlet,0.03671382023155689
51596,Fiddlers Green,0.05473158517730678
51596,Mr Nugget,0.0862052296194507
51596,The Colorist,0.11248729596583916
51596,Spitfire Bridge,0.03838206294517762
51596,Alvesta,0.04716256294172641
51596,Fravanco,0.11795422677821978
51596,Avarice,0.049776979650470794
51596,Cornish Storm,0.23155269549222005
51596,Sneaky Blinder,0.14790751153501158
51596,Cosmic View,0.05137608812178546
51596,James Park Woods,0.01859098135827832
51597,Breccia,0.1734229671006641
51597,Sophar Sogood,0.15143374334067342
51597,A Tickatickatiming,0.04635545696671126
51597,Ephyra,0.1453818626606195
51597,Alex The Great,0.18362491607924178
51597,Desejada,0.08837006508460096
51597,Invincible Heir,0.036087440392658765
51597,Shaad,0.17532354837483022
51726,Thunder Roar,0.013668387399172702
51726,Myal,0.07036535899456119
51726,Empirestateofmind,0.015640171443393674
51726,Spirit Genie,0.035381561959147205
51726,Ocean Of Dreams,0.02390626369285157
51726,Tolstoy,0.10180437929504552
51726,Debora's Dream,0.03675500939753838
51726,Naepoint,0.06891598234838224
51726,Farasi Lane,0.03560494199320694
51726,Our Havana,0.041873124503792
51726,Arthur's Realm,0.06463598371377237
51726,Rhythm Master,0.012926626788789364
51726,Surrey Shadow,0.04885390083593314
51726,Cynosure,0.0854802288575552
51726,Helm Rock,0.04692869343952549
51726,Promethean,0.04658202843824762
51726,Rogue Encore,0.048759055535745804
51726,Pearl Eye,0.014328922741384063
51726,Look Back Smiling,0.09888946061513129
51726,Spirit Of Acklam,0.010413345556931753
51726,Pressure's On,0.07828657244989264
51727,Metier,0.002095030167070747
51727,Golden Rules,0.09760347757073902
51727,Tritonic,0.06034380490338056
51727,Jabbar,0.07886963054751102
51727,Who's Glen,0.26401544644443764
51727,Youthful King,0.04751900251849791
51727,Kamboo,0.1824228130324132
51727,Cool Party,0.10748370065903116
51727,Alrazeen,0.15964709415691872
51728,The Highway Rat,0.019440421678260662
51728,Go Athletico,0.00976213730451203
51728,Heavenly Power,0.16867574716404585
51728,Real Force,0.07264828071309483
51728,Keke,0.15530005226627136
51728,Betsen,0.03352685632663793
51728,Stag Night,0.06677894778482993
51728,Two Stars,0.1582341516469039
51728,Sporting Hero,0.0022602082032757336
51728,Sturlasson,0.02586700612434815
51728,Greatest Drama,0.07232508363881894
51728,Magical Vision,0.21518110714900057
51729,Real Dream,0.04327644946941233
51729,Max Mayhem,0.004173340508054525
51729,Balmacara,0.03384027170292903
51729,Teumessias Fox,0.08003150385099635
51729,Paradias,0.055691151836329916
51729,Mr Alan,0.07015210490387874
51729,Mount Atlas,0.16046301089289297
51729,Grey Cuban,0.06591295329566146
51729,Forceful Speed,0.0012606164709532736
51729,Ambiente Amigo,0.10108568454452517
51729,Andaleep,0.09739082685044831
51729,Killybegs Warrior,0.0327277353710042
51729,Lieber Power,0.10742124116222154
51729,Calumet,0.14657310914069213
51730,Galeron,0.018559006062740434
51730,Sean,0.02562321770578951
51730,Midnight Gun,0.06503885608814013
51730,Thunder Run,0.05257543082094148
51730,Two Tempting,0.0846523949284053
51730,Apiarist,0.07654242982019015
51730,Dual Identity,0.08559665685864642
51730,Orne,0.008365243131582838
51730,Lattam,0.03414975678464254
51730,Toimy Son,0.061648247839819904
51730,Whip Cracker,0.06155615376288745
51730,Fantastic Fox,0.0033050071619117444
51730,Mr Professor,0.0007956934454502164
51730,Magnum Opus,0.05451675061992856
51730,Oliver Show,0.06794431365302638
51730,Godwinson,0.07374130219424438
51730,Alpha Crucis,0.026443385859413394
51730,Native Warrior,0.058528957511734335
51730,Orandi,0.04375335006143164
51730,Beringer,0.016558791976999512
51730,Dashing Darcey,0.025141975742901237
51730,Old Cock,0.054963077969172616
51731,Bulldog Spirit,0.16444749599621186
51731,Arctic Fox,0.0015654036778745477
51731,Annexation,0.03251124940564554
51731,Monteria,0.03047019876406507
51731,Bashful,0.05190635791423588
51731,Destinado,0.04248370906575033
51731,Aim For The Moon,0.09519606732634171
51731,Book Of Life,0.0366584531567547
51731,Whatacracker,0.0029898762222204836
51731,Rock Armour,0.06850298360915305
51731,Marioento,0.07700199020540746
51731,Freddy Robinson,0.17716058095225226
51731,Bizarre Law,0.021978062253005037
51731,Kalikapour,0.02579366507824082
51731,Waistcoat,0.019834520379090077
51731,Muhib,0.0005938775942946346
51731,Life On The Rocks,0.04956539604138366
51731,Quick Away,0.022489218356972825
51731,Stoic Syd,0.07885089400109996
51732,Walbank,0.11658636639906407
51732,Amazonian Dream,0.12054811030551903
51732,Cajetan,0.09735065183461072
51732,Aramram,0.025413825164651432
51732,Al Barez,0.06013035690997938
51732,Rohaan,0.05433476228023351
51732,Change Sings,0.05060760816194
51732,Ararat,0.0820239279512269
51732,Tiger Crusade,0.09201320745160531
51732,Monsieur Beaulieu,0.08047203715220391
51732,Habooba,0.14357946060031238
51732,Harry Did,0.07693968578865323
51733,Titanium,0.036393347614864555
51733,Presence,0.19009626911282176
51733,Solomon,0.0066836050613783855
51733,Indigo Five,0.07461321554339762
51733,Letherfly,0.009511588834169906
51733,Akecheta,0.008780220764507695
51733,Evening Blossom,0.09119587911751775
51733,Sea Eagle,0.1263938882769116
51733,Apercu,0.1200318664712587
51733,Ob La Di,0.04854736692104661
51733,Fort Vega,0.15890698931495043
51733,No More Porter,0.01003845716121943
51733,Casanova,0.016109879091361672
51733,Catena Zapata,0.09883541736049997
51733,Goldrush Kid,0.003862009354093935
51734,Phone Tag,0.03350548514463092
51734,Chillhi,0.13298869101319935
51734,The Ganges,0.0026032943349952892
51734,Right Now,0.033259832906397856
51734,Rainwater,0.08008901197198923
51734,Laser Focus,0.0541753277049685
51734,See Paris,0.028816960904733416
51734,Miners Gamble,0.27118167991986464
51734,Kingmont,0.008107929829280153
51734,Young Fire,0.05314672179137154
51734,Powerful Response,0.036655488513075735
51734,Sisterandbrother,0.03481389372532028
51734,Night Bear,0.029522795435577332
51734,Distinction,0.10412950231606007
51734,Straya,0.0233226745608709
51734,Corsican Caper,0.016483820458143582
51734,Letmeseethecolts,0.012122474556303336
51734,Run Of Luck,0.045074414913217856
51735,Urban Road,0.13114095739356757
51735,Midnight Lion,0.2517978435200266
51735,Up The Jazz,0.09671697038565673
51735,The Dancing Poet,0.05170501396050779
51735,Mr Mistoffelees,0.13938333587843496
51735,Federated,0.20109566562417683
51735,Without Compromise,0.12816021323762936
51736,Arqoob,0.15801971605240658
51736,Knockbrex,0.05685629139654659
51736,Java Raja,0.19963627777549742
51736,Midnight Rumble,0.05290639331599709
51736,Sugar Road,0.1722950574827662
51736,Civil Law,0.028192326212038935
51736,Billiegee,0.07861891468243665
51736,Party Island,0.07984659301946395
51736,Enthused,0.06786061128516616
51736,Aiming High,0.10576781877768048
51737,Leinster,0.09523356313738128
51737,Nans View,0.13908294069413524
51737,Morse,0.030455566402825852
51737,Morning Logic,0.012271708654533834
51737,Bear Profit,0.1023227932385542
51737,Whimsy,0.11622463643611682
51737,Gangster Granny,0.029047429748456876
51737,Calzaghi,0.005090508353019597
51737,Quiz Test,0.0007877469827848113
51737,Lucky Out,0.06037416467627044
51737,Party Dress,0.05480325712669204
51737,Theophilos,0.017450447560512856
51737,Duke Of Leggagh,0.03530178338466724
51737,Tuba,0.009490348271204322
51737,Saffronandblue,0.16755690655671274
51737,Desert Friend,0.005185986790303111
51737,Forlio,0.08998336095484101
51737,Jurality,0.02933685103098767
51738,Bantz,0.23210971376772463
51738,Rose Of New Jersey,0.1374901489877211
51738,Herkeios,0.07276249008198694
51738,Sweet Cicely,0.19473253875507862
51738,Kilteel,0.19564490856333194
51738,Hashtagnotions,0.1672601998441568
51739,War Howl,0.08467256635186479
51739,Hot To Dot,0.23167341387756263
51739,Tuco Salamanca,0.21996765977486643
51739,Saxonia,0.12470368220110455
51739,Sorbus,0.04457403001231234
51739,Suzette,0.0732245267230757
51739,Blueandtangerine,0.13282150502704623
51739,Tarlac,0.019059130697899985
51739,Bad Habits,0.06930348533426733
51740,Twelfth Knight,0.06136666148888218
51740,Lady Celia,0.057146632415703565
51740,King's Crown,0.06337270312220884
51740,Oriental Prince,0.20376987364871518
51740,Just Ten High,0.11507392903475852
51740,Sir Maxi,0.15357746808336387
51740,Bellagio Man,0.041556017193003274
51740,Match Play,0.09254687310052273
51740,Nazca,0.033873550363880234
51740,Pockley,0.1777162915489616
51741,Starliner,0.05950350921633603
51741,Streak Lightning,0.06931033017990865
51741,Roaring Ralph,0.08853444167329849
51741,King's School,0.16909215413075282
51741,Rebecca's Girl,0.18016232767519538
51741,Blufferonthebus,0.043196417804091794
51741,Cusack,0.09139712009467177
51741,Tomorrow Day,0.1953613745959126
51741,Wyvern,0.10344232462983247
51957,Sonmarg,0.23174108854765596
51957,Radiant Angel,0.03118692219975475
51957,Thunderous Love,0.16256781909900192
51957,Zaman Daar,0.1517669003781524
51957,Papa Don't Preach,0.08456110645648135
51957,McCauley's Tavern,0.16311492727357102
51957,Calafrio,0.008514178620944956
51957,Enderman,0.06554122853083377
51957,Kohana Girl,0.008564121981315611
51957,Gypsy Nation,0.09244170691228823
51958,Mumayaz,0.13825207511111803
51958,Golden Pharaoh,0.13523689970093378
51958,Marsh Benham,0.14178073014641268
51958,Shaw Park,0.1835631750124597
51958,Mammy,0.09713863470957869
51958,Enpassant,0.08488632247103664
51958,Poetic Force,0.11824552802200768
51958,Ashford Hill,0.10089663482645278
51959,City Of Strangers,0.3051223718162306
51959,Rumba Bay,0.2918517700353191
51959,Art Of Fox,0.03900063276184761
51959,Monticristo Boy,0.024663642897629533
51959,Volcanic Dancer,0.014518873680375957
51959,Inconspicuous,0.019063963409664153
51959,Rinky Tinky Tinky,0.030666387899757768
51959,Olympic Melody,0.12497318184485202
51959,Dark Sorceress,0.12645842979289146
51959,Crangy,0.02368074586143191
51960,Maritime Lady,0.1430445524587576
51960,Cock And Bull,0.1604193906515606
51960,Saratoga Gold,0.07566892407983597
51960,Expressionless,0.21104703248897863
51960,Damascus Steel,0.16595206977323093
51960,Con Te Partiro,0.12511786775084188
51960,Tailorman,0.06117324835204304
51960,Buxted Too,0.057576914444751284
51961,Bohemian Breeze,0.18598963190472326
51961,Assured,0.18455209460407923
51961,Galileo's Compass,0.009344344387316352
51961,It's Tim,0.315478277232429
51961,Ten Ten Twenty,0.15280095666489166
51961,Cloudy Rose,0.04611053425385573
51961,Irezumi,0.10572416095270476
51962,Bint Al Daar,0.29196181740165894
51962,Yokkell,0.29759723036296687
51962,Noisy Jazz,0.25949587874951996
51962,Under The Twilight,0.0023305316432425623
51962,Bellarchi,0.1486145418426117
51963,Santorini Star,0.2564647515315633
51963,Zayina,0.21875375130669217
51963,Substitute,0.03241853529526445
51963,Lady Ridgewood,0.3099071404050453
51963,Manara,0.18245582146143483
51964,Emily Rebecca,0.12434397144813979
51964,Eleonora Gonzaga,0.01224624532337576
51964,Aurelius Maximus,0.2012300089264083
51964,Jester Queen,0.07874215691334013
51964,Hawkesbury Legend,0.22140129923411261
51964,Juanfortherhode,0.04055527924337332
51964,Baileys Value,0.10203744004740328
51964,My Candy Girl,0.0758187407858515
51964,Clipsham Noble,0.14362485807799538
51965,Adorla Of Achill,0.05218062802597161
51965,Al Waseela,0.1366425516047657
51965,Kebili,0.03439974277728893
51965,I'Ll Give It A Go,0.116195594198946
51965,Timeless Spirit,0.004898753993046633
51965,Lady Mariko,0.18278070721868986
51965,Cushty,0.02148162451374638
51965,Warm Glow,0.07785098397879293
51965,Crocodile River,0.08512572035824349
51965,Bay Of Dreams,0.20167566736973971
51965,Arinagour,0.06859091312175448
51965,Tootsie,0.018177112839014232
51966,Comedian Leader,0.0991986329444883
51966,Hellavapace,0.1315976589650931
51966,Edvard Grieg,0.21318708061843475
51966,Voltaic,0.06950960188944164
51966,Admiral Fitz,0.01374971933861602
51966,Cherry Hill,0.024650039630300352
51966,Havana Mojito,0.14557547818383093
51966,Spirit La Adelita,0.022208172609602905
51966,No News,0.017729756150021935
51966,We'renotreallyhere,0.09865984311100945
51966,Shop Local,0.055049413464432845
51966,Heer's Sadie,0.05406797044121586
51966,Rohilla,0.04442010493389839
51966,Boleyn Forever,0.01039652771961371
51967,Beach Point,0.4183548241828295
51967,Time Tells All,0.028406880803757247
51967,Bobacious,0.2856523805787526
51967,Jewel Maker,0.06475503001891238
51967,Double Red,0.009823939592366685
51967,Unplugged,0.029521053987553822
51967,Book Of Life,0.09271344070604526
51967,Flatley,0.01999709561121144
51967,Whatacracker,0.05077535451857095
51968,Roman Emperor,0.04322021485491687
51968,Lady In Havana,0.00775546118651414
51968,Silky Robin,0.009191041278548865
51968,Neptune Legend,0.11847246824344781
51968,Kranjcar,0.24235736251853834
51968,Anglesey Lad,0.3267619195615783
51968,Blue Collar Lad,0.19470826140396016
51968,Don't Fight It,0.018208973209495764
51968,Battle Point,0.0393242977429996
51969,Crown's Lady,0.31057325365847854
51969,Electric Avenue,0.07083239733302547
51969,Disclosure,0.25558790559065764
51969,Grovely Belle,0.14434644945038463
51969,Tambourine Dream,0.10481314110228836
51969,Boujee Gold,0.11384685286516542
51970,Angle Land,0.13899421359900557
51970,Gabriae,0.05428695425533807
51970,Moe's Legacy,0.19194686295987187
51970,Four Adaay,0.17550056023343252
51970,Rebel Star,0.3178491926797026
51970,Wedgewood,0.12142221627264935
51971,Artavian,0.2401816148246616
51971,Pysanka,0.23485692880851552
51971,Tapis Rouge,0.2736550051422845
51971,Educate,0.0718931515253957
51971,Blue Hero,0.17941329969914266
51972,Emaculate Soldier,0.27142460587027145
51972,Laser Focus,0.20782900391038636
51972,Sydney Seabreeze,0.18680231847895207
51972,Young Endless,0.06556593381300405
51972,Corsican Caper,0.10762093635865663
51972,Zooks,0.16075720156872944
51973,Baileys Jubilation,0.09368862071270259
51973,Nightbird,0.4201581299196232
51973,Radio Star,0.1616314779433342
51973,Startling,0.32452177142433997
51974,Diddy Man,0.05961861944015145
51974,Drafted,0.06625232571548485
51974,Pessoa,0.24942229092620502
51974,Bungle Bay,0.14377065802047065
51974,Alabama Belle,0.14005130276923772
51974,Diamondsinthesand,0.17194432205453072
51974,Too Much Trevor,0.05252057146645083
51974,Barney's Bay,0.058656620194404145
51974,Dynamite Katie,0.057763289413064585
53415,Doddie's Impact,0.03433789905138862
53415,Level Up,0.11131907210408735
53415,Rosenpur,0.26223577365521455
53415,Show Me Show Me,0.08681347811263922
53415,Havechatma,0.08666700768000357
53415,Desert Master,0.13546012956589865
53415,Basholo,0.1666815797232849
53415,King Of The Jungle,0.11648506010748308
53416,Skye Breeze,0.1500068478740399
53416,Timeless Charm,0.07710610555129174
53416,Caramay,0.15169324712657112
53416,Charlie's Choice,0.2194488317922525
53416,Humble Spark,0.13861388997220467
53416,Sharp Distinction,0.021310404127579355
53416,Hebridean Nomad,0.12512059067657152
53416,Nowhere,0.06442707000625578
53416,The Bay Warrior,0.052273012873233375
53417,King's Lynn,0.10407111214022094
53417,Amazonian Dream,0.1291831002936204
53417,Dyrholaey,0.26831972200429494
53417,Rohaan,0.14098082396770828
53417,Glorious Angel,0.04259888965965869
53417,Zero Carbon,0.05211597438458861
53417,Badri,0.05272861558515974
53417,True Promise,0.151161260392162
53417,Golden Strike,0.0588405015725863
53418,Doublethetrouble,0.24459474474447565
53418,Corsican Caper,0.17156252887323592
53418,Dark Mystery,0.149820320558664
53418,Star Legend,0.3821272282502274
53418,Blue Sky Boy,0.04318830550856476
53418,Further Measure,0.005023022483452713
53418,Quercus Robur,0.0036838495813796297
53419,Kodi Red,0.0733990805694334
53419,Shaw Park,0.03916851011085838
53419,No Saint,0.36859709474671937
53419,Tea Sea,0.17214148510201743
53419,Woodleigh,0.063904432688845
53419,Reputation,0.16616924097912283
53419,Embarked,0.026128243891212807
53419,Fistral Beach,0.0904919119117909
53420,Cliffcake,0.2695624723363484
53420,Harry Magnus,0.026396681352488263
53420,Soames Forsyte,0.2179140307790129
53420,Overnight Oats,0.3326842990736323
53420,Thanks Dad,0.04748122652605776
53420,King Of York,0.032152612931139954
53420,Available Angel,0.07380867700132047
53421,Almodovar Del Rio,0.09411813462002028
53421,Flying Star,0.08457674736749912
53421,Nubough,0.015865571267241894
53421,Windsor Pass,0.20457926739285265
53421,Edvard Grieg,0.19718304081778087
53421,Doves Of Peace,0.052454928061136864
53421,Lord Danielson,0.24178961448074132
53421,Mashaan,0.10943269599272708
53422,Rainyniteingeorgia,0.08969638004707181
53422,Angle Land,0.16454223366093737
53422,Rebel Path,0.27197091754314445
53422,Thunder Star,0.07639189220677617
53422,Secret Mistral,0.12933646475970256
53422,Miggy Magic,0.2680621117823676
53423,Navarre Special,0.13956308200150835
53423,Orlando Magic,0.027458440956885287
53423,Love Rock,0.11589220251265182
53423,Top Biller,0.13158423414843987
53423,Sunny Time,0.1896070521084313
53423,Kameko Spirit,0.2808435364853426
53423,La Mer Grise,0.11113016279973215
53423,The Magic Turtle,0.003921288987008657
53424,Samra Star,0.2841120770369128
53424,Urban Sprawl,0.2231230568694199
53424,Arcadian Nights,0.08761064037331526
53424,Dayzee,0.014261150187657997
53424,Running The Game,0.044740300258888734
53424,Forca Timao,0.0010048002354153148
53424,Aiming High,0.1312036951523695
53424,Palazzo Persico,0.11305891668325806
53424,Rainwater,0.10088536320276244
53425,Billy McGarry,0.06133373106050519
53425,United Force,0.10555182003583227
53425,Genta,0.03787338686524485
53425,Artificer,0.11311935488340777
53425,Reverberation,0.0008991994970384399
53425,Cherry King,0.3011881897119146
53425,Wrath Of Hector,0.08391896996240396
53425,Devilwala,0.03008000665581214
53425,Venus Slipper,0.26603534132784085
53514,Al Mudhaffar,0.04262966322887788
53514,Hartswood,0.08047497872817864
53514,Warning Sign,0.03687975742333204
53514,Poet's Dawn,0.043769000652003856
53514,Yeoman,0.07752585098254548
53514,Angel Of England,0.009495899452749472
53514,Love Your Work,0.037674139940699264
53514,Serenity Dream,0.060164143243350676
53514,Havana Prince,0.1375068617986475
53514,Calanthe,0.04733921453001777
53514,Crownthorpe,0.004563947370550049
53514,Petra Celera,0.022088978475812763
53514,Cathedral Peak,0.040456767175798894
53514,Liberated Lad,0.04327214587280115
53514,Amaysmont,0.03782647815865672
53514,Zous Juice,0.0401164066659421
53514,Absolutely Buzzing,0.01971713714461929
53514,Addosh,0.07526371543657298
53514,Al Suil Eile,0.011569685125326901
53514,Rising Force,0.05362733471900481
53514,Mr Jetman,0.07803789387451185
53515,Modern Utopia,0.1673452962489117
53515,Pantile Warrior,0.16877750512647208
53515,Chartwell Jock,0.4624504148916112
53515,Mersea Island,0.07739949213302108
53515,Many Men,0.09129576534850836
53515,Maywedance,0.03273152625147566
53516,Glenfinnan,0.04554744381129738
53516,Coachello,0.01242574736467035
53516,Billyjoh,0.10370242419483401
53516,Bosh,0.02986694926092919
53516,Aramis Grey,0.04360462800749999
53516,Fine Interview,0.10057304295549299
53516,Eye Of Dubai,0.03634381208176802
53516,Probe,0.04513355938173073
53516,Knebworth,0.03540566872524001
53516,Tinto,0.03315947628814159
53516,Woven,0.04197503468897176
53516,Dark Thirty,0.06967250388092625
53516,La Rochette,0.03380855487655293
53516,Physique,0.11454347202985347
53516,Archduke Ferdinand,0.08238556371377484
53516,Chairmanoftheboard,0.08041776234374665
53516,Albert Cee,0.015834365687423427
53516,Havana Pusey,0.02023093981193239
53516,Trilby,0.055369050895214045
53517,Stressfree,0.08789150205468681
53517,Laafy,0.06858796814559376
53517,Fouroneohfever,0.07747553280032855
53517,King's Code,0.014824319393194955
53517,Magico,0.14931742572614895
53517,Chaturanga,0.030456629950889352
53517,Qitaal,0.03062852581950805
53517,Rathgar,0.08038142596632812
53517,Asgard's Captain,0.06557324733399297
53517,Royal Approval,0.15296175214853028
53517,Whiskey Pete,0.017408896944298445
53517,City Of Delight,0.11722998053754309
53517,Have Secret,0.06793624336195275
53517,Baryshnikov,0.027086694498317562
53517,Crimson Road,0.006280693260871216
53517,Cockalorum,0.005959162057815096
53518,Glen To Glen,0.005000466657120797
53518,Galveston,0.08766948785968377
53518,Lady O,0.03897300804783831
53518,Serious Contender,0.2565825638715336
53518,Just Before,0.032326916990676136
53518,Dahlia Noir,0.06480765472229688
53518,Light As Air,0.10127401133158981
53518,Berto Ramirez,0.028579167517577574
53518,Sunriseontheboyne,0.05822664461869837
53518,I'll Be Handy,0.03262660240907325
53518,Sugar Club,0.10188558939234163
53518,Mocking,0.05903021909836483
53518,You Are Mine,0.018544398430308768
53518,Birdie Time,0.03435952762306353
53518,Flynn Ryder,0.029186094487711884
53518,Georg Zhukov,0.05092764694212067
53519,Warm Spell,0.015339067109585538
53519,Circe,0.05267932296026548
53519,Metaverse,0.1806444443320762
53519,Woodstock,0.11426991197860277
53519,Stanage,0.03229450476085709
53519,Madame De Sevigne,0.1686670506491186
53519,Under The Twilight,0.04054287622301856
53519,Yantarni,0.05626929606645674
53519,Society Lion,0.03471696173297372
53519,Daring Legend,0.1024666841531168
53519,Vibrato,0.0584645908789603
53519,Chuzzlewit,0.05065640341393919
53519,Golden Pharaoh,0.030933671518862713
53519,Outrun The Storm,0.06205521422216637
53520,Bucaneer's Spirit,0.13220197924475027
53520,Derry Lad,0.08405565491158208
53520,Artful Approach,0.05572947987686337
53520,Expound,0.03166448445466235
53520,Counterculture,0.07401355565926843
53520,Migdam,0.020038006428908742
53520,Mythical Rock,0.01048501308211497
53520,Zipster,0.14942739637885807
53520,Dark Viper,0.1379658678931714
53520,Encosta,0.0529403904563874
53520,Rampage,0.03266994261053189
53520,Chavajod,0.057892197661776654
53520,Neo Smart,0.04414954825735566
53520,Thrifty Of Digby,0.0509181862969928
53520,Dont Do Dramas,0.011788227155859119
53520,Maharajjah,0.05328383040286196
53520,Sub Rosa,0.0007762392280548043
53521,Habrdi,0.0391793787205343
53521,Dapper Valley,0.13200743787026414
53521,Liamarty Dreams,0.06139939180305884
53521,Zip,0.08936539676967087
53521,Alzahir,0.06186187468321289
53521,Imperial Guard,0.09659038467540693
53521,Dolce Courage,0.047604903680074105
53521,Bubbles Wonky,0.059346490613966026
53521,Another Investment,0.011192892330561583
53521,Tropez Power,0.026042374850427385
53521,Grabajabba,0.13369027875596293
53521,Stockpyle,0.0473674751871329
53521,Onemorenomore,0.10338056145430492
53521,Mereside Madness,0.04845537756962423
53521,Jenni,0.042515781035797784
53522,Brains,0.02567345044606961
53522,Si Senior,0.00730102058274657
53522,Eastern Wind,0.1313032774876117
53522,Genuine Jim,0.03895231046639264
53522,Mogwli,0.09109803617618828
53522,An Laochmor,0.0025170763284692167
53522,Asisaid,0.13283026089357308
53522,Storm Eric,0.0023373386092678133
53522,Master Garvey,0.13518422211900039
53522,Seas And Oceans,0.12081523524379476
53522,Browned Off,0.042471433908589026
53522,Top Of The Pops,0.0027217109470622012
53522,Saxon Kingdom,0.002415359527259878
53522,Dancing Bay,0.0433460068011154
53522,Swiss Army Officer,0.06997881165416699
53522,Onemoredance,0.07262933740793441
53522,Albion Princess,0.0023924592770974834
53522,Clever And Classy,0.052585525724495936
53522,Clarabell,0.0025905349168498003
53522,Feature This,0.020856591482314873
53523,Abate,0.04727339039376018
53523,Keldeo,0.09633009383503018
53523,Knicks,0.045266460611891414
53523,Glory Hyde,0.0491076191252812
53523,Project Dante,0.13917545979720744
53523,Zuffolo,0.0495458516964726
53523,Thunder Star,0.04974579685635767
53523,Mattice,0.026756294354013513
53523,Glory Fighter,0.05555609248831055
53523,Dandy Dinmont,0.02337177873827389
53523,Bear Rock,0.003991154793807268
53523,Toptime,0.11294263293723035
53523,Happier,0.09016479342036074
53523,Classy Clarets,0.09808177441194663
53523,Gustav Graves,0.03567697414020019
53523,Opal Storm,0.010272163339923078
53523,Little Muddy,0.06674166905993302
53706,Lethal Nymph,0.13991761695318994
53706,Cloud King,0.21328337882245094
53706,Night On Earth,0.06177351978358961
53706,Hedge Fund,0.00618386357811002
53706,Arecibo,0.048542407742885964
53706,Ingleby Archie,0.0604449653062051
53706,Cash In,0.05172688549579499
53706,Reigning Profit,0.21730898844500718
53706,Fenlander,0.20081837387276621
53707,Zoulu Chief,0.03737241750365737
53707,Blind Beggar,0.09469984972645258
53707,Duran,0.27445771537640823
53707,Rebel Empire,0.03577461909587164
53707,Good Earth,0.07909878742715862
53707,Jenever,0.0847635232336921
53707,Blue Day,0.09482004160641158
53707,Isle Of Lismore,0.028922736047985103
53707,Fletcher's Flight,0.2700903099823628
53708,Molinari,0.4522893172898237
53708,Show Biz Kid,0.1040336242670651
53708,It's A Love Thing,0.10088752240300373
53708,Prince Achille,0.15837457350763043
53708,Eeetee,0.04773240803963983
53708,Highwaygrey,0.09205585961428375
53708,Dandy's Angel,0.04462669487855357
53709,On The River,0.1433811912588729
53709,Theme Park,0.008964061494066155
53709,Superposition,0.07334720504720296
53709,Borgi,0.16978720301779884
53709,Zoffandia,0.4318584375023007
53709,Partisan Hero,0.05443425231354465
53709,Leadenhall,0.1182276493662137
53710,Talis Evolvere,0.10677024972199067
53710,Toimy Son,0.1781769154526513
53710,Son,0.11195499700311114
53710,Great Acclaim,0.16540370258783157
53710,Brasil Power,0.08441086181086727
53710,Mythical Guest,0.012082415545502604
53710,Yantarni,0.11048877586642164
53710,Longhaired General,0.1129182063381193
53710,My Cloud,0.10734414887173488
53710,Lunario,0.010449726801769584
53711,Zip It Up,0.04743181325860903
53711,Rock Opera,0.17645572740095541
53711,Wreck It Ryley,0.09142881181236943
53711,American Bay,0.14090404224959913
53711,Kats Bob,0.24744695687798504
53711,Kodiac Thriller,0.12221214037649933
53711,Mister Sox,0.17412050802398263
53712,She Went Whoosh,0.10464640029216306
53712,Prince Of Joy,0.13094586637002933
53712,Royal Accord,0.2080407378123875
53712,Up The Anti,0.06819078257064816
53712,Off The Bench,0.12005231701819577
53712,Dreambird Dolly,0.19137462919274123
53712,Watkins,0.1094979162133619
53712,Bluesy Moon,0.06725135053047311
53713,An Bradan Feasa,0.26603637072203584
53713,Chillhi,0.0679879036135491
53713,Pride Of Nepal,0.06828214331188044
53713,Meet Me In Meraki,0.04812574980634528
53713,Red Force One,0.061836889929832585
53713,Addosh,0.049278154144020044
53713,Mrs Meader,0.041609185422322975
53713,Persian Phoenix,0.14852431644395325
53713,Bloodhound,0.21464087654684041
53713,Return With Gold,0.033678410059219836
53714,Good Eye,0.033619044550509805
53714,Spring Festival,0.07206044877194372
53714,Odd Socks Havana,0.18645394687768885
53714,Mickey Mongoose,0.01169557251208803
53714,Penny Ghent,0.13290272831302105
53714,First Encounter,0.08801857890664593
53714,Likeashadow,0.02733915757046833
53714,Tiberio Force,0.11791135610266403
53714,Top Gun Tina,0.09051418622954431
53714,Anificas Beauty,0.14175030609645478
53714,Curious Mrs Fox,0.09773467406897099
53715,Packetofbiscuits,0.44908326018141603
53715,Mandana,0.2042125760421798
53715,Bintjan,0.20635616964616293
53715,Play Me,0.14034799413024115
53716,Lednikov,0.09442411414745824
53716,Nivelle's Magic,0.08180502305229956
53716,Mr Zippi,0.007526034455988142
53716,Letmebetheboss,0.13763786142160225
53716,Desiderata,0.24298861002182412
53716,This Time Maybe,0.070419084191979
53716,Ring Fenced,0.010336690854572594
53716,Pittsburg,0.04326781682775057
53716,Forest Haze,0.14384413896894968
53716,Chantilly Moon,0.09025134311640395
53716,Indian Romance,0.01927420417966177
53716,Velvet Vulcan,0.0011660496301469144
53716,Disquietude,0.05138553904419121
53716,Break Point,0.005673490087171798
53717,Hawa Jumeirah,0.08962936800982141
53717,Arenas Del Tiempo,0.06138722747176236
53717,Fighting Poet,0.1654324075520318
53717,Mrembo,0.19982999334805923
53717,Light Up Our Stars,0.2115895183948704
53717,Voix De Bocelli,0.03534218413215997
53717,Big Narstie,0.11451872078687275
53717,Edergole's Gift,0.12227058030442207
53718,Otago,0.07477643210342702
53718,Blenheim Star,0.46086658575020756
53718,Graffiti,0.06650111468309827
53718,Local Bay,0.1325579898543184
53718,Waleyfa,0.2096752215581789
53718,That's For Sure,0.05562265605076989
53719,Brinton,0.13404825630794756
53719,Copper Mountain,0.16268910999090075
53719,Quick Away,0.09208776422950476
53719,Ya Rayah,0.0845446704511815
53719,Spirit Of Bowland,0.10633332628355321
53719,Global Resolve,0.02945486365453901
53719,Muddagent,0.019005707114296274
53719,Masham Moor,0.02089950945211315
53719,Timebar,0.2680306811355051
53719,Beautiful Dawn,0.012180668790822089
53719,Crowd Quake,0.07072544258963663
53720,Amathus,0.051598231552652626
53720,Thanks Dad,0.052085310175202196
53720,Neptune Legend,0.10229377774848238
53720,Kranjcar,0.3146877089747004
53720,Sam's Hope,0.056318058531387286
53720,Lion Ring,0.1241259059555323
53720,Voltaic,0.17534531598554862
53720,Bear To Dream,0.07540629182400697
53720,Invincible Navy,0.03889028960460782
53720,Balmy Breese,0.009249109647879443
53721,Back From Dubai,0.1455499270942026
53721,Specialist View,0.15557195776407784
53721,United Force,0.11222298339481165
53721,American Star,0.04767069293303898
53721,Dash Power,0.07240747354733582
53721,Fifty Sent,0.17230956521378674
53721,Ocean Odyssey,0.150123810269176
53721,Juan Cool Dude,0.00890254302835747
53721,Cracking Filly,0.05173229131757009
53721,Mr Slicker,0.07241217544570412
53721,Eagle Landed,0.011096579991938523
53722,Maid In Chelsea,0.02292387141316427
53722,The Thames Boatman,0.1543457002267221
53722,Northcliff,0.0485785017109046
53722,Mumayaz,0.2122447643086981
53722,Mojomaker,0.23190457146797683
53722,Get Jiggy With It,0.13149588105702134
53722,Secret Handsheikh,0.19850670981551277
53723,Mwafaq,0.15453597595256788
53723,Adversary,0.1130634329276907
53723,Yorkshire Myth,0.08580697387256649
53723,Dovey Moon,0.36763081235754935
53723,Live Each Day,0.13452596858356455
53723,Classic Cause,0.021996792973903567
53723,Promise Time,0.010805206138544231
53723,Cider Bob,0.11163483719361315
53724,Dreams Adozen,0.19715203484720983
53724,Justus,0.040124167992519985
53724,Juan Bermudez,0.012558524062413966
53724,Immelmann,0.13033980079536645
53724,Scotland The Brave,0.241687893038006
53724,Golden Flame,0.2512402656174108
53724,Hardy Bloke,0.12689731364707282
55187,Antiquity,0.3434858377862004
55187,National Voice,0.005021323883298425
55187,Sweet Cicely,0.1400684384612115
55187,Rosco Rogers,0.001855942805227875
55187,Salaria,0.0397397777809709
55187,Sopelana,0.2031413511277325
55187,Flaine,0.1752957710750933
55187,Return With Gold,0.03682623037232669
55187,General Gordon,0.054565326707938434
55188,Flying Scotsman,0.3487199411612799
55188,Pilgrim Of Culture,0.0627900438024676
55188,Opticality,0.0020414511955895217
55188,Yakhabar,0.09863643037981001
55188,Letmeseethecolts,0.18296294949879396
55188,Typewritten,0.0865589853360682
55188,Star Of Markinch,0.08539590126241556
55188,Duchess,0.11367794442845988
55188,Cage Rattler,0.019216352935115318
55189,Our Absent Friends,0.10688342675656023
55189,Strong Johnson,0.13091196170701574
55189,Winter Crown,0.05049252159117177
55189,Buzz Box,0.20967851612537255
55189,Cast No Shadow,0.143959557886675
55189,Darlo Pride,0.1259279028083186
55189,Wrestling Revenue,0.12122174528166646
55189,Sugar Baby,0.07804803609853458
55189,Ramon Di Loria,0.032876331744685135
55190,Al Baahy,0.1557208584549287
55190,Drakeholes,0.14307246353234096
55190,Lumenbourg,0.03394688758241475
55190,Pallas Lord,0.26654804569068125
55190,Odd Socks Havana,0.09337155777226964
55190,Bitacora,0.02584303724424013
55190,Our Dagger,0.02326978926029036
55190,Yaahobby,0.1123310333360751
55190,Top Gun Tina,0.14589632712675918
55191,Momaer,0.30133917794712317
55191,Hierarchy,0.05342378353833481
55191,Muscika,0.07488943669884411
55191,Kitaab,0.005249949911050107
55191,Respectful,0.03365287234042723
55191,Sibyl Charm,0.15247524727468903
55191,Bellagio Man,0.07609253899357758
55191,Tickets,0.3028769932959539
55192,Paris Lights,0.09710341880049742
55192,Cusack,0.18768820985044252
55192,Mambha,0.038601354436466985
55192,Bird Of Play,0.025076268924320327
55192,Wyvern,0.13409259025462364
55192,Volenti,0.30014364908965263
55192,Royal Blaze,0.006421157381135119
55192,Rebecca's Girl,0.14147038069576184
55192,Drafted,0.06940297056709957
55193,Lyle The Crocodile,0.0808321368980107
55193,Brigid's Cloak,0.1587878150910134
55193,Alishba,0.044384094917351215
55193,Wellwhatshappenin,0.01376624330970555
55193,Esque Elegance,0.17023068725171225
55193,Merchants Arch,0.05820921266486528
55193,Eric Lock,0.047679926294260024
55193,Movin And Groovin,0.26581079764085985
55193,Senior Montecristo,0.08347890634148644
55193,Hooz In Court,0.011350339328397066
55193,Legendsoftheland,0.019067359848186086
55193,Roaming Eyes,0.044204890882299494
55193,Hi George,0.0008167623440531121
55193,Star Allure,0.0013808271877994065
55194,Court Drive,0.10810268536910801
55194,Em Jay Kay,0.06787518744776945
55194,Call Glory,0.11374378491289769
55194,Wee Fat Mac,0.3575646850635849
55194,Fortunate Star,0.11359129097051474
55194,Arc Shadowfax,0.09225082258281096
55194,Man On A Mission,0.09858638032363964
55194,Jesse Luc,0.002026164669844588
55194,Vivency,0.04625899865982984
55195,Robusto,0.12727467277653093
55195,Pleasant Man,0.0016188860716813385
55195,Nibiru,0.1121897760753835
55195,Optician,0.3735617971167237
55195,Sir Geoff Hurst,0.11300256033449403
55195,Educator,0.01647826757773836
55195,Swinging London,0.12476661065787159
55195,Percy Willis,0.13110742938957648
55196,Dynamic Force,0.09339642299316946
55196,Zipster,0.044548288949474005
55196,Punk Poet,0.019018202593758516
55196,Tribal Moon,0.09530697615407259
55196,Morning Approach,0.0489354166269765
55196,Comfort Line,0.08668907399918889
55196,Elegant Madame,0.01454210143013086
55196,Fivecromwellplace,0.0943809739705588
55196,Ransom,0.0009049442187441325
55196,Free Solo,0.15610649387688463
55196,Nedita,0.20858203882333487
55196,Brains,0.023992182721236276
55196,Cousin Shay,0.10553925703387114
55196,Nika Pika,0.00805762660859954
55197,Doctor Grace,0.07045271291797257
55197,Shining Aitch,0.0359601824819145
55197,Si Senior,0.0444241877341258
55197,Reclaim,0.20717174830879007
55197,Ranko Express,0.19099571724105988
55197,Snag It,0.006629042012591342
55197,Chopsticks,0.002474930542565663
55197,Is She Now,0.001642543008830509
55197,Gear Flat,0.05631393732957511
55197,Hialeah,0.1050772810865058
55197,Together Aclaim,0.09083874148140318
55197,Wayside Lady,0.0011559299311553234
55197,Darkened,0.1868630459235103
55198,Not Me,0.14949476927521763
55198,The Cookstown Cafu,0.05767378743128852
55198,Warren Hill,0.10681132445269971
55198,Master Of Combat,0.10364167851767307
55198,Commander Of Life,0.08725673159460612
55198,Mr Mistoffelees,0.13238180455917847
55198,Dawn Of Liberation,0.045018984640094156
55198,Kingdom Of Time,0.08820014459238047
55198,Youarenotforgiven,0.06573274197897055
55198,Joolianoss,0.16378803295789127
55199,Tiger Crusade,0.15725476426701013
55199,Brasil Power,0.14388616993725115
55199,Diamondonthehill,0.07876331403077153
55199,Mitrosonfire,0.10931908408941386
55199,Ziggy's Condor,0.12482255917178274
55199,Legal Reform,0.11892430276659442
55199,Abruzzo Mia,0.07061268682810423
55199,Wilde And Dandy,0.1964171189090719
55310,Kurimu,0.0816661761737666
55310,Alafdhal,0.10752874169508528
55310,So Grateful,0.24572429435212803
55310,Drafted,0.06496678325959472
55310,The Cola Brasil,0.10353257916683088
55310,Nevernay,0.049308969164652224
55310,Under Curfew,0.09480005691936384
55310,Monsieur Fantaisie,0.08193543521012307
55310,Global Effort,0.0771780218438774
55310,Doves Of Peace,0.04979228048627478
55310,Banana,0.043566661728303126
55311,Cosmos Raj,0.06135551390963803
55311,Star Pupil,0.2507063400741721
55311,Ciotog,0.08831064884490268
55311,Pursuit Of Truth,0.12900506719597937
55311,Harlem Nights,0.10544073358192013
55311,Tea Sea,0.13103674963402642
55311,Prince Ali,0.23414494675936123
55312,Wadacre Gomez,0.08225162906556598
55312,Mr Baloo,0.24858117827164056
55312,Silent Age,0.08711904207497218
55312,Lordsbridge Blu,0.08266386286812237
55312,Sari Dubai,0.049096064229829484
55312,Perfectly Timed,0.09389019023720804
55312,Son Of Man,0.05684993190157811
55312,Eagle Day,0.155926952354783
55312,Charlie's Choice,0.11980023850873403
55312,Oslo,0.023820910487566307
55313,French Haven,0.09256090699304673
55313,Yes Honey,0.011206396014698737
55313,Pink Petunia,0.19786752475303368
55313,Pine Cliffs,0.1029046896166885
55313,Telecommunication,0.12030842755751998
55313,West Wickham,0.07055614315169063
55313,Antelope,0.10450920094652824
55313,Commander Flavius,0.045661912751013826
55313,Flaine,0.07292797763559203
55313,Romantic Spirit,0.18149682058018773
55314,Alex The Great,0.3303550586436885
55314,Daaris,0.0595670702843776
55314,Cloudside Rock,0.18410461456471564
55314,Khangai,0.14389349711363683
55314,Moon Over The Sea,0.16555443689927823
55314,Man Of Riddles,0.061528539701097194
55314,Gold Souk,0.054996782793205835
