Race_ID,Horse,Predicted_Probability
58,Signora Bellissima,0.024003805212915386
58,Sonnerie Power,0.024930305248151433
58,Ribba Hill,0.04060441746863862
58,Orange N Blue,0.061276296130156456
58,Ever Hopefull,0.17017776878319185
58,Percy Willis,0.17223434129745302
58,Hartswood,0.0897491917881096
58,Urban Road,0.03425530787131492
58,Alpine Sierra,0.16675029364019725
58,Midnight Lion,0.10840744558871944
58,Life On The Rocks,0.10761082697115197
59,Fleurman,0.1542295723740169
59,Cello,0.22196718978625832
59,Dreams Adozen,0.16113555578628394
59,Hedonista,0.23016255084140838
59,Something,0.22701027865787046
59,Quercus Robur,0.005494852554162145
60,Albasheer,0.16289833278999344
60,Saint Lawrence,0.08808432032339988
60,Malc,0.0914929498960576
60,Juan Les Pins,0.01884406299355849
60,Amazonian Dream,0.12979941346108917
60,Fire Demon,0.14257326941046167
60,Rohaan,0.05181611107577199
60,We Never Stop,0.14476895334079146
60,The Caltonian,0.09291071755376953
60,Secret Guest,0.07681186915510675
61,Popmaster,0.21497708915363914
61,Symbol Of Light,0.02944535249151311
61,Qazaq,0.11224268106335986
61,Blue Prince,0.07710383153444647
61,Empirestateofmind,0.03263438100084453
61,Apiarist,0.2921240108134374
61,Storm Star,0.24147265394275946
62,Dicko The Legend,0.09056678538110352
62,Showtime Mahomes,0.09430312539503599
62,Novak,0.052018489334074054
62,Blackjack,0.026748979289656628
62,Moyola,0.03345588334747742
62,Too Much,0.14075248591890713
62,Rory,0.09259396331776365
62,Howzak,0.07465872494471026
62,Profit Street,0.06026611254331804
62,Kats Bob,0.1049739754852349
62,Wee Fat Mac,0.0921128170714618
62,Bellagio Man,0.13754865797125645
63,Papa Don't Preach,0.03682504377503924
63,The Gay Blade,0.09907479085552698
63,King Of The Jungle,0.2548811267221001
63,Show Me Show Me,0.2355273084135493
63,Stone Of Destiny,0.035755418179147215
63,Hard Nut,0.10721097124259847
63,Doon The Glen,0.1108070811076453
63,Rockley Point,0.01383592879579142
63,Elzaal,0.10608233090860204
64,Jamie Bond,0.08041360639698537
64,Masterclass,0.08635750772472428
64,Rogue De Vega,0.16481136318633494
64,Oriental Prince,0.1992949239975066
64,Three Beauz,0.10553587849422691
64,Piperstown,0.05392635651503502
64,Pockley,0.17761454667364984
64,Shatin Venture,0.13204581701153723
169,Urban Road,0.04060882049631254
169,Toby Tops,0.12798884382762812
169,Alpine Sierra,0.1436974181847548
169,Blue Yonder,0.23734127499757515
169,Royal Observatory,0.0541294190284189
169,Socialist Agenda,0.2081809944170549
169,Busby,0.18805322904825558
170,Felix,0.0590530531751804
170,King's Code,0.08237187681463545
170,Wadacre Gomez,0.04800723637402729
170,Metallo,0.19926792406043958
170,Tides Of War,0.09460571874251775
170,Cynosure,0.07457010383935912
170,Civil Law,0.033517295156163494
170,Smart Hero,0.2172095056515219
170,Eagle Day,0.08527294712157032
170,Hitched,0.10612433906458472
171,Frankies Dream,0.17590992068993289
171,Mum's Called,0.10976468508767924
171,Helaali,0.11916231011002981
171,Goldrush Glory,0.09279778680940134
171,Lima Sierra,0.062251190513386186
171,What What What,0.1622642098356811
171,Causin A Commotion,0.2778498969538894
172,Unification,0.05895798181150968
172,Forest Spirit,0.17435619448265133
172,Albert Lasker,0.19451296444526145
172,Arc Zoosve,0.14449129363793412
172,Balgowan,0.006424670417655705
172,Scylla,0.07916159638249108
172,Sophosc,0.11422087855769013
172,Black Smoke,0.12123165754781426
172,Anticipating,0.006776430091469203
172,Mamdoh,0.09986633262552307
173,Royal Alliance,0.14108555944984325
173,Molveno,0.3871483664917516
173,Studious,0.3744760017014308
173,Joseph,0.09729007235697433
174,Jonny Garlic,0.253263447540109
174,The Kamikaze King,0.08649162734213771
174,Backer Bilk,0.02199509069695886
174,Manton Road,0.20093887144862846
174,Leading Star Girl,0.0940072797397224
174,Spinning Dancer,0.020074772699804663
174,Galette,0.04852799901700811
174,Magna,0.09021572671207909
174,Ballarat Bertie,0.18448518480355178
175,Three Beauz,0.1875882973678157
175,Street Life,0.06975557842255992
175,Latin Five,0.07357730606208542
175,Lady Of The Garr,0.03939760204996352
175,Phoenix Star,0.1112875520881685
175,Stroxx,0.09576474435855269
175,Spanish Angel,0.10124941673235947
175,Henery Hawk,0.1428282725860694
175,Stallone,0.046465342149216854
175,The Princes Poet,0.03124376319640299
175,John Kirkup,0.10084212498680563
176,Ignition,0.199219849729425
176,Freak Encounter,0.05902634226975064
176,No Release,0.09203408619805376
176,Perfect Parole,0.08910504805854057
176,Cuda Been A Rowlex,0.15629655400070605
176,Jimmy Henry,0.09721282931297758
176,Eva's Eyes,0.13786662138900435
176,Bird About Town,0.13670523298537532
176,No Gain,0.03253343605616677
177,Sax Appeal,0.07274759189402553
177,Aikhal,0.04251322234038057
177,Turner Girl,0.10074062871462951
177,Spectacular Style,0.09738087358425301
177,Green Team,0.1262110683296111
177,Paradoxical,0.1870894447822476
177,Kalikapour,0.12526721914681777
177,Incan Empire,0.10516344460952555
177,Cloudside Rock,0.10675045451490295
177,Rock Armour,0.03613605208360653
178,Swiss Ace,0.15079368564321805
178,Quandary,0.22766312365010719
178,Novak,0.09526517101066706
178,Outrun The Storm,0.08705280159898028
178,Royal Pleasure,0.07427574606505725
178,Barnaby,0.11592937320225763
178,Roaring Ralph,0.04916442757923017
178,Tasever,0.14094285506994605
178,Bowman,0.058912816180536266
179,Time Patrol,0.2204647399000039
179,Tommytwohoots,0.04340305380059006
179,Asadjumeirah,0.1477537785154006
179,Fircombe Hall,0.15786614307934138
179,Ana Emaraaty,0.09089830716779224
179,Warminster,0.009931706816842831
179,Tantomile,0.07988594063781411
179,Secret Daay,0.12957840076071134
179,Badosa,0.09516663141831097
179,Barney's Bay,0.025051297903192594
180,Lady Dreamer,0.08710402044224605
180,Sovereign Knight,0.12444506749387403
180,Ultramarine,0.15039935294299436
180,Siobhanbrogan,0.12094389087269325
180,Ben Y Bryn,0.11576919369382234
180,Macanudo,0.13183012916587045
180,Prince Of Bel Lir,0.14265329241688718
180,Monsieur Patat,0.1268550529716124
181,Hurstwood,0.09722767256115239
181,Athollblair Boy,0.08493174314868511
181,Pinpoint,0.036014792383678634
181,My Boy Jack,0.08682552107559739
181,Blackcurrent,0.06828627960489426
181,Rockley Point,0.01994686323101258
181,Pockley,0.30094795512411415
181,Parson's Meadow,0.11014276476835
181,Sacred Melody,0.14906767179206087
181,Queen For Adaay,0.046608736310454583
182,Autumn Rose,0.1972000440336624
182,Bint Havana Gold,0.3103475988442662
182,Havana Touch,0.025673885929234117
182,Global Warning,0.03148722426827255
182,Triggered,0.15017006768862246
182,Split Elevens,0.04910708892596665
182,Capuchinero,0.20631284890039148
182,Heavenly Fire,0.029701241409584175
242,Blind Beggar,0.04347860047519278
242,Ziggy's Missile,0.2959518264863996
242,Rhythm N Hooves,0.246509742685726
242,Mondammej,0.03480879403699221
242,Ready Freddie Go,0.04078480842530279
242,Moulin Booj,0.313827036346849
242,The Fixer,0.024639191543537605
243,Cinnodin,0.08986364850046993
243,Rogue Tornado,0.17931045354928105
243,Hebridean Nomad,0.0674857054408314
243,Moel Arthur,0.2143079658842446
243,Swinging London,0.056596188100024654
243,See The Green,0.0886790812900358
243,Fast Fred,0.05425873177681903
243,Dance Time,0.2442940005324506
243,Fashionelle,0.00520422492584304
244,Beraz,0.05972498062259858
244,Asgard's Captain,0.250205793909348
244,Mighty Nebula,0.0917285786372871
244,Yokohama,0.06563255860018798
244,Midnight Lion,0.251765112984805
244,Without Compromise,0.2183578760525416
244,Jujubella,0.0625850991932318
245,Alpine Oasis,0.17944184322419757
245,Charmaine,0.18963011358005363
245,Therapist,0.06382562249681666
245,Caramay,0.16302912450579898
245,Kinetic,0.1951468374060906
245,Nowhere,0.12789302421238147
245,Sid's Annie,0.08103343457466124
246,King's Crown,0.23926065352757062
246,Posh Maisie,0.012890383218049858
246,Three Beauz,0.3771458831877622
246,Dash Gordon,0.07514948825674697
246,Stroxx,0.2955535918098704
247,Conquest Of Power,0.2339113991641613
247,Calcutta Dream,0.10274015756304654
247,Annalee Lass,0.09496933116442441
247,Wheres The Crumpet,0.16073708564847383
247,Jems Bond,0.04997309419794337
247,Pop Favorite,0.04301097120531224
247,Top Gun Tina,0.13703656011167908
247,Martin's Brig,0.17762140094495926
248,Exceed Now,0.029157390228993232
248,Ravensbourne,0.2870499011990024
248,Bossy Parker,0.24741224261679007
248,Evoluir,0.017560567317480843
248,Match Anthem,0.0628820596536952
248,Bold Suitor,0.1555740150277138
248,Max Stripes,0.07002744781934803
248,Fistral Beach,0.10061008279087419
248,Parson's Meadow,0.02972629334610235
249,Tomorrow Day,0.39619290238865473
249,Saisons D'Or,0.1676386827891954
249,Bobby Joe Leg,0.08372013407453677
249,Broken Spear,0.040341235722417275
249,Lumenbourg,0.05925071185544158
249,Made All,0.1440780771329357
249,Yorkstone,0.10877825603681868
250,Ignac Lamar,0.225015055118824
250,Golden Goose,0.18983031770929998
250,Mickey Mongoose,0.13771505382545657
250,Sam's Hope,0.10407952681654574
250,Grecian God,0.09134121141880139
250,Lion's Dream,0.022354930216162104
250,My Boy Jack,0.06342023115181206
250,Copper Mountain,0.16624367374309815
251,Paris Lights,0.15457937565950924
251,Hartswood,0.19170865073880655
251,Eden Storm,0.12961312627594296
251,Cusack,0.21031320706774498
251,L'Ennemi,0.04377445138298794
251,Volenti,0.23807850239545505
251,Thats My Boy Luke,0.031932686479553336
252,Vixey,0.11512728607014394
252,Pembrokeshire,0.06432034774911956
252,Galileo Glass,0.16894374553826025
252,War Memorial,0.0493603199495048
252,Dash Power,0.3261945742291287
252,Hawajes,0.08698869432709713
252,Create,0.028188852370145286
252,Fircombe Hall,0.05332429499232238
252,Sea The Buckthorn,0.107551884774278
253,Backspin,0.14046820086161185
253,Spiritualism,0.0640734290627408
253,Massimo Blue,0.030556584938868408
253,Alashos,0.06499266399223294
253,Tarlac,0.01896466430134637
253,Nad Alshiba Rain,0.09518783703508515
253,Horus,0.22472321144163693
253,Arabian Cobra,0.11200910032345451
253,Triple Charged,0.1382196464728865
253,Lucius Aurelius,0.11080466157013644
254,Back Tomorrow,0.10027065799242431
254,Caesars Pearl,0.1520506183475252
254,Port Hedland,0.047231859285774815
254,Chester Le Streak,0.15840350454396637
254,Tantomile,0.04840737349667654
254,Ustath,0.26887413949014277
254,Doon The Glen,0.10294272208811557
254,May Remain,0.05350893094201324
254,Mr Stanley,0.06831019381336129
364,Twilight Madness,0.007406642473866147
364,Invincible Speed,0.17003717484634326
364,Get Jiggy With It,0.06727086756710311
364,Brunel Charm,0.016256348810370254
364,Northcliff,0.26375572617556536
364,Tyger Bay,0.1137007214277999
364,Charlie Mason,0.2002696375066028
364,Profit And Loss,0.047574685479791747
364,One More Dream,0.11372819571255742
365,Zariela,0.19872531497393994
365,Daisy Roots,0.049243015638431684
365,Willow's Kiss,0.009560385476671346
365,Disclosure,0.33379562390608764
365,Help Me Rhonda,0.37967710055077514
365,Guns And Flowers,0.028998559454094165
366,Haaland,0.05854518863086271
366,Poncho,0.23883009670195582
366,Upepo,0.17776249604326708
366,Dance Time,0.14178834043980704
366,Wannabe Brave,0.37419823328111057
366,Alright Sunshine,0.008875644902996844
367,Pacifist,0.12348893638536265
367,War Hawk,0.34588840216921635
367,Yielding To None,0.135320091303375
367,Pershalla,0.0807341288320652
367,Bownder,0.06544522183917491
367,Moonlit Stage,0.1412926110651285
367,Crackamour,0.10783060840567753
368,Urban Sprawl,0.13193380101409666
368,Robbo,0.11581979645059169
368,Hitched,0.09896868061971753
368,Savvy Kingdom,0.13167748352446895
368,Lunario,0.04408242103146369
368,Port Road,0.19282309913007148
368,The Bitter Moose,0.1584925938431043
368,Enpassant,0.12620212438648556
369,Harb,0.1912471449585583
369,Coolagh Magic,0.0552283460852476
369,Mick's Spirit,0.11035504974110688
369,Midnightattheoasis,0.15730382099419116
369,Recon Mission,0.159748431356667
369,The Defiant,0.08006337420574228
369,Beaumadier,0.24605383265848677
370,Douglas Dc,0.10552965666390315
370,Jailbird,0.08940255412596455
370,Got Bright,0.04839690003307806
370,Broad Daylight,0.066429782786368
370,Avarice,0.030937911692738032
370,Marinakis,0.17710990721699538
370,Honrado,0.08937644885446794
370,Two Plus Two,0.09302480595584402
370,Walk The Moon,0.06453783977804371
370,Disquietude,0.030766337001707125
370,This Time Maybe,0.1587619994152754
370,Temur Khan,0.04572585647561441
371,Jungle Land,0.2648061356311302
371,Cargin Bhui,0.08272937689274393
371,Giant,0.17030860448945687
371,Digital,0.09967097760210178
371,Hectic,0.035986455360822636
371,Mumayaz,0.1330246329251718
371,Muscika,0.07623051149149007
371,Dicko The Legend,0.04641937588489403
371,Gogo Yubari,0.09082392972218863
372,Kamekist,0.13087454751451055
372,Nad Alshiba Rain,0.28653383422460016
372,Rokuni,0.13908917666686094
372,Style King,0.10460446898252934
372,Kiss Me My Love,0.09424030681174589
372,The Thames Lady,0.1670458783296107
372,Triple Charged,0.034076065184029024
372,Summer Rain,0.043535722286113285
373,Mariner,0.15382236447145356
373,Ever Driven,0.0973932732070797
373,Berkshire Phantom,0.1514282859642019
373,Aljezur,0.10575848461193212
373,Split Elevens,0.03821480330958886
373,Kondratiev Wave,0.18247871631401824
373,Triggered,0.1563956171631516
373,Candy Warhol,0.03431021022530522
373,Rogue Thunder,0.0801982447332688
374,Flatley,0.12154886584466783
374,Local Bay,0.05738718081141511
374,Poetic Force,0.04933446129896918
374,First Greyed,0.1265518896750688
374,Cerulean Summer,0.10160218132204875
374,Venetian,0.2456225598771063
374,I Can't Believe,0.09855975391864134
374,Visibility,0.025502410902405914
374,Forever Proud,0.17389069634967674
1939,Triple Force,0.06611590010786478
1939,Come On John,0.2899437180871924
1939,Fifty Sent,0.04967188711660959
1939,Treasure Storm,0.08339698847275684
1939,Inspiring Speeches,0.1158654587498156
1939,Violeta,0.23361847694381638
1939,Dragons Will Rise,0.0055025359765487475
1939,Jujubella,0.042545614888586464
1939,Blackstone Cliff,0.03042118146176708
1939,Tiger Trap,0.0829182381950422
1940,Lahab,0.04399560490142825
1940,Brazilian Rose,0.1428374557308499
1940,McCauley's Tavern,0.04370183424203242
1940,Spartan Fighter,0.14907662761193502
1940,Art Fantastique,0.2770835655159893
1940,Noble Consort,0.0882503639146228
1940,Athollblair Boy,0.051119389077692014
1940,Thunderstorm Katie,0.1078030150827287
1940,Mr Stanley,0.09613214392272161
1941,Jimmy Knocker,0.14733469640528882
1941,Yoshimi,0.11136091486179459
1941,Giselles Izzy,0.08034282729523454
1941,Oriental Prince,0.39856953186365485
1941,Korroor,0.04501611986325698
1941,Hurstwood,0.04650551094212604
1941,Sydney Bay,0.015960915929490855
1941,Badosa,0.15490948283915332
1942,Jump The Gun,0.0383237000093521
1942,Bobby Joe Leg,0.06413812072776436
1942,Kalganov,0.03127294659157188
1942,Streak Lightning,0.08598584919108476
1942,Finn Ironside,0.0417474786799077
1942,Angel Of Antrim,0.2799485337501094
1942,Pallas Lord,0.09785101569927236
1942,Conquest Of Power,0.1531761770576583
1942,Impeach,0.06338681882269592
1942,Ravensbourne,0.05481623387634809
1942,Mickey Mongoose,0.08935312559423529
1943,Sanat,0.06345505721156228
1943,Thunder Star,0.19563017540075428
1943,Wrestling Revenue,0.3340706599209228
1943,Water Of Leith,0.15968757773197392
1943,Rodborough,0.032877404049357156
1943,Castan,0.16697172423303797
1943,Gustav Graves,0.04730740145239156
2044,Roscioli,0.03957466868766887
2044,Forever Proud,0.2074172030920363
2044,Union Island,0.11667440418608754
2044,Zaltalla,0.029542413916307318
2044,Mr Fustic,0.00693173048501147
2044,Kondratiev Wave,0.09565883679392707
2044,Gone Rogue,0.08755386874306573
2044,Rabinal,0.16623939991186704
2044,Takeover Target,0.10204040502448276
2044,Ocean Odyssey,0.14836706915954584
2045,Legendary Day,0.08205251522656501
2045,Zoran,0.1124627594114458
2045,Aced It,0.053303421467552584
2045,Cinnodin,0.22412909121193755
2045,Moel Arthur,0.04428724626658258
2045,The Craftymaster,0.07598920968587486
2045,Abraaj,0.20381577150591762
2045,Sun Dancer Girl,0.20395998522412387
2046,Prince Of Pillo,0.08945815243229988
2046,Cairn Gorm,0.17801017184790183
2046,Mondammej,0.20074808359439014
2046,Monsieur Beaulieu,0.3143299705354215
2046,The Fixer,0.08725428439572022
2046,Neapolitan,0.1301993371942664
2047,Sunshine Soul,0.22136706993290184
2047,Oakley Boy,0.4361366613198587
2047,Just Like Magic,0.0965710752808514
2047,Monomyth,0.2459251934663879
2048,One Night Stand,0.1192662786562376
2048,Mc Loven,0.2685286098300862
2048,Night On Earth,0.16618558466115102
2048,Blazes Boylan,0.14711821499380678
2048,Bang On The Bell,0.07149651430639373
2048,Dashing Harry,0.04051405775912761
2048,G'Day Mate,0.09588033704539159
2048,Rainyniteingeorgia,0.0910104027478054
2049,Alafdhal,0.06321943505024887
2049,Kento,0.18134063116043497
2049,Unavailable,0.33573265071092523
2049,Coolagh Magic,0.08078192103013816
2049,Edergole's Gift,0.07145870441504025
2049,Under Curfew,0.08536871007489434
2049,Second Collection,0.13176933217339934
2049,Bobby On The Beat,0.04109334502120187
2049,Enchanted Night,0.009235270363716847
2240,Spartan Warrior,0.13446598694541473
2240,Pigeon House,0.15790910952055692
2240,Throne Hall,0.18241095507233207
2240,Trojan Sun,0.43824464242600303
2240,Glasses Up,0.08696930603569321
2241,Falcon Nine,0.14773267170508697
2241,Clasina,0.09201800345748898
2241,Capuchinero,0.09754140045592202
2241,Without Delay,0.08593847431501789
2241,Golden Valour,0.08432259508323722
2241,Ramon Di Loria,0.05388293937540843
2241,Bird Of Play,0.1134124397593365
2241,Impeach,0.11477452209521119
2241,Coconut Bay,0.07415227771287479
2241,Doomsday,0.13622467604041602
2242,Spartan Arrow,0.19769067923209005
2242,Paddy's Day,0.05842206246793271
2242,Looking For Lynda,0.19751848085910412
2242,Curious Rover,0.054572997598632454
2242,Profitable Edge,0.1828590363043723
2242,Thankuappreciate,0.03712175332049751
2242,Mon Na Slieve,0.06642422814215257
2242,Eternal Sunshine,0.20539076207521828
2243,Mullwarchar,0.0921982410922665
2243,It's Only Fun,0.09354932941240236
2243,Princess Pw,0.27516323581328234
2243,That Lucas Fella,0.1367191985147674
2243,Sovereign Class,0.40236999516728145
2244,Royal Pippen,0.07974146612318214
2244,Pub Talk,0.03997509148108096
2244,Naisiun,0.05041069099921358
2244,Nibras Rainbow,0.23848244794283605
2244,Higher Kingdom,0.21045651506179397
2244,Serengeti Sunrise,0.11086636526760357
2244,Suityourselfboss,0.16352800971326834
2244,Chou Chou,0.041268678930805956
2244,Top Of The Pops,0.005921318191318931
2244,Hope And Innocence,0.02777709781736045
2244,Love Mocha,0.012912251203078307
2244,Royal Tribute,0.018660067268457606
2245,Fortunate Star,0.036253781623250034
2245,Sergeant Mayer,0.07649021545039364
2245,Beneficiary,0.09965764926549174
2245,Carmarthen,0.030713082322038395
2245,Jamie Bond,0.21884768146395528
2245,Kyber Crystal,0.12738918017144166
2245,Royal Duke,0.09974483452616413
2245,Stroxx,0.13543534760822618
2245,Henery Hawk,0.08110714515408364
2245,Ski Angel,0.09436108241495546
2246,Tuco Salamanca,0.06776233495312121
2246,Best Adventure,0.08930999287425329
2246,Everyoneknowsadave,0.07837361807380734
2246,Canvas,0.019448611170091893
2246,West Tyrone,0.16199110299015712
2246,Sir David,0.07533627567911527
2246,Cristo,0.041933389148617724
2246,Political Power,0.10703913625646798
2246,Bulletin,0.09874834906302558
2246,Ventura Dream,0.11328299284821208
2246,Genbu,0.046830948355091266
2246,Eighteen Fourteen,0.024266383464848464
2246,Minelone,0.07567686512319095
2247,Northbound,0.2513309200488482
2247,Heretic,0.0510336416093225
2247,Heerathetrack,0.11995203843986506
2247,Sam's Hope,0.06314069000973492
2247,Spirit Of Bowland,0.1921262086698295
2247,Galileo Glass,0.062032393828942815
2247,Urban Dandy,0.10039989878419257
2247,Create,0.02766730275654497
2247,Vivency,0.051669164524764874
2247,Rainbow Mirage,0.08064774132795459
2248,Lincoln's Inn,0.030924622421193735
2248,Dumfries,0.06401898743415166
2248,Fistral Beach,0.11247233641910706
2248,Margot Robbie,0.2518296552622687
2248,Bandello,0.1890753762149127
2248,Fifty Sent,0.25071618711387517
2248,Grecian God,0.10096283513449097
2249,Bintabuha,0.32468383525965705
2249,Royale Goodnight,0.25575495796319075
2249,Dojin,0.07398328514864266
2249,Spirit Of Jura,0.17856973005400092
2249,Shielas Well,0.1670081915745085
2250,Latin,0.14326551426844283
2250,Thatwilldoso,0.2868856026779555
2250,Venting,0.11345841099137544
2250,Deep Sigh,0.01946418674814352
2250,Lord Talbot,0.11196740888082088
2250,Magic Charm,0.08951649376940757
2250,Share The Treasure,0.021205372648403293
2250,Tatum,0.10435533446405648
2250,Dazzling Spirit,0.03662093718365907
2250,Cloughaneely Mor,0.012990604307816957
2250,Knockmore Prince,0.06027013405991849
2251,Oriental Prince,0.29542152363445434
2251,Guy Fawkes,0.09023116155143894
2251,Lequinto,0.08943152130770071
2251,The Real McKay,0.07071709037456415
2251,Em Jay Kay,0.0573038709334129
2251,Broken Spear,0.0793217418895795
2251,Heroism,0.05163617053222688
2251,Safari Dream,0.1372681561120118
2251,King Of The Jungle,0.12866876366461077
2252,Forca Timao,0.021195609233097296
2252,Market House,0.5180437537415377
2252,Bunker Bay,0.03213993820734098
2252,Sant Alessio,0.4286206988180241
2253,Balgowan,0.012749961535569563
2253,Fiftyshadesaresdev,0.020023848465497544
2253,Unification,0.04239767166131529
2253,Leon Trotsky,0.169477487449665
2253,Scylla,0.06818537547305135
2253,Yakhabar,0.10027801700042224
2253,Typewritten,0.06425939532451479
2253,Anificas Beauty,0.15275212286837092
2253,Kitten's Dream,0.025599995635205822
2253,Spartan Times,0.3442761245863875
3821,Rainyniteingeorgia,0.1117148789992648
3821,Diamond Dreamer,0.1455490850599965
3821,Nogo's Dream,0.17157499595354023
3821,Master Of My Fate,0.06397707189578809
3821,Level Up,0.0821529219577277
3821,Harb,0.13633132111736176
3821,Gogo Yubari,0.20897985553316972
3821,Pop Dancer,0.07971986948315118
3822,True Courage,0.0855915391245308
3822,Knockbrex,0.10223349865162047
3822,Crystal Mariner,0.04728358349167521
3822,Therapist,0.21567132990199853
3822,Damascus Steel,0.08260827688820524
3822,Gallant Lion,0.12632403854117288
3822,Raintown,0.15861454822227358
3822,Early Morning Dew,0.036807090098989845
3822,Hebridean Nomad,0.14486609507953344
3823,Havana Sky,0.23283744821838423
3823,Lord Rapscallion,0.23156728321767417
3823,Tadreeb,0.08002485078307138
3823,Charlie Mason,0.16820249990866523
3823,Juan Solo,0.007137888739533472
3823,Crow's Nest,0.05031584561309377
3823,The Smiling Wolf,0.1988505048373655
3823,Lahina Bay,0.031063678682212232
3824,Sedgemoor,0.1380769944320487
3824,Flag Carrier,0.026192694810031763
3824,Secret Strength,0.08316383032868424
3824,Sonmarg,0.08483915512611165
3824,Overnight Oats,0.35672751839719086
3824,Star Pupil,0.18566552393048635
3824,Kondratiev Wave,0.10039415778433737
3824,Mount Mogan,0.024940125191109132
3825,Gordon Grey,0.05202513903111916
3825,Joycean Way,0.10473961960732088
3825,Rey De La Batalla,0.11646105979738522
3825,Tribal Wisdom,0.0661266305490004
3825,Imperial Fighter,0.026359951618750016
3825,Detroit Lion,0.08531363625352095
3825,Spectacular Style,0.14262903483884104
3825,Calanthe,0.1444885544963528
3825,Etretat,0.14124265579083067
3825,Stipulation,0.12061371801687888
3826,Gold Aura,0.21268674688188086
3826,Capstan,0.11866523352320683
3826,Doublethetrouble,0.14491762697852376
3826,Spitfire Bridge,0.13368430656023397
3826,Sophosc,0.08901845597263429
3826,Brividi,0.048344917065526495
3826,Further Measure,0.005378298617578476
3826,Arch Legend,0.09789010091866583
3826,Sir Joseph Swan,0.1451161475243944
3826,Balgowan,0.004298165957355031
3827,Sisterandbrother,0.09870037279976762
3827,Ace Rothstein,0.02984983944124062
3827,Young Endless,0.1326289718234345
3827,Paradoxical,0.25182195980530575
3827,Pilgrim Of Culture,0.033785945522898105
3827,Yakhabar,0.03794421896348675
3827,Mr Nugget,0.11568885082694866
3827,Khangai,0.1939959965795731
3827,Coloane,0.10558384423734488
3828,Palmar Bay,0.15161200729267119
3828,Lattaash,0.14524413198834635
3828,Newsreader,0.03308306490443046
3828,How Impressive,0.12622198888565092
3828,Billy Mill,0.049047590277864525
3828,Ziggy's Condor,0.02719832008589708
3828,Judgment Call,0.036907836082962546
3828,Perennial,0.03150203240430745
3828,So Quiet,0.1713730866742811
3828,Legal Reform,0.02313341509101399
3828,Federal Envoy,0.1436803787752737
3828,Beauty Choice,0.06099614753730066
3829,Foro Romano,0.04396491456772451
3829,Rock Diva,0.02791261513376127
3829,Brightandbeautiful,0.08466244856378795
3829,Minelone,0.05439924361568034
3829,Cosmic Force,0.16759683704314082
3829,Whizz By,0.2436036608991263
3829,Empowered Queen,0.0347944843871069
3829,Bantz,0.14061683317258025
3829,The Outlaw,0.17697006588923014
3829,Desert Eye,0.025478896727861477
3830,Style Of Life,0.1921176622810019
3830,Rapido Girl,0.1886720122800878
3830,Liv My Life,0.04239460972490251
3830,Bella Kopella,0.061496559096945375
3830,Autumn Rose,0.07247970022303568
3830,Beveragino,0.17081330361250804
3830,Just Rita,0.20633084345240596
3830,Lockdown Lass,0.011821116565061242
3830,Starsong,0.0538741927640516
3831,Jack Daniel,0.05133740741729746
3831,Joolianoss,0.15393957517597326
3831,Al Suil Eile,0.08146412288081335
3831,Elterwater,0.21224928416720323
3831,Union Island,0.18490720547702524
3831,Mr Fustic,0.0067095745385102575
3831,War Memorial,0.03617161043849997
3831,Commander Crouch,0.20774467119775752
3831,Mykonos St John,0.024745374355490127
3831,Kodebreaker,0.04073117435142968
3832,Mercurius Power,0.09517504879081203
3832,Distinction,0.05028506815314981
3832,Tea Sea,0.0722102570812679
3832,Embarked,0.029275013368775964
3832,Drifts Away,0.2193861980276009
3832,Timebar,0.15659701193689782
3832,Devasboy,0.04996827377439264
3832,Billy McGarry,0.04970222324657932
3832,Anif,0.06206408489564802
3832,Jaamir,0.21533682072487562
3942,Blue Anthem,0.12147616733200883
3942,Invincible Melody,0.1579563742897311
3942,Memardee,0.08339006374356973
3942,Arlecchino's Rex,0.144112352840912
3942,Inconspicuous,0.18350590260051947
3942,Risk,0.05888624326533994
3942,Rogue Endeavour,0.02535431978845159
3942,Kaleidoscope Eyes,0.12378539336908762
3942,Makes Me Wonder,0.10153318277037965
3943,Ornately,0.1837079087560574
3943,Fortunas Dream,0.10005231205313861
3943,Piranha Rama,0.11142331034993662
3943,Watkins,0.11711903897881797
3943,Khutulun,0.2262204264873823
3943,Berning Hot,0.07336655871806554
3943,Mystical Elegance,0.004277378886701737
3943,Miakoda,0.1838330657698998
3944,Patrol,0.5857183998728654
3944,Unknown Journey,0.02277244453759033
3944,Sydney Whistler,0.04965288086488492
3944,No Release,0.3418562747246593
3945,Rosenpur,0.18307475484184482
3945,Antiphon,0.12621511820296694
3945,Level Up,0.17816298459586086
3945,Bibendum,0.03126714121899778
3945,Buraback,0.15835173466740643
3945,Wedgewood,0.11229146721596987
3945,Gustav Graves,0.1079010733704531
3945,Nelson Gay,0.04190680373382263
3945,Pop Dancer,0.060828922152677434
3946,Easter Icon,0.26325895222078843
3946,Grand Duchess Olga,0.15928557385794861
3946,Daaris,0.21445536897429768
3946,Payment Plan,0.07899764441134349
3946,Sir Joseph Swan,0.2840024605356218
3947,Pysanka,0.15439285342314135
3947,Lightningboltzoom,0.015937153147089766
3947,Lawmans Blis,0.11301743522601461
3947,High Court Judge,0.2659194765762111
3947,Moon Over The Sea,0.150058386973262
3947,Harlington,0.24849363726461382
3947,Doyouknowmyuncles,0.0521810573896672
3948,King's Crown,0.06990520873962854
3948,Southbank,0.05633242192327638
3948,Just Ten High,0.25807495848782985
3948,Shalaa Asker,0.09412743339526514
3948,Thismydream,0.07238160717777585
3948,Sir Rodneyredblood,0.044038891785179224
3948,Autumn Angel,0.13815385941908015
3948,Porfin,0.13836679617690792
3948,Next Second,0.12861882289505677
3949,Zaman Daar,0.11852257485309117
3949,Cooperation,0.2057666457410216
3949,Not Just Yet,0.0825760085183597
3949,Kensington Agent,0.1755158373423766
3949,Nevernay,0.06910587080016807
3949,Alabama Belle,0.15133563758921664
3949,Sisters In The Sky,0.06644472198077257
3949,Global Effort,0.13073270317499366
4042,City Escape,0.3451236526889089
4042,Busby,0.12164779697271252
4042,Sir Laurence Graff,0.08097670236873526
4042,Forest Haze,0.04585366321231262
4042,Brinton,0.0938451263771926
4042,Fascinating Lips,0.2463269366846556
4042,Indian Romance,0.05529714297189127
4042,Prince Hector,0.010928978723591195
4043,Khangai,0.37477739606341265
4043,Douglas Dc,0.11003811118242449
4043,Mirabello Bay,0.09856878983386341
4043,Mostly Mozart,0.03046399053995282
4043,Virtual Hug,0.10342749742778146
4043,Mhajim,0.09750203215912816
4043,Tancredi,0.04581112972642445
4043,Two Plus Two,0.10183140343510229
4043,Disquietude,0.037579649631910246
4044,Misaura,0.03089882814107876
4044,Bloodhound,0.22753389490710188
4044,Avarice,0.027530300952347174
4044,Come On John,0.392943275993173
4044,Lednikov,0.10108301844284327
4044,National Health,0.04105677475718232
4044,Anticipating,0.007356173878775806
4044,Desert Guest,0.06829424675308667
4044,Artemesia,0.10330348617441125
4045,Rainyniteingeorgia,0.13579791459870638
4045,Lady Wingalong,0.0816760137352591
4045,Rhythmic Acclaim,0.1371443202141225
4045,Bazball,0.18775968802670895
4045,Kensington Agent,0.10426808748221067
4045,Zepparella,0.117864404164067
4045,Back Tomorrow,0.030595125801101093
4045,Autumn Angel,0.20489444597782422
4046,Arlecchino's Gift,0.1610542438385359
4046,Collusion,0.30420842156121086
4046,Roman Emperor,0.08775309944322221
4046,Alafdhal,0.1143480743515316
4046,Not Just Yet,0.06032443700398809
4046,Eight Mile,0.05184970329033788
4046,Kento,0.1975181745921258
4046,Ramon Di Loria,0.02294384591904747
4047,Nelson Gay,0.06773534635306419
4047,Wedgewood,0.1583844080038442
4047,Buraback,0.15743053184839179
4047,Basholo,0.16032888382537105
4047,Some Nightmare,0.04929245319647488
4047,Beaumadier,0.2550623651797565
4047,Bernard Spierpoint,0.056541719131398584
4047,The Defiant,0.05189915271966305
4047,Anglesey Lad,0.04332513974203584
4127,Stintino Sunset,0.061435429621764084
4127,It's Tim,0.033184259384619434
4127,Dubai Immo,0.004484144853302928
4127,Tactical Control,0.19342801506144303
4127,Cryptos Dream,0.12427774937838265
4127,Global Resolve,0.030813790980983476
4127,Oyamal,0.01863622521290036
4127,Foinix,0.13306455142291296
4127,Hijo De La Luna,0.33224797614319895
4127,Cracking Filly,0.035789594568266136
4127,Forest Haze,0.03263826337222612
4128,Paradoxical,0.1453885843004014
4128,Free Speech,0.18534358886253408
4128,Odin Legacy,0.06846237215440076
4128,Timeless Charm,0.0462753696315698
4128,Curran,0.17413953888142603
4128,Golden Circet,0.15726236625083534
4128,Cavalry Call,0.1358010663305069
4128,Shahbaz,0.05698491067635903
4128,Three Yorkshiremen,0.030342202911966584
4129,Wedgewood,0.19341789018127942
4129,Sir Rodneyredblood,0.0782174513478372
4129,Buraback,0.08775818440366906
4129,Southbank,0.3352245836614626
4129,Rebel Star,0.3053818904057517
4130,G'Daay,0.07258816440660194
4130,Super Hit,0.13154435691366523
4130,Master Dandy,0.062476981487511095
4130,Nammos,0.160021243618825
4130,Kracking,0.24275847521878446
4130,Roach Power,0.030379188104704725
4130,Twitch,0.13914999507321493
4130,Lilkian,0.16108159517669252
4131,Rogue Destiny,0.1646468221555258
4131,All Cost,0.07951129504814242
4131,Aim For The Bull,0.012412730547200275
4131,I Follow Rivers,0.18394727992194373
4131,Hype Merchant,0.08961957533131314
4131,College Witch,0.011297955930496848
4131,Adelaide Bay,0.28691848108696794
4131,Due Respect,0.08565381905892223
4131,No Gain,0.04425086410191764
4131,Runnindown A Dream,0.04174117681756999
5730,Line Of Force,0.14672627913808897
5730,Art Market,0.28983698743734565
5730,Blewburton,0.07432301416989844
5730,Misty Sky,0.2462775141954323
5730,Choreographic,0.24283620505923464
5731,Wadacre Gomez,0.09118888635767027
5731,Barenboim,0.06679672919157767
5731,Moon Over Miami,0.17406931128064015
5731,Arqoob,0.18342050057007578
5731,Gaassee,0.13580111259934197
5731,Old Harrovian,0.07209885897685038
5731,Asgard's Captain,0.12685470250770517
5731,In The Breeze,0.025227745959409742
5731,Glen Buck,0.12454215255672887
5732,Dubai Magic,0.1572755442415441
5732,Miakoda,0.2769563157938009
5732,Woodhay Whisper,0.039397289238882804
5732,Kensington Hope,0.10561481697532217
5732,Until Dawn,0.034357418774203126
5732,Frankies Dream,0.10387942629224436
5732,The Last Time,0.11503016844058979
5732,Cuban Lynx,0.1674890202434128
5733,Just Ten High,0.27522747226237354
5733,Eldeyaar,0.030688596236659392
5733,King's Crown,0.07549401074642495
5733,Raft Up,0.1757618914079129
5733,Due Date,0.038471322088993655
5733,Three Beauz,0.06060299283463546
5733,Bomb Squad,0.13483369498356432
5733,Laura's Breeze,0.09825271243903119
5733,She'Sashambles,0.06684338741298186
5733,Next Second,0.04382391958742288
5734,Rogue De Vega,0.08241046946989225
5734,Radiant Angel,0.11885319128803895
5734,Sir Maxi,0.3033027422132186
5734,Stars Away,0.11430639612942405
5734,Motagally,0.033552537581539685
5734,Beneficiary,0.09128756226970051
5734,Fircombe Hall,0.06850105313256134
5734,Midnightattheoasis,0.02607200734140722
5734,Ben Dikduk,0.036142183914839456
5734,Fantasy Navigator,0.12557185665937803
5735,Roaring Legend,0.18157988932900063
5735,Parramount,0.1723496049660036
5735,Lexington Knight,0.02963893122968509
5735,Optician,0.2260711480189303
5735,Wonder,0.19248468216209047
5735,Saligo Bay,0.11724195638809183
5735,Warrior Lion,0.08063378790619814
5736,Rebel Empire,0.07753373801779906
5736,Many A Star,0.11068726050517103
5736,Royal Pleasure,0.05396947274265552
5736,Last Outlaw,0.05683877906564847
5736,Hiatus,0.16877656713748332
5736,Antiphon,0.14047225046578535
5736,Ormolulu,0.24931357337935514
5736,Papa Cocktail,0.037479933120008815
5736,Tyke,0.01850933490192639
5736,Glendown,0.08641909066416711
5737,Angel Of Antrim,0.42401796119835194
5737,Rosenpur,0.13184244227608627
5737,Guiteau,0.030584043506647913
5737,Dan Dee Prince,0.027732039516438153
5737,Thomas Equinas,0.09637771634446365
5737,Circles,0.15447831948996568
5737,First Dynasty,0.022827493890111624
5737,Ignac Lamar,0.08925658446998196
5737,Cable Beach,0.02288339930795293
5738,What What What,0.08185448307202127
5738,Grey Operations,0.12332854743301648
5738,Ceira G,0.16442033057021987
5738,Kaleidoscope Eyes,0.028667143225958223
5738,Andalseeyagraham,0.03216272160374726
5738,Followeroffashion,0.07439213791911102
5738,Miss Pocket Rocket,0.07130837737599423
5738,Black Sky,0.05223245413512997
5738,General Gordon,0.022663433625199896
5738,Cuda Been A Rowlex,0.12456114134305643
5738,Tango In Paris,0.08628614612954001
5738,A Fine Claret,0.13812308356700542
5739,Split Elevens,0.05474234956017641
5739,Nights Over Egypt,0.14009167805745745
5739,Lion's Dream,0.16420988117176002
5739,Reputation,0.15568508369188416
5739,City Cyclone,0.20973208965238435
5739,American Rose,0.09906403472235334
5739,Plumette,0.038695918133373454
5739,Midnight Flame,0.13777896501061096
5740,Noble Order,0.14412118699492868
5740,Diamondonthehill,0.0316139965444747
5740,Cynosure,0.09936899971047262
5740,Vibrato,0.28098835375003367
5740,Smart Hero,0.27199637257452214
5740,Urban Sprawl,0.07501553020299201
5740,Island Bandit,0.09689556022257623
5741,Crafter,0.12892050313644043
5741,Capuchinero,0.10928506448100812
5741,Covert Legend,0.05143364283001695
5741,Cerulean Summer,0.124279968450152
5741,Overlooked,0.12385728625488611
5741,Masqool,0.10843719900001675
5741,Tasmanian Legend,0.07008331484947568
5741,Green Power,0.08577380636587063
5741,Molly Valentine,0.08508496286620537
5741,Have You A Minute,0.037017997181966314
5741,The Pug,0.07582625458396167
5846,Dreams Adozen,0.22305978056407874
5846,Midnight Lion,0.3046579226909624
5846,Royal Deeside,0.2261186378489618
5846,Scotland The Brave,0.044269615857963504
5846,Saxon Star,0.04592345527600606
5846,Zivaniya,0.1559705877620274
5847,Time Patrol,0.24231967117986802
5847,Spartan Fighter,0.10410684907955739
5847,So Grateful,0.10894291928956647
5847,Madame Fenella,0.03987234124879968
5847,Conquest Of Power,0.21839281965110727
5847,Korroor,0.027773109449522895
5847,Asadjumeirah,0.11464374511601998
5847,Sydney Bay,0.006995267784541296
5847,Shatin Venture,0.136953277201017
5848,Tasever,0.2281495597752115
5848,Streak Lightning,0.14570341579316873
5848,Harlem Nights,0.14808958753152318
5848,Blackjack,0.030026548287923446
5848,Mereside Madness,0.13478036163864435
5848,Bobby Joe Leg,0.12415988880834082
5848,Sir Maxi,0.05734313516779735
5848,Rory,0.0626332982777088
5848,Yorkstone,0.06911420471968177
5849,One More Dream,0.08740294562023547
5849,Brian The Snail,0.23639972617982655
5849,Nazca,0.1776493110183368
5849,Biplane,0.0772601494221416
5849,Bellagio Man,0.18017120912254767
5849,Beneficiary,0.24111665863691192
5850,Moon Flight,0.2513564669784728
5850,Paddy's Day,0.07195993794169983
5850,Dark Kestrel,0.18836041884963187
5850,Water Of Leith,0.10634400459148072
5850,Reinforce,0.1005899592634861
5850,Leodis Dream,0.12649401654652231
5850,Match Play,0.07685565739213321
5850,Popular Dream,0.0780395384365732
5851,Elettaria,0.08429687203417012
5851,Concert Boy,0.01985641709550754
5851,Impeach,0.16104117281790825
5851,Monsieur Fantaisie,0.157917599399031
5851,Believe Me Now,0.11505050836718324
5851,Yaahobby,0.1498285574818046
5851,Jems Bond,0.05949883849745589
5851,Marcello Si,0.11745251566682247
5851,Retirement Beckons,0.1259508186333657
5851,Mr Coco Bean,0.009106700006751131
5949,Spectacular Style,0.1632597297358016
5949,Media Mogul,0.2674339212073373
5949,Flying Scotsman,0.22038313038106752
5949,Market House,0.24172164333335033
5949,Neddies Boy,0.04845861842233718
5949,Letmeseethecolts,0.05874295692010618
5950,Manton Road,0.21164293266123207
5950,Bantz,0.09633974863001278
5950,Sweet Cicely,0.16339930304916572
5950,Flamborough Head,0.043697270293787574
5950,What What What,0.16976655563550286
5950,Falaise Blanc,0.014664265332029431
5950,Harry Palmer,0.18222966591650794
5950,I Can Boogy,0.04413383674279892
5950,Lilchita,0.06666690115263901
5950,Brown Gold,0.0074595205863237255
5951,Brewing,0.2161547467986887
5951,Nikovo,0.07823029091261319
5951,Catch The Paddy,0.03934558717748163
5951,William Dewhirst,0.32584939721022466
5951,Lady Flora,0.23628758841171066
5951,Enola Grey,0.043717794278969
5951,Lir Speciale,0.060414595210312214
5952,Je Ne Sais Quoi,0.07412373437480003
5952,Buzz Box,0.1979082336322776
5952,Monks Dream,0.06577476952300448
5952,Dark Kestrel,0.28753442618976105
5952,Reigning Profit,0.0927846158264743
5952,Strong Power,0.039280844292670924
5952,Water Of Leith,0.12616626453202617
5952,Glory Fighter,0.11642711162898547
5953,Harry Did,0.2050611676592101
5953,South Shore,0.09435935328341638
5953,Whats In The Bag,0.23765297129040944
5953,Biplane,0.034835865565359704
5953,Blackjack,0.05925313393755901
5953,Westmorian,0.07677435215346128
5953,Roaring Ralph,0.1362823703459262
5953,Bellagio Man,0.15578078576465798
5954,West Tyrone,0.2363073380706592
5954,Crest Of Light,0.08449567757665849
5954,Pink Petunia,0.09286314335920105
5954,Mayor Of Maghera,0.07399212110166388
5954,Orchestral Wave,0.1395945586654653
5954,Rock Diva,0.029046366178652774
5954,Antiquity,0.18268258203506682
5954,Bintmaha,0.16101821301263247
5955,Drafted,0.11677654418670926
5955,Wyvern,0.12684697854421156
5955,Pallas Lord,0.24980947760309913
5955,Heretic,0.06902543590527936
5955,Commander Crouch,0.0577173572520726
5955,Glastonbury,0.2378548571269284
5955,Odd Socks Havana,0.1419693493816996
5956,Bad Habits,0.06154268675251862
5956,Spec Of Light,0.30171608577975034
5956,Al Waseela,0.06284178470323105
5956,Bownder,0.1810925771222475
5956,Minelone,0.08588082615695436
5956,Squires Treaty,0.026889461561543867
5956,Duffus Castle,0.1165575656166265
5956,Appleblossomwhite,0.16347901230712777
5957,One More Dream,0.21474757526870691
5957,Petra Celera,0.11577318282539395
5957,Alreet Cha,0.08259503300734661
5957,Zu Run,0.04352982639912246
5957,Sir Garfield,0.09933355659517082
5957,Rich Rhythm,0.18195252977149806
5957,Shaw Park,0.02522236925201484
5957,Prefer The Sister,0.04074657217291877
5957,Emily Post,0.041917985615020435
5957,Berkshire Phantom,0.08982723850628588
5957,Safari Dream,0.04216669025774526
5957,Angel's Call,0.022187440328775985
5958,Vaguely Royal,0.27681040803948764
5958,Wonder,0.3406311762443097
5958,Tradesman,0.3825584157162027
5959,Bedford Flyer,0.02731262697840056
5959,Hiya Maite,0.29525734622783956
5959,Miss Attitude,0.11214615041078893
5959,Glorious Angel,0.1466100213945088
5959,Moon Flight,0.05221800933970162
5959,Existent,0.09176815339500045
5959,True Promise,0.27468769225376016
5960,High Court Judge,0.2556888245712624
5960,Con Te Partiro,0.20551015446376963
5960,Super Superjack,0.015779077302644752
5960,Detroit Lion,0.057044944274199226
5960,Risen Again,0.11856334190607053
5960,Mr Nugget,0.3035969733292968
5960,Bizarre Law,0.030995194503288456
5960,Covert Legend,0.01282148964946802
5961,Sportingsilvermine,0.17102848691990666
5961,Gozo,0.10209438225279022
5961,Aiming High,0.38623327658365303
5961,Caelan,0.023245331475174127
5961,Percy Willis,0.1278360355258161
5961,Sonnerie Power,0.043944294666112514
5961,Annandale,0.14561819257654726
6063,Fair Dinkum,0.0762816002272852
6063,Inlet,0.10346046655458782
6063,Mamdoh,0.19458819278061346
6063,Spitfire Bridge,0.176933537608827
6063,Man Of The Sea,0.12361107757628671
6063,Cornish Storm,0.264888235230085
6063,Wannabeawallaby,0.06023689002231471
6064,Marlay Park,0.0984077937162061
6064,Shelbourne,0.1397154075524205
6064,Gincident,0.32496893676044986
6064,Dakota Power,0.05225732721838243
6064,Another Baar,0.13392717556018427
6064,Queens Road Revue,0.17374718824243787
6064,Amathus,0.07697617094991889
6065,Pepsi Cat,0.14752200217394132
6065,Grace Angel,0.08052429830425296
6065,Regal Envoy,0.2660866685767096
6065,Miss Show Off,0.13460108214017844
6065,Jacquelina,0.02449975311481392
6065,Pop Star,0.15588864972863625
6065,Tourist,0.09045189772202732
6065,Connie's Rose,0.05434275859778858
6065,So Smart,0.046082889641651734
6066,Straight A,0.09959997530200561
6066,Midnight's Dream,0.2526324144438204
6066,He's Got Game,0.13361426266107318
6066,Soames Forsyte,0.1844920422719724
6066,Saturnalia,0.19548633033105903
6066,Norflondonforever,0.13417497499006953
6067,Dreambird Dolly,0.05356033447461961
6067,Elland Road Girl,0.2754767432938456
6067,Royal Accord,0.17637168347678736
6067,Kameko Spirit,0.17928788599530568
6067,Fregola,0.14300813705011584
6067,La Mer Grise,0.172295215709326
6068,Charlie Mason,0.17693006579495854
6068,Gemini Star,0.09751841536193834
6068,Temple Bruer,0.12792294332933035
6068,Beelzebub,0.22584859584429637
6068,Raft Up,0.23179023342303934
6068,Enderman,0.0875877987207139
6068,Lion Ring,0.05240194752572319
6069,Ciara Pearl,0.19688490013097307
6069,Zayina,0.10424871038475386
6069,Mighty Bandit,0.07163358383245039
6069,Appier,0.05731928022152477
6069,Fireblade,0.07205994190476411
6069,Expert Witness,0.08242623714939443
6069,Orchard Keeper,0.08188355984708924
6069,Afloat,0.06996021926090336
6069,Sugarloaf Lenny,0.1748274554483054
6069,Con Te Partiro,0.08875611181984129
6070,King Of Speed,0.1797078692351726
6070,Darvel,0.16852100777383416
6070,That's For Sure,0.08008021140468688
6070,My Ambition,0.1565115768884824
6070,Outrace,0.12099732804045318
6070,Soi Dao,0.06278300433291203
6070,Monks Mead,0.03933009007075848
6070,Expecto,0.09865423363372769
6070,Baynoona,0.008565037737072989
6070,Villalobos,0.013116461512964767
6070,Too Much Trevor,0.06271457668945393
6070,Admiral Fitz,0.009018602680480822
6071,Above,0.23952941400039265
6071,Jungle Run,0.1608459186713036
6071,Ganesha,0.06822808743794817
6071,Whats In The Bag,0.13845867987628865
6071,Yazaman,0.19962904750662275
6071,Glendown,0.19330885250744412
6072,Collective Power,0.08484132404337706
6072,Fair Taxes,0.12125026758710765
6072,Inishmot Prince,0.12140902844134138
6072,Clonmacash,0.37478789181157063
6072,Velvet Skies,0.13817545737781126
6072,Dandys Derriere,0.00828901375023861
6072,Yaxchilan,0.08817486295927625
6072,Circles,0.0630721540292772
6073,Palazzo Persico,0.14165922478815632
6073,Waterloo Sunset,0.19330462621603609
6073,Meet Me In Meraki,0.0612668953137023
6073,Starfighter,0.10909987391456709
6073,Mrembo,0.10866021670846523
6073,Baikal,0.11132592253948206
6073,Jimmy Mark,0.1874120142331154
6073,Ladypacksapunch,0.03767463509333634
6073,Aquifolia,0.04959659119313902
6074,Amavasya,0.13892967087046976
6074,Brigid's Cloak,0.2847668226936442
6074,Belle Yeux,0.16273464945234514
6074,Charanda,0.0353460748574412
6074,Movin And Groovin,0.1922777933610553
6074,Zaraahmando,0.057755651587477995
6074,Eric Lock,0.05899363825156516
6074,James The Second,0.06919569892600137
6075,Jimmy Speaking,0.18998720522043427
6075,How Impressive,0.3063767355453341
6075,Ten Commitments,0.028788936518740076
6075,Ash Wednesday,0.08702821303583097
6075,Secret Strength,0.15430400984649834
6075,Tasever,0.11428170890798878
6075,Bobby Joe Leg,0.06646287603112136
6075,Wilde And Dandy,0.05277031489405219
6076,My Girl Sioux,0.10337118382327656
6076,Hasiyna,0.1367813752881045
6076,Havana Notion,0.126434712646909
6076,Rattletheonionbag,0.40692635366516466
6076,Jackandthefox,0.07780620196589366
6076,Villemacho,0.11079763694363742
6076,Hezahunk,0.0378825356670143
6077,Bust A Moon,0.32460455994903076
6077,Auntie Jo,0.2293567563718891
6077,Watkins,0.06851596406265495
6077,Monticristo Boy,0.16487369354758613
6077,Wee Mary,0.06125646832929759
6077,Lilchita,0.03979694847314243
6077,Master Zack,0.057878719691011604
6077,Baby Rover,0.053716889575387415
6078,Las Ramblas,0.08257651719979128
6078,Bajan Bandit,0.08628259053349788
6078,Feel The Need,0.02982618199900294
6078,Silver Trumpet,0.04417598557466565
6078,Chola Empire,0.15647903227535556
6078,Narmar,0.11649287258667546
6078,Kingdom Of Time,0.12498951296373906
6078,Overnight Oats,0.1037219101303044
6078,Clear Angel,0.1452324010822112
6078,Epidavros,0.017872021692948478
6078,Down To The Kid,0.052962766884088956
6078,Eden Storm,0.03938820707771919
6079,River Derwent,0.09496076186483715
6079,Dubirango,0.01954066666875098
6079,Camachero,0.11458781502341042
6079,Harry The Rogue,0.20323261111470106
6079,Gatsby Cap,0.12151302890950062
6079,Bungle Inthedesert,0.17276232727630245
6079,Eagles Whistle,0.13234992195886205
6079,Blue Wood,0.022022245580279504
6079,Saxon Kingdom,0.017821010651001074
6079,Clifton Light,0.08933589154136061
6079,Carrickfinn,0.011873719410994086
6080,Haku,0.025792709866480294
6080,Humble Spark,0.1475207133381627
6080,Story Horse,0.21194997337919996
6080,Ancient Myth,0.10454220233492348
6080,Caballo De Mar,0.19982126088969887
6080,Gibside,0.13718060153854672
6080,High Court Judge,0.17319253865298806
6081,Combustion,0.30134960670969146
6081,Silky Robin,0.08820768397358442
6081,Noble Consort,0.08479128938761148
6081,Lady In Havana,0.045229635738765483
6081,Agent Mayfair,0.15373189788171518
6081,Under Curfew,0.09708877804343655
6081,Pembrokeshire,0.07115442213742378
6081,Mumcat,0.024395780802861686
6081,Miss Billie,0.08247034375404699
6081,Balmy Breese,0.05158056157086302
6082,Scatchwah,0.04824944713885039
6082,Beauparc,0.05943198575839998
6082,Gracesolution,0.06954639283575906
6082,Darkened,0.058826573031296424
6082,Dromore Glory,0.36337315234161516
6082,Numidia,0.25867019266711366
6082,Picpoul,0.048433062635710386
6082,Highland King,0.09346919359125487
6083,Asadjumeirah,0.05112248312387578
6083,Thunderous Love,0.14363822647714158
6083,Tough At The Top,0.14194450285478893
6083,Port Hedland,0.1323475239735633
6083,Galileo Glass,0.13971581535471952
6083,Araifjan,0.08127715977187706
6083,Arlington,0.22924851127850507
6083,Lion's Dream,0.029620568761899564
6083,Company Minx,0.05108520840362924
7738,Shot Of Love,0.03481333755332994
7738,Claxton Bay,0.11468081206670457
7738,Roscioli,0.010317552063601026
7738,The Spotlight Kid,0.25089947339187574
7738,King Of Speed,0.24534817467129472
7738,Help Me Rhonda,0.11510894387022157
7738,Angelica K,0.008113219974565584
7738,Ajrad,0.11099481234772739
7738,Roundabout Silver,0.10972367406067957
7739,Harry Did,0.16162291552737926
7739,Hiatus,0.05183305284438652
7739,Wallop,0.10543717467262448
7739,General Assembly,0.02589851050594738
7739,G'Daay,0.14259648401283262
7739,Hierarchy,0.16604904635966392
7739,Holy Fire,0.03357737887420488
7739,Big R,0.11997842662907428
7739,Grenham Bay,0.16489329618286167
7739,McCauley's Tavern,0.028113714391025064
7740,Tyger Bay,0.12168287481213914
7740,Straight A,0.05413965380068434
7740,Dion Baker,0.07664864512400849
7740,Shahbaz,0.037049105359050684
7740,Lunarscape,0.24200389072680578
7740,Tronido,0.13892273294000299
7740,Enpassant,0.26535889074154934
7740,Ashford Hill,0.06419420649575919
7741,Hms President,0.0699331839184339
7741,Wonder Legend,0.26717257446243936
7741,Cool Party,0.0759013151927628
7741,Moon Over Miami,0.2359087102760667
7741,Cello,0.27762342941677015
7741,Alrazeen,0.073460786733527
7742,Kinetic,0.1865571992638562
7742,Sid's Annie,0.0474989743776036
7742,Always Waving,0.1586838339966567
7742,Shady Bay,0.0453021330290825
7742,Storm Valley,0.22364136660078882
7742,Tiptoe,0.19494449051057916
7742,Last Empress,0.1433720022214329
7824,Green Team,0.15372251551988864
7824,Cerulean Summer,0.17995078168740858
7824,Donald Llewellyn,0.124924395233984
7824,Daaris,0.09263172341607279
7824,Thursday,0.10606267930088503
7824,Tara Iti,0.12830788925499556
7824,Fullforward,0.15016061281600868
7824,Abstract,0.05094275050898724
7824,Shy Nala,0.013296652261769343
7825,Rosenpur,0.2395160764312556
7825,Watermelon Sugar,0.48968648852010144
7825,Profit And Loss,0.06595155482262387
7825,Harry Brown,0.1725119731323989
7825,Okami,0.03233390709362019
7826,Kitaro Kich,0.08160202137208274
7826,Runaround Sioux,0.07662287798169304
7826,Split Elevens,0.2131772403726095
7826,Shot Of Love,0.02759208056554226
7826,Kondratiev Wave,0.13133249326204696
7826,Portoro,0.05661810017639122
7826,Twitch,0.03699854071366734
7826,Global Warning,0.11045181445159664
7826,Rabinal,0.2019904325404616
7826,Ashford Hill,0.06361439856390867
7827,Ecclesiastical,0.18191425022001054
7827,Coolagh Magic,0.11764359664067661
7827,Harb,0.09769535095194484
7827,Recon Mission,0.1016930413269719
7827,Mick's Spirit,0.10660544223055719
7827,Zola Power,0.09251059776094062
7827,Unavailable,0.30193772086889836
7828,Beautiful Things,0.016851683160747845
7828,Horus,0.10983309026950935
7828,Macedonian,0.06798865250940948
7828,Toughly,0.029019990697391824
7828,Handle With Care,0.12390542503402097
7828,Blue Anthem,0.16240864263728128
7828,The Feminine Urge,0.03379939348488155
7828,Kodi Fire,0.0370999145411328
7828,Foro Romano,0.11583377139968638
7828,The Thames Lady,0.17705204307988093
7828,Early Release,0.06900613480410336
7828,Piranha Rama,0.05720125838195423
7829,Sonic Pioneer,0.3105130373784928
7829,Currahee,0.1986815938581363
7829,Flaine,0.07204661454542159
7829,All Cost,0.05823045175596212
7829,Itsgottobefun,0.0846282709650053
7829,Backer Bilk,0.06630282186688738
7829,Perfect Parole,0.16859871630804907
7829,Leading Star Girl,0.0409984933220454
7830,Blue Eclipse,0.040086536017619925
7830,Montrachet Girl,0.0904240574044712
7830,Soldiers Star,0.2525792808387864
7830,Distant Rumble,0.0474803837054691
7830,Olivia Jane,0.1305094305183606
7830,Blue Empress,0.04185829961596411
7830,Maids Head,0.17396455116665802
7830,Packetofbiscuits,0.22309746073267084
7831,Naughty Eyes,0.11414077759848562
7831,Political Power,0.13078273757988848
7831,This Farh,0.051587895628725636
7831,New Charter,0.1034882508145227
7831,Easily Convinced,0.14856266379986977
7831,Lady Manzor,0.05216199259424235
7831,Valsharah,0.05822379790423197
7831,Noble Phoenix,0.13039237414973076
7831,Invincible Melody,0.21065950993030266
7832,Ernie's Valentine,0.10579696364420135
7832,Lessay,0.2362321399604578
7832,Revolutionise,0.20807020670922807
7832,Starshiba,0.10250134307453024
7832,City Cyclone,0.05758108035780393
7832,Tronido,0.15159918085040508
7832,Soar Above,0.027497448469815597
7832,Fat Gladiator,0.11072163693355792
7833,Port Road,0.1899931274081433
7833,Ben Y Bryn,0.09464746416730178
7833,Vince Lombardi,0.11842033801801108
7833,Dakota Power,0.06709502860151512
7833,Enpassant,0.2870337026544757
7833,Tea Sea,0.07075258816145548
7833,Al Ameen,0.14081824365231807
7833,Royal Jet,0.031239507336779465
7834,Gunlock,0.04655510489078608
7834,Mr Baloo,0.18118286231877825
7834,Tadreeb,0.07749129573973057
7834,Dingle,0.05224453911067797
7834,Patch's Bond,0.049813940661375636
7834,More Than A Feelin,0.06530322152449498
7834,Cavalry Call,0.12325634438668463
7834,Arctician,0.13864618194931608
7834,Rhythm N Rock,0.025037108477928293
7834,Joycean Way,0.01772705419117938
7834,He's Got Game,0.16039644369961792
7834,Foreseen,0.020968330597191536
7834,Port Erin,0.041377572452238665
7835,Rebel Empire,0.10652133822322364
7835,Shallow,0.1384084578758331
7835,Supreme King,0.07714677579065947
7835,Abbey Heights,0.09858192988832366
7835,Perennial,0.07072087445270588
7835,Dashing Harry,0.024019768875265645
7835,Ultramarine,0.0760704407648261
7835,Grenham Bay,0.1729296460434439
7835,Nogo's Dream,0.1441029768304477
7835,Dark Dreamer,0.06075212529127853
7835,Four Adaay,0.030745665963992305
7836,Haku,0.29355661179825376
7836,Victory Shout,0.011905358801385796
7836,Almosh'her,0.11867094142707402
7836,Arqoob,0.28347721865342174
7836,Gaassee,0.11540851963762194
7836,Oslo,0.1275339301568334
7836,Buxted Too,0.04944741952540927
7956,Tambourine Dream,0.05413167288104359
7956,Jungle Cruise,0.08669965938028606
7956,Anglo Saxson,0.042569251286837195
7956,Windsor Pass,0.05878029523899078
7956,Eight Mile,0.006799088501305499
7956,Waistcoat,0.17062352148058244
7956,Rising Force,0.10408488796714614
7956,Oh So Audacious,0.05744312607681843
7956,Glastonbury,0.12889916379824787
7956,Embarked,0.03030986958568751
7956,Keen Interest,0.047579099234083135
7956,Kranjcar,0.09947692642101894
7956,Twilight Guest,0.02580473699335488
7956,Maguire,0.02766801622876939
7956,Moreginplease,0.05913068492582815
7957,Captain Ciano,0.07386609690157839
7957,Aherla Rock,0.0962486656840592
7957,Refreshment,0.038519911042297586
7957,The Mizen Queen,0.01617879777691455
7957,Faithlegg Lodge,0.04455442337775305
7957,Edergole's Angel,0.029938098841110296
7957,Tam Lin,0.05566248456455278
7957,Weegeebear,0.05802158504954627
7957,In The Minus,0.16062963464273888
7957,Roaming Eyes,0.03800956161764131
7957,Chriselli,0.08951381900256425
7957,Letters Of Love,0.08982199663361437
7957,Kilgharrahs Love,0.10208896601442125
7957,Endless Dawn,0.0714319090828343
7957,Handmedownmybible,0.03551404976837347
7958,Dynamic Force,0.06707862031424858
7958,Pandion Power,0.1142410655169271
7958,Prince Of Eyeries,0.2805143919135574
7958,Vierson,0.0541884693378721
7958,Free Solo,0.010646717652944195
7958,Mount Ruapehu,0.06289147536375432
7958,Nezeeh,0.02927355260637832
7958,Rockbury Lad,0.08687685671540855
7958,The Bog Bank,0.07068555422112802
7958,Relevant Range,0.19394943999499284
7958,Takeachancejimmy,0.0043491991372393716
7958,Blue Wood,0.025304657225549382
7959,Show Biz Kid,0.05499163047054497
7959,Kinetic,0.11913046291101602
7959,Bobacious,0.13963165271973127
7959,Always A Star,0.17457499674591445
7959,Beach Point,0.24276373325705092
7959,Universal Story,0.05342732940538045
7959,Queen's Company,0.08514183790964917
7959,Eljaytee,0.13033835658071277
7960,Packetofbiscuits,0.13090839297782592
7960,Florida Dawn,0.03651412206118504
7960,Standput,0.019625467267021766
7960,Tolerance,0.12967157460267806
7960,Blue Empress,0.08380458223974754
7960,Blue Seeker,0.14494162775041677
7960,Easily Convinced,0.06150910188170995
7960,Epicurian Lad,0.04122567514622764
7960,Rock Diva,0.08043968706971337
7960,Glitter Code,0.17473677124738
7960,Risk,0.096622997756094
7961,Aurora Nova,0.016974724839255016
7961,She's Smart,0.1949374092803907
7961,Sam's Xpress,0.14897699515939916
7961,Lakota Lady,0.150021412061801
7961,Livingston Range,0.06962628922057881
7961,Whatswrongnow,0.08101735373487778
7961,Shoebox King,0.05496542283975755
7961,Eric Lock,0.1276155459148219
7961,Lismacbryan Hill,0.15586484694911795
7962,Dorney Lake,0.14222155924266022
7962,North View,0.11236689567159405
7962,Harry Did,0.09478080106077118
7962,Fletcher's Flight,0.2623418200707587
7962,Dashing Harry,0.07211869242134632
7962,World Of Darcy,0.09209267590499057
7962,Rhythmic Acclaim,0.2240775556278789
7963,Last Shamardal,0.11516630350656759
7963,Arabian Cobra,0.13303046154050804
7963,Moby Quick,0.04901922134327831
7963,Sabrimento,0.12226568306251213
7963,Amor Cordis,0.01910392051745236
7963,Invincible Melody,0.18500139147573225
7963,Penelope Valentine,0.1239009858836668
7963,Sherlock,0.05924763881871118
7963,Optimatum,0.04462532745874166
7963,Yehudi,0.09206192957260723
7963,Bad Habits,0.05657713682022234
7964,Sturlasson,0.10819276738190477
7964,The Poacher Daly,0.05356867824809769
7964,Emerald Harmony,0.2080621754857906
7964,Cuban Grey,0.03713468844651565
7964,Rathbranchurch,0.10665174617749966
7964,Only Spoofing,0.021863019335584273
7964,Distillate,0.05621420910765846
7964,Hero Of The Hour,0.09886477855900129
7964,Devil's Angel,0.02862079124600933
7964,Moonhall Lass,0.06129608552598864
7964,Tilly's Company,0.21953106048594964
7965,Marmoga,0.07148144147293527
7965,Spanish Mane,0.16478100185320305
7965,Roman Emperor,0.29077110736631495
7965,Scarlet Lady,0.40227523367481555
7965,Zina Colada,0.04816173532903178
7965,Fast Flo,0.013536207678858063
7965,Primrose Maid,0.008993272624841451
7966,Seraphim Angel,0.15202974110769876
7966,Megaphone,0.23322782947207504
7966,Desert Champion,0.32679948938431763
7966,Invincible Crown,0.16277108810554836
7966,Ay Gee Ell,0.05901695501648951
7966,Ruby's Profit,0.06615489691387078
7967,Doctor Grace,0.20083486106527815
7967,Eastern Wind,0.13854707931023333
7967,Mogwli,0.06826687861387448
7967,Waystar,0.019160476458539355
7967,Kartayaz,0.15403770395552469
7967,Uberrima Fides,0.1726820180680532
7967,Zentopia,0.24647098252849692
7968,Private Island,0.18808798861018486
7968,Clever Jack,0.05878062093352673
7968,Pay Attention,0.060106642817771165
7968,Calibos,0.07722094685878338
7968,Blue Train,0.11666350962455414
7968,Appleblossomwhite,0.07052949522010869
7968,Frostmagic,0.033181515116583835
7968,Squires Treaty,0.009730682804910986
7968,Herkeios,0.0698228359657605
7968,Duffus Castle,0.08765996229399421
7968,Miakoda,0.1471821894852692
7968,Latona,0.08103361026855234
7969,Boasty,0.07730895389394572
7969,Susiesparkle,0.043901929961815
7969,Curtiz,0.07960137697849089
7969,Forever Proud,0.3600726612001818
7969,City Escape,0.22093367823329957
7969,Back From Dubai,0.050633307574901684
7969,Headshot,0.06877780520450323
7969,Danehill Star,0.09877028695286205
7970,Powdering,0.17198908943764063
7970,Orchid,0.19999759924894883
7970,Griselda,0.050947093565434455
7970,Where's Clare,0.09267595504377074
7970,Neytiri Te Tskaha,0.05442244708792442
7970,Ziggy's Ariel,0.1805534503535677
7970,Scattering Light,0.13862970498093757
7970,Handle With Care,0.11078466028177565
7971,Courageous Gold,0.08917407025729032
7971,Bella Bluesky,0.01602145174381945
7971,Black Smoke,0.1497422277063913
7971,Alioski,0.07883878082036182
7971,Tarjamah,0.004977516689467452
7971,Zooks,0.21917703709237651
7971,Two Plus Two,0.13835327768364533
7971,Fine Print,0.19417301069684842
7971,Ocean Ridge,0.10954262730979926
9470,Lequinto,0.23884857641694127
9470,Em Jay Kay,0.12791135127752581
9470,Royal Musketeer,0.08841641055715968
9470,Hallowed Time,0.16581606572874846
9470,Classy Clarets,0.11367506021982189
9470,Haworth Star,0.032222413814127236
9470,Professor Tickle,0.04241727908146314
9470,Not Just Yet,0.10285704676631181
9470,Good Karma,0.01526086993002405
9470,Kipp Kelly,0.07257492620787649
9471,Enola Grey,0.2514491871614042
9471,Samra Star,0.34461250958206363
9471,Radiant Beauty,0.10291676552340454
9471,Jazzy Angel,0.1593011569762871
9471,Noisy Music,0.14172038075684062
9472,Golden Mind,0.040343646126222564
9472,Bobby Bennu,0.13054573893462326
9472,Brewing,0.1702285338423112
9472,Society Man,0.04477797779251643
9472,Royal Zabeel,0.12854208359625122
9472,Havanagreattime,0.2186397104513788
9472,Street Kid,0.13062978521667523
9472,Brasil Power,0.13629252404002115
9473,Mesaafi,0.23452626772956442
9473,Where's Freddy,0.06037656707342419
9473,Havana Force,0.12120741579729315
9473,The Caribbean,0.05691402656521299
9473,Eden Storm,0.022392034784039734
9473,Evocative Spark,0.008283552367471912
9473,Fools Rush In,0.17373623357653117
9473,Harbour Vision,0.036553654398926015
9473,Flatley,0.10196245530618936
9473,Circles,0.18404779240134705
9474,Thismydream,0.07483226088076661
9474,Basholo,0.08782425915746081
9474,Alafdhal,0.07086522346600965
9474,So Obsessed,0.07189542733028487
9474,Maharajas Express,0.10706556843144097
9474,Soldiers Design,0.03849142735096243
9474,Apache Star,0.13328209174245467
9474,Sir Benedict,0.10035376596350037
9474,Gustav Graves,0.20471109985877686
9474,Himawari,0.020783673258679646
9474,Buraback,0.0898952025596631
9475,Starfighter,0.22586480981424834
9475,Virtual Hug,0.06099663578276109
9475,Ocean Ridge,0.16885047917128593
9475,The Resdev Way,0.09858296187629814
9475,Villazon,0.08029419556334776
9475,Abstract,0.1115141375990549
9475,Muhalhel,0.11622468700879506
9475,Pittsburg,0.020705539737054864
9475,Where Is The Love,0.1169665534471539
9476,Smokey Malone,0.05684209286512859
9476,Enzos Angel,0.04252148373096865
9476,Wannabeawallaby,0.2236136971809889
9476,Orange Martini,0.00453305746495237
9476,Desiderata,0.13188597753582607
9476,Walk The Moon,0.10050304526452042
9476,High Court Judge,0.3175327803462165
9476,This Time Maybe,0.12256786561139844
9557,Carlton,0.5119526262519849
9557,Alright Sunshine,0.015815110282389185
9557,For Pleasure,0.044661392151758156
9557,Corsican Caper,0.07582955731208743
9557,Night Bear,0.1834283576052518
9557,Annandale,0.16831295639652855
9558,The Real McKay,0.08920515295568268
9558,Lady Wingalong,0.16689394012089562
9558,Biplane,0.11572009030086959
9558,Runaround Sioux,0.14781155586416594
9558,Green Tax,0.03928028470462067
9558,Scarlet Lady,0.22619922351300426
9558,Belle Flora,0.15190774286295805
9558,Starsong,0.06298200967780311
9559,Al Suil Eile,0.19991941584869305
9559,I Can't Believe,0.26144208122518214
9559,Down To The Kid,0.051244598937972424
9559,Light Up Our Stars,0.03724622932177535
9559,Retraction,0.12639728893620275
9559,First Dynasty,0.034665036759241014
9559,Northern Cracksman,0.026890563806767524
9559,Create,0.03677869505753639
9559,Mykonos St John,0.040365937369302475
9559,Ring Of Gold,0.18505015273732695
9560,Frankies Dream,0.2729544791082027
9560,Roysdelight,0.08052038079415648
9560,Until Dawn,0.08303377898196551
9560,Zadkiel,0.18605505357141222
9560,Woodhay Whisper,0.026388560168933654
9560,Bank On Kent,0.12765631430167193
9560,Coul Harswell,0.13652896830181258
9560,Sunny Time,0.06244610595993076
9560,Baby Rover,0.02441635881191408
9561,Sir Benedict,0.4713382863463276
9561,Dash Gordon,0.1526024582821946
9561,Stone Of Destiny,0.078207065069476
9561,Stroxx,0.19839463293279191
9561,Starshot,0.09945755736920994
9562,Pinjarra,0.17188068330384987
9562,Stella Hogan,0.06620595004234231
9562,Billy McGarry,0.09631982994212819
9562,Embarked,0.03990752086992103
9562,Timebar,0.24528630994052028
9562,Maith An Farhh,0.24519248147099656
9562,Flash The Dash,0.050637846145273745
9562,Melsmay,0.04804787955356995
9562,Hector's Left Foot,0.036521498731398
9563,American Rose,0.26417158987169365
9563,River Wharfe,0.11648338015847447
9563,Thanks Dad,0.05695841644832165
9563,Devasboy,0.07711070519957137
9563,Portoro,0.09537571169059077
9563,Vixey,0.06996770468876365
9563,King Of York,0.0702146070184198
9563,Stoic Syd,0.1085029225378008
9563,Fistral Beach,0.1412149623863639
9652,Rock Armour,0.05780979565977171
9652,Susiesparkle,0.13261240744803457
9652,It's A Love Thing,0.06350421197322517
9652,Muhib,0.35485688121744824
9652,We Still Believe,0.041845154243721136
9652,Desiderata,0.3101367423832693
9652,Stoneacre,0.03923480707452996
9653,American Star,0.09712728759577137
9653,Kalganov,0.07605744497803367
9653,Sir Maxi,0.06291380212850074
9653,Pallas Lord,0.408738264527301
9653,Rory,0.13166766430131083
9653,Drakeholes,0.0992032620406387
9653,Concert Boy,0.022336804470595047
9653,Keep Me Stable,0.10195546995784871
9654,Dembe,0.15343354644893498
9654,Orbaan,0.13478243719384597
9654,Quiet Resolve,0.1175179827468383
9654,The Cookstown Cafu,0.2044069664783333
9654,Chuzzlewit,0.17769648598586457
9654,Overnight Oats,0.15736272368757587
9654,Outsmart,0.05479985745860709
9655,Latin Five,0.1826369676903928
9655,Posh Maisie,0.008584648302121602
9655,Pockley,0.4027322768372625
9655,Sir Benedict,0.06175430461847695
9655,Global Effort,0.16595492667204717
9655,No Speed Limit,0.04075944502480101
9655,Stallone,0.12001716424290429
9655,Rockley Point,0.017560266611993725
9656,Northern Cracksman,0.0642044833364621
9656,Broken Spear,0.12709601902670475
9656,Falcon Nine,0.20744055747840354
9656,Skilled Warrior,0.0691706456355095
9656,Diddy Man,0.2512823103391541
9656,Shaz,0.04985108512676086
9656,Cuban Fiesta,0.10794391897405597
9656,Cloch Nua,0.12301098008294911
9657,Raft Up,0.2760881069402603
9657,Cuan,0.06958114396098043
9657,She'Sashambles,0.04748024875612585
9657,Athollblair Boy,0.06782989211757273
9657,Hurstwood,0.04052862822620724
9657,Arlington,0.10934690625564533
9657,Korroor,0.020205877671472146
9657,Wild Mountain,0.0386637510527327
9657,Midnightattheoasis,0.06652853623075837
9657,Cubanista,0.1370713518410697
9657,Doon The Glen,0.12667555694717514
9798,Almaty Star,0.1751302841432771
9798,Cinque Verde,0.0626339851544917
9798,Rhythm N Hooves,0.15941585436683298
9798,Crimson Sand,0.071804999646532
9798,Completely Random,0.11189074699925898
9798,Brave Nation,0.05739924980098801
9798,Jered Maddox,0.03011087688352027
9798,Sevensees,0.03182414388813769
9798,Sports Coach,0.02142108106713244
9798,Moulin Booj,0.1425728578107437
9798,Muker,0.04155717213648846
9798,The Thames Boatman,0.07672892425450172
9798,Fine Wine,0.017509823848095036
9799,Green Icon,0.06049020479322193
9799,Just Before,0.10538961472969786
9799,Iceford,0.08647577875355653
9799,Nyman,0.10595412550009402
9799,Grand Dante,0.17121706197095204
9799,Saint Brandon,0.12447921220085113
9799,Rion Rubette,0.10110286818044602
9799,School Of Athens,0.039372546199685214
9799,Scott Key,0.14244832383598263
9799,Widely Acclaimed,0.04487329589505489
9799,Navajo Point,0.018196967940457876
9800,Diligent Harry,0.08734872523532415
9800,Purosangue,0.04850801353530499
9800,Wiltshire,0.1704337272503018
9800,Shartash,0.11877036025226785
9800,Korker,0.1001349465100068
9800,Holkham Bay,0.18229786479835794
9800,Strike Red,0.021365963793695087
9800,Ferrous,0.10397229289967756
9800,Vintage Clarets,0.022312556058101004
9800,Spangled Mac,0.08804993431951075
9800,Aramram,0.05680561534745216
9801,Way Of Stars,0.10787085517113425
9801,Patrol,0.17459787297236956
9801,Ray Gun,0.14555262303694247
9801,Zabeel Rain,0.12579166744980352
9801,Crackalackin,0.16772145564048346
9801,Scarlet Moon,0.13349368755509844
9801,Infantry Officer,0.1449718381741682
9802,Bint Al Daar,0.03310785790516586
9802,Bellarchi,0.15945086823532498
9802,Enola Grey,0.15889108985513475
9802,Gaiety Musical,0.1108211298377391
9802,Viennoise,0.14549434260173322
9802,Liv My Life,0.06372361583597638
9802,Eazy On The Eye,0.04780111730002014
9802,Del Ray,0.15843736988482293
9802,Happy To Fly,0.12227260854408252
9803,Dividend,0.16863380420122817
9803,Molveno,0.0924918896031235
9803,Big Sip,0.12749881619377068
9803,Tilted Kilt,0.23274521849829344
9803,Thunder Wonder,0.14105424154072904
9803,Ja'marr,0.08124431974101058
9803,Joseph,0.15633171022184464
11322,Ellexis,0.06934989744513669
11322,Sid's Annie,0.1350035400363218
11322,Kingmont,0.1800206600545809
11322,Caramay,0.29344245187944623
11322,Silk Bird,0.028604360013991515
11322,Disclosure,0.20387292664040396
11322,Equuleus Star,0.08970616393011888
11323,Ravenglass,0.13823183361309113
11323,Centurion Dream,0.07553958271392709
11323,Forever Proud,0.23723470151146636
11323,Doctor Awtaad,0.057058077503251134
11323,Al Shabab,0.13613243107298484
11323,Boujee Gold,0.11167966789882648
11323,Northern Cracksman,0.006931092789233951
11323,Glencalvie,0.12434690342634026
11323,Evasive Power,0.06683405738577872
11323,Melsmay,0.04601165208509995
11324,Just A Spark,0.18201317768510697
11324,Tiger Crusade,0.2493864536296184
11324,Power Over Me,0.2231120069876114
11324,Lir Speciale,0.061398989275053814
11324,Pure Angel,0.04450070621351424
11324,Lady Dreamer,0.07467373434895817
11324,Monsieur Kodi,0.09140610159164356
11324,Mojomaker,0.036482376927850724
11324,That's For Sure,0.03702645334064278
11325,Le Rouge Chinois,0.0880994633493043
11325,Green Team,0.1485005684338079
11325,It's A Love Thing,0.15121095756478725
11325,Lawmans Blis,0.2047659907714711
11325,Hill Station,0.07732933458258016
11325,Dark Mystery,0.14370271967987758
11325,Blue Sky Boy,0.01706566908210985
11325,Alfheim,0.16932529653606193
11326,Anamika,0.09049706274103049
11326,Till It Shines,0.056801938244520296
11326,Artificer,0.08086693959598873
11326,Pessoa,0.3836782488534062
11326,Heavenly Fire,0.07621001406846804
11326,Speed Court,0.03802337905277973
11326,Too Much Too Young,0.051729390083283186
11326,Porfin,0.07531749650399135
11326,The Toff,0.07516426797650577
11326,Perfect Curves,0.0717112628800262
11327,Silky Robin,0.05674632069562472
11327,Bossy Parker,0.17751017047563586
11327,Salaamaat,0.05377373022917741
11327,Lady Ava,0.021641764882293614
11327,Heerathetrack,0.15572984732227793
11327,Concert Boy,0.028287391426382084
11327,Ash Wednesday,0.1507027427344312
11327,Brave Display,0.11485674733926954
11327,Quick Away,0.0650478936480751
11327,Kenstone,0.1177999993221535
11327,Gypsy Nation,0.057903391924679026
11407,Polling Day,0.025401362979104065
11407,Tribal Wisdom,0.2031295868872179
11407,Caelan,0.028950539853673945
11407,Etretat,0.1884493261224485
11407,Raintown,0.21487618742367867
11407,Annexation,0.09809551819456466
11407,Early Morning Dew,0.04768032547619897
11407,Obsidian Knight,0.1934171530631132
11408,Counsel,0.15974326751079984
11408,Diamond Dreamer,0.20047811741505114
11408,Gogo Yubari,0.22965672421084551
11408,Recon Mission,0.1651098687944426
11408,Harry Brown,0.15722346360416276
11408,Havechatma,0.08778855846469824
11409,Bravo Zulu,0.11824718163840067
11409,Tadreeb,0.1692323054526164
11409,How Impressive,0.10278924481882068
11409,Beattie Is Back,0.10609512206161341
11409,Thapa Vc,0.07689349153731949
11409,Giorgio M,0.13247036987200803
11409,Rey De La Batalla,0.2942722846192213
11410,She Went Whoosh,0.19898949385879966
11410,Psychodrama,0.08188379933525625
11410,One For Harvey,0.09105853911051276
11410,The Thames Lady,0.175254772425981
11410,Dandy Khan,0.1435697213724908
11410,Little Bittern,0.0619347126775256
11410,Blue Force One,0.02444806567595687
11410,Apple's Angel,0.2228608955434771
11411,Francisco,0.2204286014990566
11411,Flag Carrier,0.042506754417036566
11411,Brunel Charm,0.025693013460102086
11411,Arlecchino's Gift,0.05844945362630888
11411,Libra Tiger,0.0455995603001285
11411,Alfa Moonstone,0.010124071110680725
11411,Watermelon Sugar,0.3271250445812386
11411,Dream By Day,0.01936717140443279
11411,Nordic Glory,0.05346555696331121
11411,Fai Fai,0.19011262717756208
11411,Moorgate,0.007128145460141932
11412,Diderot,0.19212719916491833
11412,Symbol Of Light,0.02755976650723981
11412,Thunder Roar,0.03753471050977887
11412,Nikovo,0.04148669601142518
11412,Kind Of Kiss,0.03520240889904344
11412,Empirestateofmind,0.12401861802433421
11412,Cracking Gold,0.11395073752117689
11412,Tropez Power,0.07999805368475373
11412,Bajan Bandit,0.12499093800171635
11412,Enola Grey,0.12397775238830339
11412,Golden Pharaoh,0.013734405379579291
11412,Eligible,0.08541871390773047
11413,Dontspoilasale,0.1691532588245087
11413,Jered Maddox,0.27936747614345625
11413,Never Shout Never,0.1277630529219812
11413,Sporting Hero,0.1704452353219097
11413,Li Ban,0.039625095962646094
11413,Crystal Luna,0.21364588082549799
11414,Ignition,0.23777765505656012
11414,Emily Rebecca,0.23362463799692557
11414,Backer Bilk,0.12847032587682555
11414,Bear Baby,0.15024380490377715
11414,Rue d'Etoile,0.2498835761659117
11415,Init Together,0.10130229918234272
11415,Strategic Fortune,0.17241229697668806
11415,Global Resolve,0.033553586033747404
11415,Come On John,0.2238926564396679
11415,Lhebayeb,0.0083813701036419
11415,Jaamir,0.09277351979672835
11415,Mist Rollin In,0.07771899189663757
11415,Bay Of Naples,0.05343252404171077
11415,Keeper Of Secrets,0.018015805411105867
11415,Eva Rosie,0.16563413865392812
11415,Keen Interest,0.05288281146380135
11416,Jabbar,0.24402553120933115
11416,Persian Bliss,0.07574841573666384
11416,Jerandme,0.09058643106434608
11416,Pavilion End,0.18040240840622632
11416,Ted Hastings,0.11788192181121696
11416,Pearl Jewel,0.29135529177221575
11417,Many A Star,0.1303256416140523
11417,Mrs Morrell,0.16726763056608776
11417,Batal Dubai,0.22916888122180898
11417,Stanley Spencer,0.21833878099657364
11417,Ormolulu,0.1719993786876411
11417,The Green Man,0.05459254642150925
11417,Tyke,0.02830714049232696
11418,Rebel's Gamble,0.2808823426350942
11418,Cyclonite,0.4079473423671231
11418,The Actor,0.049463576497274044
11418,Yes I'm Mali,0.06536618925272325
11418,Humam,0.19634054924778527
11419,Rockbury Lad,0.1837284444306755
11419,Little Keilee,0.08307361086995584
11419,Miss Abby Jools,0.04848502248141589
11419,May Night,0.005629304538789885
11419,Eagles Whistle,0.05566351580431853
11419,Spirit Of Paradise,0.03304367494457914
11419,Tara Power,0.011935837780162465
11419,Chummie,0.14038444603653402
11419,Harbanaker,0.07363209426503063
11419,Hope And Innocence,0.11383566892796122
11419,Royal Tribute,0.11086598452244596
11419,Saxon Kingdom,0.00851224091033917
11419,Turbo Sprint,0.12091349356290657
11419,Zero Fighter,0.010296660924885197
11420,Catch The Paddy,0.05133236785314701
11420,Perfect Judgement,0.17417682214952507
11420,Migdam,0.19790798926413816
11420,Shoot To Kill,0.11724146406424943
11420,Glen Princess,0.007132530068772288
11420,Elegant Madame,0.05052073751995461
11420,Wrob And Wryan,0.23311079995222606
11420,Punk Poet,0.03291699490935538
11420,Hurricane Helen,0.13566029421863202
11421,Bambeano,0.0043823526815280536
11421,Nusra,0.09591093254743666
11421,Dromore Glory,0.19433637133839474
11421,Someone's Wish,0.06786747258613332
11421,Modern Talking,0.04004738149620023
11421,Gardone,0.18377418145185834
11421,You Done Well,0.15348296074711554
11421,Latin,0.06467701670936803
11421,L'immortale,0.0067798451259658684
11421,Gear Flat,0.05718067046655869
11421,Omakase,0.0058150548305576045
11421,Tasmanian Girl,0.005006316651495965
11421,Fine Print,0.11452089124219567
11421,Bright Start,0.006218552125191369
11422,Cloch Nua,0.27284084983406
11422,Charlatan,0.28479942635445343
11422,Carey Street,0.09615098309467895
11422,On Locust Point,0.0321366729065748
11422,Northbound,0.2252810028470428
11422,Maguire,0.029663821810179652
11422,Fire Eyes,0.008202030087282241
11422,Beautiful Dawn,0.013750155093596242
11422,Mr Slicker,0.0371750579721319
11423,Balqaa,0.23073525590675192
11423,Leap Year Lad,0.26191175991644206
11423,Boujee Gold,0.13573207327683634
11423,Imola,0.013959899299550748
11423,Lion's Dream,0.014389055458011111
11423,Urban Dandy,0.0774543764162808
11423,Kodebreaker,0.1045178057458867
11423,Mickey Mongoose,0.08347240421971265
11423,Masham Moor,0.07782736976052772
11498,Man Of Riddles,0.04522360529265566
11498,Alex The Great,0.3363325916525157
11498,Grand Scheme,0.052668709214753306
11498,Man Of Action,0.23429672206916072
11498,Quercus Robur,0.009982296331953888
11498,Opera King,0.033168445728536215
11498,Unification,0.11858726357336366
11498,Typewritten,0.038326785446664374
11498,Star Of Markinch,0.12443088263393604
11498,Freewheelin,0.006982698056460279
11499,Finsceal Annie,0.08053883213224278
11499,Pink Oxalis,0.10593527843107879
11499,Superior Force,0.0695976629832128
11499,Amemri,0.24247029592685526
11499,Nikki Swango,0.048377742045938324
11499,Notforalongtime,0.09430853816407504
11499,Circles,0.024147934071023433
11499,Still She Blooms,0.08897904682786167
11499,Bucky Larson,0.019808566675947766
11499,Suityourselfboss,0.07304441875178225
11499,Roderick,0.0075259482440893305
11499,Jackandthefox,0.03168104847237721
11499,Knockmore Prince,0.053203354811736325
11499,Royal Tribute,0.06038133246177912
11500,Keldeo,0.12711973379063782
11500,Frank The Spark,0.2750084867109033
11500,Darlo Pride,0.29651898063503324
11500,Ganesha,0.11014875620403328
11500,Gustav Graves,0.0950491778447195
11500,No Speed Limit,0.09615486481467292
11501,James Henry,0.09069530595100948
11501,Dream Today,0.05822728289784565
11501,I'm Spartacus,0.1544905616256307
11501,Hero Of The Hour,0.061023510439503326
11501,Devil's Angel,0.016134272913783398
11501,Velvet Skies,0.05559879110962472
11501,Macadam's Rock,0.055596134000347686
11501,Winemaker,0.16936284915668448
11501,Happy For Evva,0.06246308461479721
11501,Moonhall Lass,0.056825734309748056
11501,Hasiyna,0.04647964825132838
11501,Gimmieminnie,0.023248320513308017
11501,Rattletheonionbag,0.149854504216389
11502,Sibyl Charm,0.11724037860999006
11502,Kats Bob,0.24919695921760388
11502,Prince Of Bel Lir,0.13053391814078022
11502,Asadjumeirah,0.142778346672691
11502,Wild Mountain,0.09434686016242964
11502,Tantomile,0.2659035371965052
11503,Jerandme,0.044585364723412936
11503,Palamon,0.004252596221200454
11503,Aird,0.13491490683296886
11503,Grappa Nonino,0.005692686647311313
11503,Scott Lang,0.15654321403103896
11503,Inchiquin Maid,0.10070106583211008
11503,The Truant,0.11799045153912031
11503,Beauforts Storm,0.02718267416961858
11503,Nusra,0.10535147984221202
11503,Warrior Lion,0.01712212707557866
11503,Wrecking Ball Paul,0.10521251747837299
11503,Influential Lady,0.043411066089875334
11503,Indulging,0.13703984951717962
11504,Dromore Glory,0.2558834098429111
11504,Highland King,0.0538418007805403
11504,Burvea,0.0064635001211650394
11504,Gardone,0.1462947558440422
11504,Slowdownbarney,0.10258348832168501
11504,T Or Coffey,0.12588069848807582
11504,Randall Poets Lass,0.12202835962695473
11504,Rock Basher,0.15995388232831145
11504,Noble Expression,0.02148438421518682
11504,Tastyee,0.005585720431127437
11505,King's School,0.07946137397762545
11505,Tasever,0.19007905447408016
11505,Streak Lightning,0.16384938976054417
11505,Power Of Zeus,0.11636597071318704
11505,Rebecca's Girl,0.16319433521692522
11505,Gundogan,0.09531447307171838
11505,Bobby Joe Leg,0.19173540278591972
11506,Volatile Analyst,0.16709780808742145
11506,Mythical Rock,0.08096637526246593
11506,Albion Power,0.008165177232279218
11506,Enough Already,0.14006291571947055
11506,Morning Approach,0.05596467369431638
11506,Tribal Moon,0.1770253307633625
11506,Church Mountain,0.07806928869925304
11506,El Bello,0.0664141945110787
11506,Little Empire,0.04457893034971162
11506,Comfort Line,0.18165530568064056
11636,Keats House,0.06394836300006608
11636,Ardaddy,0.10392084374492458
11636,Groundhog,0.06581503111090974
11636,Rosezan,0.03277128114360803
11636,Ottoman,0.15282154574683646
11636,Hill O Rue,0.034206512575061895
11636,Sanbona,0.11475362407483147
11636,Flamborough Head,0.13113201614492118
11636,Amber Honey,0.0883111266783717
11636,Hashtagnotions,0.1524382046332462
11636,Heartened,0.05988145114722254
11637,Marbush,0.1227669741791211
11637,San Juanito,0.20376467459697437
11637,Lazieelunch,0.10291388752346178
11637,Manara,0.20098927837113698
11637,Enrolled,0.2358369605725241
11637,Bentbasa,0.13372822475678167
11638,Toralou,0.06000727250893667
11638,Stratocracy,0.0888217716360233
11638,Roaring Ralph,0.136692067024475
11638,Swiss Ace,0.04890229338811696
11638,Pallas Lord,0.050555660514275715
11638,Havana Prince,0.10115814603022583
11638,Highland Olly,0.08658049330398541
11638,Quintus Arrius,0.08767692092854969
11638,Ideal Guest,0.0911329402917536
11638,Ahamoment,0.07172885919102535
11638,Heavenly Heather,0.03323662546064341
11638,Alfie Boy,0.061765557128450096
11638,Yorkshire Glory,0.08174139259353884
11639,Phoenix Beach,0.056226653146927104
11639,General Assembly,0.19552500873633052
11639,Watermelon Sugar,0.038759305761193616
11639,Jojo Rabbit,0.12390482468257674
11639,Rosenpur,0.12115213363484954
11639,Aces Wild,0.14466047599950446
11639,Cabeza De Llave,0.11933510888072273
11639,Level Up,0.08382505704652936
11639,Walking On Clouds,0.018686619546229747
11639,Gustav Graves,0.09792481256513612
11640,Mr King,0.0648676714219596
11640,Barefoot Warrior,0.1629060161460108
11640,Theme Park,0.02752897549965821
11640,Austrian Theory,0.09260990070786553
11640,Cruyff Turn,0.09850792521035562
11640,Good Morning Alex,0.062223871468321396
11640,Great Blasket,0.05068041345115183
11640,Barley,0.08864751920462989
11640,Empire Of Light,0.07984759980987675
11640,Hale End,0.10648480530076833
11640,Classic Encounter,0.11671957384228199
11640,Reidh,0.04897572793711987
11641,Bungle Bay,0.09996378911156935
11641,Penny's Spirit,0.04191013153237206
11641,Smasher,0.09823605535521591
11641,Charlatan,0.1260534835779772
11641,River Wharfe,0.05885335989361649
11641,Candy Warhol,0.025202962463613376
11641,Ya Rayah,0.08627354097346726
11641,Bold Suitor,0.1457906151118828
11641,So Chic,0.2277104766465608
11641,Diligent Henry,0.04919372108281048
11641,The Cola Kid,0.04081186425091407
11642,Didaar,0.04150806670546531
11642,Capla Lazarus,0.05599919744229279
11642,Titainium,0.16354826173171122
11642,Mister Daydream,0.08534760490430386
11642,Lechuga Lad,0.26506016622208123
11642,Highwaygrey,0.10391899895485364
11642,My Harrison George,0.10558963161981089
11642,Elemental Eye,0.07573208595377204
11642,Kaaress,0.07376190081535922
11642,Stand Strong,0.029534085650349935
11643,Swinging London,0.05845013896878213
11643,Banderas,0.13954671897666443
11643,Standbackandlook,0.2055659536832544
11643,Forest Spirit,0.18399460710382426
11643,Liberated Lad,0.049746919199127305
11643,Cogital,0.021899883129707053
11643,Sydney Seabreeze,0.16951288347138269
11643,Slowdownbarney,0.17128289546725778
11644,Salaria,0.2022591205697322
11644,Magic Topissima,0.14095033052104386
11644,Aurelius Maximus,0.12711492200523553
11644,Call Me Audrey,0.03855116234694993
11644,Owt For Nowt,0.20366892734460967
11644,Precious Spartan,0.06537991921586267
11644,Spirit Of Murray,0.0742391556972888
11644,Cuda Been A Rowlex,0.06301887361570913
11644,Bear Baby,0.08481758868356831
11645,Serious Look,0.11048417371960464
11645,River Alwen,0.13288631109769572
11645,Star Of Jupiter,0.18204283202919525
11645,Port Noir,0.14089712401097282
11645,Bitcoin Profit,0.042855545112180086
11645,Dash Power,0.08908479339564346
11645,Lhebayeb,0.01198017169898827
11645,On Locust Point,0.10504308504825038
11645,Bay Of Naples,0.1603927689887529
11645,Exceptionality,0.024333194898716617
11646,Strategic Fortune,0.04122958824260024
11646,Desiderata,0.13365081238892534
11646,The Pug,0.16236711157758016
11646,Cryptos Dream,0.18147102108386273
11646,Trusty Scout,0.15689412673324277
11646,Sir Laurence Graff,0.04516348619833407
11646,Possible Ambition,0.0062581495702134895
11646,Mykonos St John,0.024188876680388563
11646,Pop Noodle,0.1767277311043079
11646,Dors Delight,0.07204909642054479
11647,Saffredi,0.047645970901288075
11647,Bomb Squad,0.09798480718538198
11647,Alafdhal,0.06110393126909041
11647,White Umbrella,0.0780616952224751
11647,Some Nightmare,0.024992461267662
11647,Nubough,0.1537243796656481
11647,Radiant Angel,0.10517431217456825
11647,Papa Don't Preach,0.07033927061765394
11647,Autumn Angel,0.08465495233349006
11647,Outer Edge,0.08449904039059183
11647,State Of Madness,0.1200740552701786
11647,Supernova Steps,0.03446552513425182
11647,Global Effort,0.037279598567719736
11648,Crack Shot,0.11906384896725332
11648,Hieronymus,0.040151005004242964
11648,Racingbreaks Ryder,0.02884428128630843
11648,Pjanoo,0.12128292094060478
11648,Noble Order,0.0028809748443026527
11648,Rogue Encore,0.08960659109707911
11648,Atlantic Gamble,0.12283975216398044
11648,Brasil Power,0.150320797486062
11648,Lessay,0.07653116431196781
11648,Ata Rangi,0.18136185018604997
11648,Enthused,0.05349298037107385
11648,Rhythm N Rock,0.013623833341074486
11649,Strike,0.023862725909077273
11649,Future Cutlet,0.0763977500914142
11649,Hodler,0.03002488824617911
11649,Arctician,0.07655423575027497
11649,Perennial,0.10648871008144434
11649,King Cabo,0.012986003480131136
11649,Berry Clever,0.1508180061281601
11649,La Fleur Petrus,0.0842463506842737
11649,Al Ameen,0.09146321597499858
11649,Chifa,0.040423264045320956
11649,Mbappe,0.13897265754189544
11649,Soar Above,0.01311524875805785
11649,Stacey Racey,0.1546469433087723
11650,Carbine Harvester,0.16020500644165409
11650,Santa Savana,0.03468389017891931
11650,Brosay,0.011080008158151496
11650,Jewel Of London,0.17286536383784815
11650,Wheels Of Fire,0.11435212728458999
11650,Proudly Yours,0.03964549923313376
11650,Ardennes,0.022443503827247278
11650,Noble Victory,0.15693355514977433
11650,Pont Neuf,0.10864422164439923
11650,The Flying Seagull,0.13396404740876175
11650,Tattie Bogle,0.04518277683552072
11651,Zoran,0.1199162034311514
11651,Robusto,0.21827332855803733
11651,Artisan Dancer,0.05779620293233862
11651,Rogue Tornado,0.1921690106865261
11651,Cinnodin,0.17942962430462614
11651,Hebridean Nomad,0.23241563008732047
11652,Solanna,0.032625526733926574
11652,Foreseen,0.04473609293056356
11652,Nowhere,0.060597655511327925
11652,Versatile,0.031069904983607552
11652,Laser Focus,0.11288412703449945
11652,Golden Dove,0.05975878605569707
11652,Imperial Cult,0.03600270935372201
11652,Dibble Dabble,0.2086548061718257
11652,Birthday Angel,0.17516943758813222
11652,Bye Bye Salam,0.048436862927350124
11652,Egoiste,0.1508602763895022
11652,Yes Sir,0.039203814319845695
13230,Fiorella Princess,0.05435271974447486
13230,Dandy Magic,0.15430409489575056
13230,Blinky,0.23836591865942974
13230,Star Chorus,0.3027840970662045
13230,Oakley Boy,0.07056262714073877
13230,Fallen Soldier,0.03181667613278693
13230,Startling,0.1211609257330519
13230,Atherstone Beau,0.026652940627562762
13231,Illucidate,0.09140537930748248
13231,Percy Willis,0.4152703596672041
13231,Humble Spark,0.2826375985783649
13231,Show No Fear,0.21068666244694848
13232,Rhythm N Hooves,0.07151430681409988
13232,Mondammej,0.29813409426275783
13232,Sugar Hill Babe,0.13203547550041383
13232,Dark Kestrel,0.19200446456175635
13232,Our Absent Friends,0.04966296560085914
13232,Strong Johnson,0.13467083220413667
13232,Parisiac,0.12197786105597633
13233,Powerful Response,0.021740895028450006
13233,Kalikapour,0.05659145154465451
13233,Parish Councillor,0.18141836755521487
13233,Russian Virtue,0.15702499676268786
13233,Annandale,0.26125549857248265
13233,Sandret,0.20366256696707277
13233,Burglar's Dream,0.07576102919874736
13233,Racing Vicar,0.03528130267086659
13233,Dundory,0.007263891699823375
13234,Red Maids,0.15403961065900668
13234,Beattie Is Back,0.11451377493027909
13234,King's School,0.045389695805721664
13234,Commander Of Life,0.09250629360315657
13234,Starliner,0.12117068731412536
13234,Barnaby,0.1280394998744742
13234,Petra Celera,0.018704696435976876
13234,William Dewhirst,0.2137188473223428
13234,Alreet Cha,0.04387639071750848
13234,Homer Stokes,0.0680405033374085
13235,Ahamoment,0.12355021707479513
13235,Wyvern,0.10581182901585892
13235,Rebecca's Girl,0.17908437357060253
13235,Drafted,0.09721270432423429
13235,Tasever,0.07267426212323057
13235,Belle Flora,0.03154382824333326
13235,Drakeholes,0.10782221767217069
13235,Pallas Lord,0.12299833842983936
13235,Keep Me Stable,0.12520675550309832
13235,Marcello Si,0.03409547404283683
13236,Tyger Bay,0.06141591206058067
13236,Above,0.09820619654276398
13236,Hierarchy,0.0881152483786209
13236,Grenham Bay,0.22417326701956777
13236,Gundogan,0.15222093548564788
13236,First Company,0.07632320940483603
13236,Mighty Gurkha,0.019055475912611024
13236,Big R,0.134692843426578
13236,Roach Power,0.02458389051126856
13236,Runaround Sioux,0.05749173998066036
13236,Man On A Mission,0.06372128127686481
13237,Saturnalia,0.0421447803449048
13237,Timetobenice,0.13465518681296323
13237,Monopolise,0.24743752739311853
13237,Mond,0.008566763187429289
13237,Clipsham La Habana,0.055882785206684694
13237,Drumstick,0.10786925964669523
13237,Bernadine,0.07954615569531559
13237,Beauty Generation,0.15329782075655954
13237,Profitman,0.06589504075906566
13237,Night Arc,0.005979329050451468
13237,Shamardal Star,0.06237751428877349
13237,Taskheer,0.0363478368580385
13238,Beccali,0.4578181967219705
13238,Molveno,0.29024356246755373
13238,Hippocratic Oath,0.1899936333133067
13238,Northwest Passage,0.06194460749716921
13239,Robusto,0.15651806917149683
13239,Zoran,0.1248882079751346
13239,Jack McNamara,0.3266840032462144
13239,Golden Flame,0.035580183400077355
13239,Haaland,0.08157923747121676
13239,Poncho,0.04943696067708294
13239,The Craftymaster,0.03871145169723411
13239,Francesco Baracca,0.18660188636154298
13321,Northern Ruler,0.06084674760494785
13321,Gaassee,0.2337865921521497
13321,Knockbrex,0.1409142917691342
13321,Sea Legend,0.042573168196256526
13321,Wind Your Neck In,0.06222031372294264
13321,Plage De Havre,0.2829218881984831
13321,Midnight Lion,0.17673699835608592
13322,Asgard's Captain,0.2140725404436833
13322,Royal Approval,0.24231052101047404
13322,Yokohama,0.0458803460559017
13322,Charlie's Choice,0.16223460510291882
13322,Westernesse,0.1276104406250288
13322,Beatrice Shilling,0.09552694510135779
13322,Humble Spark,0.11236460166063553
13323,Dakota Power,0.05003597232214878
13323,Charencey,0.14165556538819774
13323,Show Biz Kid,0.06241824991939819
13323,Yeoman,0.2590301917609255
13323,Urban Road,0.06299905110458531
13323,Calanthe,0.1358151000475571
13323,Outsmart,0.04013213792101435
13323,Poetic Force,0.07783219992528427
13323,Silk Bird,0.019693489149333825
13323,Diffident Spirit,0.1503880424615549
13324,We Never Stop,0.11347737168680115
13324,Michaela's Boy,0.22787163360776863
13324,Hiya Maite,0.08114603396271969
13324,Almaty Star,0.13313186319921455
13324,Airman,0.0526537880359069
13324,Existent,0.07482313631669135
13324,One Night Stand,0.048236119913590864
13324,Night On Earth,0.19535158058469818
13324,Dark Kestrel,0.07330847269260869
13325,Blast The Dream,0.11481137603650855
13325,Lady Mariko,0.19126496690699893
13325,Golden Thorn,0.22277217050542486
13325,Mayor Of Maghera,0.04327108784541547
13325,Saxonia,0.17718626475804491
13325,West Tyrone,0.14462581094369853
13325,Bantz,0.10606832300390853
13326,Crafter,0.1603450715578082
13326,Meet Me In Meraki,0.08616415402575932
13326,Prince Ali,0.05398058996162828
13326,Sense Of Worth,0.0698775094296247
13326,Egoiste,0.15360944162750437
13326,Chourmo,0.04344982818647983
13326,Tasmanian Legend,0.17324843453992872
13326,Green Power,0.11422768252138221
13326,Book Of Life,0.12542122510758016
13326,Simply Red,0.019676063042304265
13327,Gustav Graves,0.1607325723252851
13327,Better,0.08672734200574499
13327,Forest Gunner,0.2636344592345588
13327,Sugar Baby,0.07160164621805655
13327,Three Beauz,0.24947933647752946
13327,Ballysax Lil' Mick,0.16782464373882516
13328,Overnight Oats,0.38007278543110673
13328,Autumn Rose,0.13794817706861873
13328,Bint Havana Gold,0.19939147034575463
13328,Diddy Man,0.05896468072197378
13328,Romanovich,0.03020615019410214
13328,Bomb Squad,0.13023101095805348
13328,Plumette,0.03948291006753718
13328,Heavenly Fire,0.023702815212853508
13329,Tomorrow Day,0.385727067934746
13329,Piloto Pardo,0.07388493038041714
13329,Bella Kopella,0.06995546059610408
13329,Captain Vallo,0.058887498555154696
13329,Show Me Show Me,0.10247107172004365
13329,Rebecca's Girl,0.21926085955437194
13329,The Gay Blade,0.08981311125916258
13330,Emaculate Soldier,0.05273805341337849
13330,Chase The Dollar,0.025583606858729277
13330,Kinetic,0.2875571053839214
13330,Without Compromise,0.05526568029032305
13330,Mount Olympus,0.073562001478432
13330,Trojan Storm,0.09869384352147309
13330,Percy Willis,0.06211221307778832
13330,Alfheim,0.10923720396308313
13330,Educate,0.019360384328182153
13330,Man Of Riddles,0.01921484152819662
13330,Khangai,0.19667506615649238
13411,Kingdom Come,0.12213685936351026
13411,Symbol Of Light,0.04029688327653017
13411,Two Tempting,0.04921553350331726
13411,Whip Cracker,0.2304595817539841
13411,Final Voyage,0.0788680958890793
13411,Local Hero,0.04043810338009247
13411,Tolstoy,0.01750448779824253
13411,Farasi Lane,0.04837684072231258
13411,Silent Age,0.08746675352636261
13411,Great Chieftain,0.045497124983321584
13411,Bajan Bandit,0.04650309962698863
13411,Zoffandia,0.19323663617625855
13412,Brunel Nation,0.29565336322532176
13412,Intervention,0.11045554996354186
13412,Follow Your Heart,0.18763671377688632
13412,Pressure's On,0.09020872270327565
13412,Court Of Session,0.04194747944153417
13412,Enthused,0.1761085983538607
13412,Thapa Vc,0.035215361019659754
13412,Harbour Vision,0.031536379507674475
13412,Three Yorkshiremen,0.031237832008245318
13413,Probe,0.12480576318161926
13413,Silky Wilkie,0.06183392342467759
13413,Knebworth,0.19317586842208667
13413,Sir Les Patterson,0.11359862618090208
13413,Grant Wood,0.06015125896852359
13413,Brooklyn Nine Nine,0.05258244355650745
13413,Twilight Romance,0.0614412186796295
13413,Monsieur Beaulieu,0.0851683478058697
13413,Habooba,0.1729280941048375
13413,Cargin Bhui,0.07431445567534674
13414,Meadram,0.23792139174690907
13414,Bluebottle Blue,0.055290766969336026
13414,Curtiz,0.26131320264708036
13414,Corporate Raider,0.09282985776155347
13414,Harry The Haggler,0.07442168110378361
13414,Major Major,0.21102058735144227
13414,Persian Phoenix,0.06126837017247464
13414,Senseofentitlement,0.005934142247420587
13415,Hardlass,0.075654139707397
13415,Bank On Kent,0.2517115407797262
13415,Blue Force One,0.11290295055765688
13415,Hala Joza,0.0370676511029478
13415,Ancient State,0.08258090365698066
13415,Kameko Spirit,0.2152205268517165
13415,La Mer Grise,0.1382294639843287
13415,Miss Campanella,0.08663282335924626
13416,Arthur's Realm,0.06963230900951596
13416,Arcadian Nights,0.2122378532804368
13416,Eagle Day,0.09825506450815863
13416,Son Of Man,0.08055007760360883
13416,Civil Law,0.05555544254595233
13416,Expert Witness,0.059320949327702266
13416,Party Island,0.06352151207402501
13416,Etretat,0.0819697788410812
13416,Laser Focus,0.1165256714862703
13416,Shahbaz,0.16243134132324866
13417,Desert Champion,0.277541490677477
13417,Just Like Magic,0.09623410603985079
13417,Oakley Boy,0.3458415676530214
13417,Alashos,0.1063232501407063
13417,Commendation,0.06900818032383556
13417,Over Spiced,0.012250669033898372
13417,Fallen Soldier,0.09280073613121058
13418,Nubough,0.008149305903546294
13418,Silky Robin,0.04288580566385817
13418,Papa Don't Preach,0.28792433232411707
13418,Lion Ring,0.17307391830293137
13418,Poetic Jack,0.09384991927281691
13418,Due Date,0.013816278764179298
13418,Bear To Dream,0.08870814247818401
13418,Doves Of Peace,0.051389791552938234
13418,Lilkian,0.16752346484778738
13418,Lion's Dream,0.0726790408896413
13419,Stella Hogan,0.07686258866581064
13419,Windsor Pass,0.08353238085663159
13419,Conquest Of Power,0.17698161665611103
13419,Shamardia,0.17499542454285574
13419,Time Patrol,0.19936179432702764
13419,Mond,0.012635932399174474
13419,Colorada Dancer,0.040317339825611566
13419,Ravensbourne,0.10075156759595098
13419,Match Anthem,0.06964053578381338
13419,Mashaan,0.06492081934701294
13420,Kitaro Kich,0.12653503781993547
13420,Born A Rebel,0.023773542257903384
13420,Love Your Work,0.11140934668858897
13420,Outrace,0.08995933477484797
13420,Miss Sunset Strip,0.06351550705935047
13420,Waleyfa,0.14441699654448975
13420,Mr Fustic,0.14657329222196244
13420,Tasmanian Legend,0.03698456583176163
13420,Angelica K,0.029076060198843876
13420,River Alwen,0.11508670292984044
13420,Taskheer,0.1126696136724757
13421,Boujee Gold,0.2233047357342128
13421,Velvet Vortex,0.010166940776559788
13421,Tactical Control,0.16443108965657616
13421,We'renotreallyhere,0.15114158123462115
13421,Heerathetrack,0.12608555293318927
13421,Comedian Leader,0.15841770040822734
13421,Repartee,0.012124007699756677
13421,Laurentia,0.009938758944942661
13421,Irrelevant,0.008982336288511316
13421,Limelight,0.08296348258607321
13421,Tilsworth Max,0.05244381373732948
13548,Gegenpressing,0.051728575938514924
13548,Hasiyna,0.08051848945572328
13548,Little Mi Mi,0.016300090044938792
13548,Akeela,0.0647117131039332
13548,Stanhope,0.0599401871818922
13548,Dark Willow,0.4366071673248683
13548,Navorrosse,0.05593617999715344
13548,Step Back In Time,0.06775311262674391
13548,Lismacbryan Hill,0.1665044843262319
13549,Detroit Lion,0.07052666058450534
13549,Value Added,0.09120984091930107
13549,Ribble River,0.18207547037649396
13549,Billy No Mates,0.04035408679349667
13549,Trapper John,0.1295048030328396
13549,Vampire Slayer,0.086794635855792
13549,Sonning,0.05340597252342899
13549,Greenlightforgo,0.15650115003780216
13549,Mr Zippi,0.09248702885927296
13549,Letmeseethecolts,0.09714035101706713
13550,Glory And Honour,0.254997764763427
13550,Royal Deeside,0.1279383176674608
13550,Pigeon House,0.3135550920777575
13550,Diamand De Vindecy,0.2056891674928406
13550,Bamboo Bay,0.09781965799851408
13551,Star Harbour,0.06114354664020309
13551,Bay Of Sanibel,0.21400174942239383
13551,Poetic Sound,0.2801638882337573
13551,Saturn,0.17615794797685866
13551,Mo Ghille Mar,0.13894742213336023
13551,Mordor,0.12958544559342677
13552,Dream Composer,0.13610557163950224
13552,Venture Capital,0.157901652647734
13552,Manila Scouse,0.0747950666747529
13552,Nazron,0.039675137690011054
13552,Ventura Express,0.11485864322044517
13552,Vince L'Amour,0.12291301339253588
13552,Fahrenheit Seven,0.09082569366420414
13552,Intervention,0.05185582797192277
13552,Brooklyn Nine Nine,0.09324734389523405
13552,Wen Moon,0.11782204920365778
13553,Tudor Manor,0.17589611637826214
13553,Churchwarden,0.015726222349047858
13553,Duke Of Leggagh,0.012728559087173108
13553,Imarajan,0.05506534212460224
13553,Scott Lang,0.1500581920909493
13553,Inchiquin Maid,0.05881125626870947
13553,Viceregent,0.2922833834099272
13553,The Truant,0.0872959528207685
13553,Billie Frechette,0.06108680516364233
13553,Makaiah,0.05979070319811617
13553,Bynx,0.03125746710880149
13554,Lesley's Boy,0.13052523293782986
13554,Dark Cloud Rising,0.09123871453434546
13554,Cayman Tai,0.08667960333206302
13554,Peter The Wolf,0.10240895482514703
13554,Fan Mail,0.1830901803977389
13554,Middleton View,0.15858533067957886
13554,Scatter Penny,0.03532348119325845
13554,Invitorio,0.14703833292330232
13554,I Need Your Love,0.06511016917673614
13555,South Shore,0.049817157784973115
13555,Torfrida,0.23823169223365678
13555,Wrestling Revenue,0.061752800771430964
13555,Herakles,0.12712123638120118
13555,Doddie's Impact,0.06609427996132587
13555,King's Crown,0.0418273344608656
13555,Crocodile Power,0.07165847971058834
13555,One More Dream,0.06436226580199737
13555,Mrs Trump,0.1220192517398963
13555,Ifonlytheycudtalk,0.15711550115406453
13556,Secret World,0.08201592491508618
13556,Tuba,0.03625623864110618
13556,Yes Oui Si,0.10574313768329216
13556,Heliogabalus,0.34934079190913075
13556,Summer Snow,0.15952235620612812
13556,Church Mountain,0.03802004835268709
13556,Out On Friday,0.040117617008149434
13556,Seti,0.05093595831816928
13556,Purple Sky,0.013581561381470928
13556,Rain,0.027476104146429706
13556,Hurricane Helen,0.04213038866950626
13556,Step To Somewhere,0.00989935740278697
13556,Harseva,0.044960515366056865
13557,Livio Milo,0.09842328440826885
13557,Yaajooz,0.05167790914810231
13557,Partisan Hero,0.10897031551194529
13557,Shaladar,0.250338519135985
13557,Finn Russell,0.14410284114317384
13557,Masqool,0.2291718109442128
13557,Milteye,0.11731531970831194
13558,Glinka,0.10393341895745072
13558,All Right By Me,0.09143773805498083
13558,Booklight,0.04392903050540678
13558,Angelo Pio,0.06487979903764853
13558,Palmezzano,0.09822950505776222
13558,Antoine De Paris,0.019001097896468557
13558,Junkyard Dog,0.10379269552950748
13558,Sottsands,0.03718546738366854
13558,Live Like The Boss,0.05139364335524614
13558,Ice Jet,0.031471736481825614
13558,One Of A Kind,0.04666848616874711
13558,Baila Conmigo,0.016621622932409943
13558,Your Call,0.022249188959285987
13558,Johnny's Oasis,0.031366485719644226
13558,Blondina,0.003565890259611162
13558,Real Petite,0.12631201345823376
13558,Elvetham,0.008223206631756047
13558,Buck Barrow,0.07063185978525453
13558,Let Her Cook,0.029107113825091895
13559,Educate,0.048780135883982986
13559,Kalikapour,0.08091520973287934
13559,Hawa Jumeirah,0.057484291535397025
13559,Rubellite,0.22711525236573488
13559,Tazaman,0.041826600716074164
13559,Ana Emaraaty,0.17380094142758992
13559,Lednikov,0.06296104859549749
13559,This Time Maybe,0.11903614384460501
13559,Forglen,0.11048176859265277
13559,Lumberjack,0.07759860730558645
13560,Eager Puccini,0.08091721153923243
13560,No Release,0.15531833766109474
13560,Ballarat Bertie,0.2276650110053729
13560,Magna,0.08275729904430193
13560,I Can Boogy,0.083013127200434
13560,Mission In Malton,0.08838148006135206
13560,Big Gypsy King,0.07364594105635927
13560,My Boy Harry,0.06256718549460835
13560,Clipsham Noble,0.12189331467253146
13560,Pretty Spirited,0.023841092264712937
13561,Delicacy,0.12071887760137742
13561,Biplane,0.033325795060936005
13561,Blufferonthebus,0.07109456469414152
13561,Art Patron,0.06864211361868836
13561,Zizi,0.11666724669454072
13561,Eliza Bennet,0.14060604815059255
13561,Calaxy,0.07199956959541189
13561,Veraison,0.05234001522791908
13561,Party Bear,0.15913652956884597
13561,Paint The Town Red,0.13219852854200817
13561,Cushty,0.03327071124553849
13562,Disclosure,0.2624413294024843
13562,Billy McGarry,0.04662928695227275
13562,Just Rita,0.12744883774812532
13562,Jack Daniel,0.06486774928038506
13562,Angelica K,0.008768153820590837
13562,Heretic,0.04340404312195707
13562,Mickey Mongoose,0.05091021197720623
13562,Copper Mountain,0.09451841083182745
13562,Royal Jet,0.05747681495707786
13562,Timebar,0.18839680985769716
13562,Beautiful Dawn,0.008371897748151814
13562,Mr Stanley,0.022807331328604435
13562,Twistaline,0.023959122973619847
13563,Philanthropist,0.11878849744959112
13563,Kirkdale,0.1804235258013645
13563,Prince Of India,0.0899712459889602
13563,Nahash,0.03690187869917454
13563,Stenmark,0.14801094732684522
13563,Stapleford Park,0.06264191617766185
13563,Captain Harry,0.04421523938486869
13563,Platinum Crystal,0.11566852062436302
13563,Dandy Magic,0.09389966217076251
13563,Juba,0.10947856637640829
15087,Knockbrex,0.20432167583021388
15087,Vibrato,0.364834285852585
15087,Epsom Faithfull,0.22747723230447633
15087,Hitched,0.10423292231625773
15087,No Surrender,0.09913388369646699
15088,Douglas Dc,0.11338496827150218
15088,Paradoxical,0.20999967246120024
15088,Seraphic,0.14391736470048697
15088,Another Beautiful,0.06226024606782469
15088,Kojin,0.09851622724552782
15088,Forge Valley Lad,0.08529142261434129
15088,Moon Over The Sea,0.11903765549153594
15088,Lost In Time,0.06758921551343573
15088,Hello Sweety,0.10000322763414497
15089,Tadreeb,0.29581384894201257
15089,Fools Rush In,0.31273236273331495
15089,Poetic Force,0.21702401985057376
15089,Go Wild,0.17442976847409888
15090,Brosay,0.01308183128403451
15090,Ardennes,0.12532977058939684
15090,Dream Voyage,0.0479919686284814
15090,Amerjeet,0.13159657667338917
15090,Sergio Parisse,0.15220826481771033
15090,Carbine Harvester,0.2456919099975422
15090,Berkshire Kameo,0.20303151363138114
15090,Rock N Roll Rocket,0.08106816437806456
15091,Bowood,0.19738780338946565
15091,Orbaan,0.09393603274721439
15091,Invincible Aura,0.1291577519828634
15091,Master Of Combat,0.19050180958031185
15091,Starshiba,0.37231061201726434
15091,Forca Timao,0.016705990282880268
15092,Sparkling Belle,0.03775090164076396
15092,Harlington,0.14493572614469652
15092,Come On John,0.3916547844068362
15092,Dubai Harbour,0.27531340300598617
15092,Star Of Sussex,0.005742086461801873
15092,Villalobos,0.009120714263083675
15092,Init Together,0.12842190525642283
15092,Laurentia,0.007060478820408887
15093,Send In The Clouds,0.08538615901150641
15093,Major Major,0.20319283740319163
15093,Royal Observatory,0.15955530931431042
15093,Forever Proud,0.2194279705703904
15093,Cracking Filly,0.06490855794798953
15093,Naughty Niall,0.17679356900201504
15093,Danehill Star,0.09073559675059667
15094,Shades Of May,0.10942679708437168
15094,Time Patrol,0.19204444918577626
15094,Comedian Leader,0.2098768873757076
15094,Q Twenty Boy,0.09108811900178047
15094,Zina Colada,0.02246741791859744
15094,Wild Eyed Girl,0.023586642227046484
15094,Captain Dandy,0.11835443314248466
15094,Lucy Lockett,0.12078624882705796
15094,Jazz State,0.06424558289334954
15094,Lord Danielson,0.04812342234382789
15095,Black Smoke,0.03836113557814428
15095,Foinix,0.11684329554296267
15095,Carlton,0.17834743854450366
15095,Alex The Great,0.15629009536812452
15095,Meisterzinger,0.06281991933876128
15095,Oscar Doodle,0.18707190863689704
15095,Mamdoh,0.07011762667228169
15095,Zooks,0.037715352724209075
15095,Rogue Raider,0.023350848650415586
15095,Lumberjack,0.06400789852446111
15095,Leon Trotsky,0.06507448041923913
15096,Made The Cut,0.052088006404805764
15096,Sopelana,0.03860461732144873
15096,The Outlaw,0.21222071964465072
15096,Khutulun,0.15398462116495099
15096,Rumseg,0.12555556710162993
15096,Montbeliarde,0.04255318506665691
15096,Tiny Rebel,0.006841629102344383
15096,Specified,0.08631315679779589
15096,Majestic Heights,0.07072451893209002
15096,Africa Charm,0.08033607237330793
15096,Kings Square,0.042458603177900275
15096,Perfect Ruby,0.0561543581283327
15096,Logical Lady,0.032164944784086026
15097,Once Adaay,0.21801535937036284
15097,Triggered,0.13376036691773552
15097,Zaltalla,0.13960493163911405
15097,Mammy,0.3065948875752588
15097,Adace,0.11703014578916544
15097,Rising Force,0.0849943087083634
15098,Boasty,0.08474370604500932
15098,Phone Tag,0.34080396883929276
15098,Auguste Lumiere,0.09350427400944099
15098,Bohemian Breeze,0.12588447255946997
15098,Solanna,0.13225137027348807
15098,Fihrayn,0.22281220827329884
15361,Latin Five,0.2561264535421816
15361,Dunnington Lad,0.12140022160267233
15361,Ninety Nine,0.1066912508945173
15361,Jamie's Choice,0.07238297155804224
15361,Stroxx,0.05051957706013249
15361,Golden Prosperity,0.13217053769134451
15361,Posh Maisie,0.0067362072280237285
15361,Ustath,0.038762891390239716
15361,Mews House,0.21520988903284616
15362,Looking For Lynda,0.2524129169607295
15362,Ziggy's Missile,0.21678567643084581
15362,Counsel,0.20131045916752469
15362,Sugar Hill Babe,0.11217939064234889
15362,Spring Is Sprung,0.12936641315819408
15362,Mini Magna,0.025543489255982026
15362,Dark Kestrel,0.06240165438437479
15363,Until Dawn,0.04233811053013263
15363,Bella Love,0.06370148047812747
15363,Natsumi,0.07939044534287477
15363,Fear And Fast,0.09878402873418964
15363,Jeany May,0.04143897117847154
15363,Tees Aggregates,0.05754057547863169
15363,The Feminine Urge,0.09487520478860156
15363,Beerwah,0.056706922893602185
15363,Early Release,0.12300214187720096
15363,Fallen Soldier,0.08602047656886977
15363,Coiled,0.02937642209216329
15363,She Went Whoosh,0.062279387665651186
15363,Solar Biricz,0.09765854447982363
15363,Barmyblade,0.06688728789165964
15364,Dutch Gold,0.07370047896670562
15364,Cheeky Wink,0.12512506469239118
15364,Himalayan Heights,0.11816710514736249
15364,Instant Appeal,0.0415524206515769
15364,Shemozzle,0.040987317723459954
15364,Slieve Binnian,0.1478756509263776
15364,Pepper Noir,0.059024354396668165
15364,Quatre Bras,0.08936714781036059
15364,Ozark Daze,0.10088341139138052
15364,Sacred Oath,0.008933214350566526
15364,Solar Breeze,0.047613422746038206
15364,Expound,0.018133917501578722
15364,Pralognan,0.09118001797681466
15364,Migdam,0.02204567653975091
15364,Ard Na Mara,0.015410799178968124
15365,Arctic Fox,0.14155593381123252
15365,Magnetic North,0.18292777727167076
15365,Mon Etoile,0.053813154378295903
15365,Flying Scotsman,0.09947512640465737
15365,Twoforthegutter,0.10528224560347847
15365,Stellarmasterpiece,0.18084135186923833
15365,Mr Globalist,0.16152251659233857
15365,Chantilly Moon,0.07458189406908816
15366,It's Only Fun,0.2076563569928714
15366,Lever Up,0.04878875120932095
15366,Arcturus Flame,0.1006930844518543
15366,Bear Island,0.16617954969036894
15366,Queen Of Good News,0.02878551037972225
15366,English Lady,0.05280400884809471
15366,Bownder,0.16322497846802497
15366,Something Splendid,0.11557364503441205
15366,Mini Mac,0.006199519161862773
15366,Dream Illusion,0.11009459576346778
15367,Zarathos,0.16809447800259092
15367,Play Me,0.07324424189951895
15367,What's She At,0.06253281878134315
15367,Antiquity,0.12939139532465493
15367,Pistrucci,0.06703442805944441
15367,Olivia Jane,0.125671998770228
15367,Azoozi,0.06004757385125908
15367,Lady Mariko,0.2371236124667391
15367,Duke Orsino,0.07685945284422147
15368,Beltane,0.06976716542221612
15368,Saisons D'Or,0.19853283714354628
15368,Darbucks,0.08620484940768584
15368,Ribble Radiant,0.08845002516249509
15368,Langholm,0.03191093615932717
15368,Desert Dream,0.18470144042149542
15368,Doomsday,0.03641892622528352
15368,American Star,0.031861515258110616
15368,Lion Ring,0.0353433775638059
15368,Coconut Bay,0.056149299390454925
15368,Likeashadow,0.027007516828288447
15368,Miss Willows,0.09807854884699216
15368,Dandy Lichious,0.03899416246230697
15368,Too Much Too Young,0.016579399707991774
15369,Proleek Prince,0.04695672926211333
15369,Desert Haven,0.06859490246302412
15369,Pier Pressure,0.17490279993458635
15369,Comfort Line,0.05678393185737691
15369,The Bear Trap,0.010248802873621732
15369,Enchanted Garden,0.20550589377320422
15369,Moyassr,0.056028094838060656
15369,Morning Approach,0.02869696899786022
15369,Port Louis,0.07851911945898558
15369,Red Hugh O'Donnell,0.00967613586117985
15369,Tawaazon,0.021616269892852685
15369,Imperial Fighter,0.23428218721872637
15369,Roman Harry,0.008188163568407883
15370,Go On Rosie,0.06544780704363855
15370,Green Pursuit,0.1344152053482681
15370,Lucius Aurelius,0.15877252431284689
15370,Boyne Lady,0.03376966890896173
15370,Marry The Night,0.3213975052503467
15370,Kisskodi,0.18616311370268226
15370,Sharon Curly,0.10003417543325578
15371,Half Nutz,0.05132554559780612
15371,Jurality,0.06285252386618721
15371,Harry The Rogue,0.2348863923959601
15371,Nikki Swango,0.05362098256929986
15371,Are You In Or Out,0.2651067484144959
15371,Chica Power,0.15984809369522052
15371,Browned Off,0.08207158267475775
15371,Bucky Larson,0.02672288571644231
15371,Deuteronomy,0.028129100341338423
15371,Quiet Affair,0.03543614472849181
15372,Epimeteo,0.06964512549907086
15372,Anglophile,0.10818810439822332
15372,War Hawk,0.25157464832949644
15372,Great David,0.13997053880193075
15372,Sourdough,0.1392634006030572
15372,Pinkarizon,0.04492583704147907
15372,Manyana Blue,0.09424446968901527
15372,Gentle Warrior,0.11871161145693647
15372,Darla's Secret,0.03347626418079068
15373,Daytona Lady,0.042726860216137544
15373,Animate,0.08218706201555552
15373,Act Of Violence,0.17541326001965118
15373,Dapperling,0.04847997667499607
15373,Fenlander,0.03208548785318929
15373,Sacred Falls,0.021811199569517183
15373,Mister Sox,0.19680205431160075
15373,Protest Rally,0.028001328250251107
15373,One Of Our Own,0.09769881043987406
15373,Highjacked,0.09711540985604795
15373,Bazball,0.17767855079317932
15374,Guest Star,0.10051843153996178
15374,Si Senior,0.18592774779756002
15374,Still Rolling,0.01467331288988654
15374,Higher Kingdom,0.07954861553893339
15374,Dynamite Defense,0.053516661465237224
15374,Duleek Street,0.12414648326647248
15374,Serengeti Sunrise,0.010808009198409893
15374,Sayfa Fad,0.00954628387764572
15374,Slieve Bearnagh,0.3015135510176543
15374,Harbanaker,0.11980090340823872
15375,Born A Rebel,0.09175624182633425
15375,Ballsbridge,0.3518623518659507
15375,Next Trick,0.10804636840571388
15375,Green Power,0.12700923292658461
15375,Double Red,0.03892947600967229
15375,Fat Gladiator,0.19273895895849139
15375,Ring Of Gold,0.08965737000725295
15376,Yorkshire,0.23384463182537307
15376,Blue Prince,0.1331991769766593
15376,Grand Karat,0.07251109935015004
15376,Aquacell,0.047369510688992554
15376,United Approach,0.15309855752194307
15376,Arctic Thunder,0.18622520573583703
15376,Brunel Nation,0.17375181790104496
15377,Court Drive,0.08247555709479937
15377,Unico,0.008169772113054065
15377,Papabella,0.2326182263814411
15377,Four Adaay,0.13074095120794293
15377,Rift Valley,0.1276156263233024
15377,Bermuda Princess,0.18488893925702538
15377,Run To My Side,0.0323897680276795
15377,One For Harvey,0.0815775803904712
15377,Psychodrama,0.11952357920428416
15378,Summer Of Light,0.06290129440913787
15378,Jack Andrea,0.04743959483055167
15378,Arlecchino's Rex,0.06358515790069785
15378,Off The Bench,0.03916516564372349
15378,Broadhaven Bay,0.05317108494507498
15378,Take The Boat,0.01250433073350889
15378,Fortunas Dream,0.019827586181694275
15378,California Fling,0.10763315962358544
15378,Yesterday's Gone,0.15411879684592103
15378,Vizzavona Lady,0.07715465577596331
15378,Adversary,0.1639637618346015
15378,Me Tarzan,0.14402987361859101
15378,Lunanova,0.054505537656948634
15379,Houndsworth,0.17264389087148066
15379,Justenzia,0.20105221249425673
15379,West Wickham,0.11237748008067687
15379,Van Aert,0.032223935544182736
15379,Staffordshire,0.13702322812366835
15379,Godstone,0.035728356794972625
15379,Captain Brett,0.3089508960907619
16868,Corsican Caper,0.02987070159763833
16868,Liberated Lad,0.0810110588740986
16868,Zivaniya,0.14178332589247428
16868,Dark Agent,0.08212287092176285
16868,Breccia,0.1078544634700948
16868,Socialist Agenda,0.36777508642828416
16868,Bamboo Bay,0.04517467406188143
16868,Star Of Markinch,0.10720266621662365
16868,Typewritten,0.037205152537141815
16869,Polemon,0.1901875475418037
16869,Brosna Town,0.012426365791871055
16869,Autocrat,0.069170713424911
16869,Eighty Eight,0.1614123000507289
16869,Bambeano,0.012554320506046672
16869,Jazz Forever,0.312932147623493
16869,Rockview Consort,0.16263662736951692
16869,Rhythm And Tyne,0.014038095172941537
16869,Nika Pika,0.04712523700503875
16869,Saga Des Aigles,0.008645346739231407
16869,Figurehead,0.008871298774417058
16870,Bansha Belle,0.1437836884750836
16870,Lyle The Crocodile,0.052504875286711064
16870,Tomarlo,0.3866746016803499
16870,Weegeebear,0.009915607141154713
16870,Endless Dawn,0.10533097436522429
16870,Hooz In Court,0.027669808834718
16870,Movin And Groovin,0.2654016364405949
16870,Drish Samphire,0.008718807776163523
16871,Clarita,0.2508877637486059
16871,Sayifyouwill,0.12013106323250596
16871,Current Option,0.1662645171678063
16871,Benavente,0.019179844877337034
16871,Duplantis,0.03980364330131759
16871,Nezeeh,0.11734865971844588
16871,Shoot To Kill,0.11400377837445522
16871,Ransom,0.007033615521047884
16871,May Night,0.004656912319498807
16871,Superior Force,0.09759743310214959
16871,Ivasecret,0.005834006767107984
16871,Nikki Swango,0.04985643611102112
16871,Is That Love,0.007402325758700838
16872,Thunder Star,0.12768595419284667
16872,Dicko The Legend,0.14542936565050196
16872,Darlo Pride,0.12634545678896797
16872,Mumayaz,0.23170821625037175
16872,Sugar Baby,0.04895340291675846
16872,Ramon Di Loria,0.03576840625309282
16872,Gustav Graves,0.13747479152435596
16872,Oriental Prince,0.14663440642310435
16873,Beneficiary,0.1957546833730323
16873,Desert Master,0.16429022671442392
16873,Travel Candy,0.03227570204698479
16873,Three Beauz,0.22734435064877836
16873,Beaumadier,0.06537172673178343
16873,Phoenix Star,0.1296992837402999
16873,Gidwa,0.03480497784326985
16873,Stroxx,0.10834627539871987
16873,Rockley Point,0.013151125681700924
16873,The Princes Poet,0.028961647821006513
16874,Beauty Bella,0.17600629948915844
16874,Arthur Rose,0.22879147939958588
16874,Golden Days,0.10312767198859271
16874,Storm Eric,0.007025605252733081
16874,Eagles Whistle,0.04418775583212915
16874,Villemacho,0.0516398393459353
16874,Zahee,0.08796814026145353
16874,Eastern Capital,0.014076980361781863
16874,Phoenix Princess,0.004971836837160262
16874,Rhasidat,0.03360589513353497
16874,Roderick,0.00799756398541813
16874,Royal Tribute,0.13839613478750762
16874,Turbo Sprint,0.10220479732500894
16875,Nevernay,0.03051911438906996
16875,Tomorrow Day,0.32655570246974863
16875,The Gay Blade,0.08096556327468434
16875,Spartan Fighter,0.11661663529432445
16875,Sir Maxi,0.09680406167464294
16875,Fircombe Hall,0.16832737000981612
16875,Ben Dikduk,0.03087571605257661
16875,Sacred Melody,0.13238759649464205
16875,Dodgy Bob,0.016948240340494747
16876,Free Solo,0.057735466829371494
16876,Latin,0.10954651843199542
16876,Higher Kingdom,0.16569839114314155
16876,Camachero,0.0279091328960837
16876,Bungle Inthedesert,0.10282921719673294
16876,Reclaim,0.14053708909969787
16876,Cousin Shay,0.0932706781026964
16876,Hialeah,0.1458794114853992
16876,Aljadel,0.08891792493225906
16876,Deuteronomy,0.018794197816515198
16876,Jackandthefox,0.03913458256011092
16876,L'immortale,0.009747389505996287
16877,Fortunate Star,0.06123289811100587
16877,Captain Vallo,0.09710113880498093
16877,King Of The Jungle,0.26076336590822574
16877,Eldeyaar,0.10803456375693765
16877,Sirius White,0.3069184395246221
16877,My Boy Jack,0.04665086728672508
16877,Parson's Meadow,0.10458976719429172
16877,Captain Bentley,0.01470895941321083
16969,Saturnalia,0.047542901697822854
16969,Finn Russell,0.24865480402116874
16969,Young Fire,0.07245328955892727
16969,English Spirit,0.0930078354586533
16969,Paradoxical,0.2819403989565917
16969,Masqool,0.13451744764017376
16969,Golspie,0.04981700768726191
16969,Wyvern,0.0720663149794004
16970,Counsel,0.26048075478174715
16970,Catch Cunningham,0.12311063805623228
16970,Ecclesiastical,0.11882931884514104
16970,Darlo Pride,0.07459649021441682
16970,Angel's Call,0.02981120464840767
16970,Gogo Yubari,0.23230322296603276
16970,Jeans Maite,0.039100236723699625
16970,Buraback,0.12176813376432266
16971,Panama Black,0.3028960801794609
16971,Scarlet Sunset,0.09219281195133636
16971,Packetofbiscuits,0.26331496664711984
16971,Northwest Passage,0.044250718426433966
16971,Flaine,0.039626122003774716
16971,Jonny Garlic,0.2577193007918743
16972,Mariner,0.08724786428951505
16972,King Of Speed,0.25526784056298996
16972,Snooze Lane,0.04418264178496782
16972,Marioento,0.16109857446318285
16972,Made All,0.026272806563597813
16972,My Brother Mike,0.030666697029760628
16972,Ravenglass,0.18212366480232386
16972,Till It Shines,0.02868075586372178
16972,Conquest Of Power,0.1844591546399404
17067,Market House,0.3205488786954498
17067,Flying Scotsman,0.3241172483296053
17067,Night Bear,0.19883559842863482
17067,Bella Bluesky,0.025311269675959147
17067,On The Bubble,0.13118700487035084
17068,Bandello,0.0380293244466949
17068,Neptune Legend,0.28425802903635083
17068,Keep Me Stable,0.16895130023928634
17068,Elettaria,0.03687759712231788
17068,Bossy Parker,0.05322359774344087
17068,Made All,0.11318507231127649
17068,Likeashadow,0.019593538634993433
17068,Fistral Beach,0.12228082705957785
17068,Yaahobby,0.13676362976401465
17068,Barney's Bay,0.02683708364204675
17069,Bay Of Dreams,0.11809239566900981
17069,Miakoda,0.11669413777741199
17069,Zadkiel,0.06985083182098473
17069,Precious Spartan,0.033283024819663554
17069,Hashtagnotions,0.09914037131373592
17069,No Release,0.09459925849144515
17069,The Kamikaze King,0.17884753229691777
17069,Magna,0.1546975482020005
17069,U S Grant,0.13479489960883076
17070,Tickets,0.17933988737372158
17070,Profit Street,0.06339325724559164
17070,Beneficiary,0.14596583521756007
17070,Arc Shadowfax,0.07573689773428942
17070,Asadjumeirah,0.15526142974319274
17070,Spartan Fighter,0.10439904352073885
17070,Mayo County,0.059402714852905054
17070,Blackcurrent,0.06100890459879106
17070,Vivency,0.15549202971320963
17180,Countess Candy,0.21102935567704548
17180,Meleri,0.10677271781220865
17180,Darysina Gold,0.21358488695022299
17180,Molly Valentine,0.10339877346156885
17180,Nivelle's Magic,0.19553633277525997
17180,Sea Of Charm,0.11814216004221853
17180,Regal Glory,0.051535773281475655
17181,Thapa Vc,0.04184229100773324
17181,Mister Mojito,0.21258767968364
17181,G'Daay,0.2474127047692665
17181,City Cyclone,0.06835754102768796
17181,Royal Pleasure,0.032936996384348646
17181,Harbour Vision,0.06812148591642851
17181,Tomorrow Day,0.05686050227828703
17181,Mount Mogan,0.030561081227623944
17181,Lilkian,0.13935286387404722
17181,Rogue Thunder,0.097221829663867
17181,Kapparis Kid,0.004745024167069894
17182,Harb,0.26510471324361806
17182,Coolagh Magic,0.11536870334757203
17182,Midnightattheoasis,0.13775289849802602
17182,Mick's Spirit,0.1406585628258868
17182,Recon Mission,0.2670984555618459
17182,Battle Point,0.07401666652305128
17183,King Chaos,0.17014842500275829
17183,Creatif,0.1525107444113261
17183,Cougar,0.0794893760920649
17183,Sea Legend,0.11173921889264898
17183,Ninth Life,0.07966738003724311
17183,Molinari,0.26690786426860885
17183,Cusack,0.13953699129534974
17184,Woodhay Whisper,0.03992326196794014
17184,Rock Master,0.2435051532980623
17184,Ancient State,0.0475006905915242
17184,Royal Accord,0.2264334005510796
17184,Sarabi,0.22050190669838446
17184,Top Biller,0.07295017692172456
17184,Sunny Time,0.03854518699971571
17184,Hala Joza,0.030774023807151708
17184,She's A Dark Horse,0.05974759315535204
17184,Bluesy Moon,0.020118606009065048
17185,Bellator Bullet,0.31471363233617244
17185,Bruce Banner,0.2964392274298274
17185,U S Grant,0.2956816660306683
17185,Max The Tiger,0.0931654742033319
17186,Eva Dickson,0.17618511049613939
17186,It's Life,0.02146499373001922
17186,Dandy Khan,0.12901205684179926
17186,Skyelight,0.07897743953287696
17186,Spoilt,0.03445375627073857
17186,Backer Bilk,0.0689007735053208
17186,Muy Muy Loco,0.1996469072236626
17186,Boundless Poet,0.010228540360909283
17186,Sharma d'Amour,0.28113042203853383
17187,Arnhem,0.08745282182260741
17187,Secret Guest,0.08494641743973634
17187,Gressington,0.13691079240087478
17187,Solar Aclaim,0.0451725008634513
17187,Grant Wood,0.08264184450835248
17187,Tough Enough,0.06472297738967034
17187,Monks Dream,0.045204494039448005
17187,Flying Fletcher,0.11122344330264868
17187,Ormolulu,0.05210180744870514
17187,The Turpinator,0.03415271726555156
17187,Jenever,0.13587132767690369
17187,Jungle Land,0.055502385109675895
17187,Lethal Nymph,0.06409647073237441
17188,Bow Street,0.12362386945347525
17188,Francis Drake,0.2658148660501544
17188,Startling,0.1541722678930961
17188,Captain Pickles,0.027443766960660428
17188,Azuinthejungle,0.05958615793733635
17188,Snow Creek,0.14213540861973648
17188,Andalprofit,0.04079644781666115
17188,Sun Keeper,0.13133291443564404
17188,Hidden Verse,0.05509430083323589
17189,Thats My Boy Luke,0.05635050497528467
17189,Cuban Fiesta,0.1334466693484275
17189,Rooska,0.07920000656553489
17189,Jumeira Vision,0.01656228250755858
17189,Odd Socks Havana,0.07525033061288834
17189,Impeach,0.181939481170813
17189,Going Underground,0.3006793529034848
17189,Pop Favorite,0.030826551323217623
17189,Yaahobby,0.12574482059279063
17190,Wait And Hope,0.09754294931908399
17190,Just Typical,0.08392699592067975
17190,Spartan Fighter,0.21014894086808011
17190,Urban Dandy,0.13298606358725854
17190,Coramento,0.2638891959558069
17190,Anif,0.13917978129849667
17190,Millbuie,0.03482871014863409
17190,Rohilla,0.03749736290195986
18750,Tradesman,0.10938617889654362
18750,Alright Sunshine,0.0062777352477486935
18750,Haliphon,0.03921701621688843
18750,Star Legend,0.12294323275318701
18750,Addosh,0.1512246107898341
18750,Delta Legend,0.05119013960237006
18750,Blue Sky Boy,0.013725765548045846
18750,Carlton,0.24705091948010757
18750,Sullivan Bay,0.20551796696472302
18750,Albert Lasker,0.05346643450055167
18751,Sol Cayo,0.19789565983196927
18751,Lerwick,0.21370981166130634
18751,Midnight Lion,0.15948236672658375
18751,Bashful,0.09287256356395154
18751,Urban Road,0.04578990546500575
18751,Alpine Sierra,0.17710759291439887
18751,Royal Blaze,0.019201980186929223
18751,Life On The Rocks,0.09394011964985524
18752,Galileo Glass,0.15771845026176526
18752,Thomas Equinas,0.07331487470988836
18752,Deep Blue,0.0409864403504992
18752,On Locust Point,0.11552058080670896
18752,Till It Shines,0.0672078785615709
18752,Windsor Pass,0.08381458612637593
18752,Jaamir,0.1475627198191156
18752,Rising Force,0.07578692288346102
18752,Imola,0.00851587949427348
18752,Ravensbourne,0.08992270608501882
18752,Mashaan,0.0739676963063021
18752,Bishop's Glory,0.06568126459502042
18753,Apiarist,0.09976851406896184
18753,Silent Move,0.040698140252801836
18753,Tempus,0.013007190752578897
18753,Alzahir,0.04532524230087292
18753,Altmore,0.09477582516891757
18753,Hat Toss,0.07081995497005376
18753,Eagle Day,0.07611216349965855
18753,Waiting All Night,0.0891335845117065
18753,Riot,0.057556171268979855
18753,Billy Mill,0.05027936993366747
18753,Urban Sprawl,0.09282607755401415
18753,Revolutionise,0.07227231416404822
18753,Serenity Dream,0.0316579746527317
18753,Mr Baloo,0.054012146952179166
18753,Quiet Resolve,0.06068036399960217
18753,Repertoire,0.0510749659492254
18754,Studious,0.21678077901842913
18754,Sweet Cicely,0.13617964275938874
18754,Penelope Valentine,0.23322785777130448
18754,Bantz,0.05861348351075209
18754,Herkeios,0.14879810241966143
18754,Almasi,0.14042795722333212
18754,Cuban Lynx,0.03989104624780913
18754,Good Reward,0.02608113104932289
18755,Rosario,0.07834650719286154
18755,We Never Stop,0.17618897339204112
18755,Amazonian Dream,0.11336872752035101
18755,Blind Beggar,0.03160039293763841
18755,Brooklyn Nine Nine,0.07186345861839662
18755,Batal Dubai,0.2237387803432268
18755,Sevensees,0.13683642997283849
18755,Rebel Empire,0.1360183311492719
18755,Sanat,0.032038398873373994
18756,Streak Lightning,0.19027922690774535
18756,Bobby Joe Leg,0.13795961643478488
18756,Arantes Nascimento,0.06868379447092147
18756,Trais Fluors,0.15347970520809667
18756,Callianassa,0.05305173357665251
18756,Showhound,0.13320281727277875
18756,Lahab,0.058510035055364784
18756,Volenti,0.2048330710736556
18757,Novak,0.14446412672667203
18757,Beale Street,0.1670460710038661
18757,Muscika,0.20652131643774888
18757,Showtime Mahomes,0.09860529165482934
18757,Jackson Street,0.2352511955725368
18757,Wee Fat Mac,0.14811199860434687
18758,Fai Fai,0.09180093055570485
18758,Nordic Glory,0.1277350366343673
18758,Silky Robin,0.0426947702273105
18758,Poetic Jack,0.09824126477548566
18758,Salaamaat,0.05727820626388182
18758,Cut To The Chase,0.1819130124484481
18758,Due Date,0.00827995253461783
18758,Champagne Supanova,0.09825275545517262
18758,Barnsnape Boy,0.03254454973655649
18758,Lord Danielson,0.060440885514523354
18758,Fantasy Navigator,0.20081863585393142
18759,Emily Post,0.17807256488030124
18759,Brazilian Rose,0.20496794623112627
18759,Dazy Mazy,0.25986010260792997
18759,Biplane,0.0666648218444302
18759,Bella Kopella,0.1184632599349419
18759,Giselles Izzy,0.09775403673205603
18759,Miami Hills,0.07421726776921439
18760,City Cyclone,0.19199391575127409
18760,Lion's Dream,0.07608910973065514
18760,Radiant Angel,0.15119633061748322
18760,Voltaic,0.08733052222291954
18760,Art Fantastique,0.1032584905648998
18760,Heavenly Fire,0.08188288413256077
18760,Buttercross Flyer,0.027485297517926537
18760,Van Zant,0.17185447660491732
18760,Socialise,0.1089089728573636
18761,Fernando,0.15372455067811794
18761,Manara,0.29090239311852323
18761,Patrol,0.3160269001957364
18761,Unknown Journey,0.01028941704164713
18761,Tiempo Alegre,0.10367368514562547
18761,Abstract Art,0.12538305382034984
18762,Cinque Verde,0.07467116579278366
18762,Bang On The Bell,0.05612405389431565
18762,El Bufalo,0.22031988697296775
18762,Catch Cunningham,0.13833333988898405
18762,Nogo's Dream,0.19026608087256183
18762,Maris Angel,0.076112769235364
18762,Secret Mistral,0.12433416367794582
18762,Popular Dream,0.11983853966507739
18763,Party Bear,0.05848890194748784
18763,Roysdelight,0.11571299337096741
18763,Oasis Sunrise,0.1365280400949765
18763,Roselily,0.09283136676449678
18763,Sarafina Mshairi,0.22926129829311603
18763,Navarre Special,0.042496199353397886
18763,Camden Flyer,0.06737043520051195
18763,Desert Eye,0.06401588276502432
18763,Go Steelers Go,0.029904904728954587
18763,Mister Coco Fizz,0.14259686443829267
18763,Top Biller,0.020793113042774047
18764,Maharajas Express,0.2591767233508894
18764,Coolagh Magic,0.052897289887805864
18764,Snow Berry,0.07232233496947776
18764,Katie G,0.06102633203445118
18764,Toussarok,0.08845206310458019
18764,Under Curfew,0.047247890042035695
18764,Rogue Thunder,0.055240493387108486
18764,Conquest Of Power,0.13123373855032353
18764,Maveric's Magic,0.036722345879599404
18764,Red Walls,0.06598802833486789
18764,Midnight Flame,0.1296927604588606
18765,Kit Gabriel,0.08372512343447748
18765,Equion,0.1215680239761357
18765,Yeoman,0.18508247424781493
18765,Finn Russell,0.1739923154328472
18765,Twirler,0.04877486390423744
18765,Imperial Fighter,0.02010158400787612
18765,Visibility,0.032663424252982395
18765,Ciotog,0.12935474472193537
18765,Jersey Rocs,0.13770686254984701
18765,Distinction,0.06703058347184625
18844,Serenity Dream,0.05281772597926848
18844,Lord Rapscallion,0.07964182043641668
18844,Starshiba,0.2791178744177088
18844,Fools Rush In,0.18590407475839982
18844,Hello Miss Lady,0.15298325819669192
18844,Soar Above,0.024938038676664342
18844,Harbour Vision,0.03463560601880814
18844,Three Yorkshiremen,0.03463902692625108
18844,Granary Queen,0.1185172486452732
18844,The Rain King,0.03680532594451764
18845,Path To Dubai,0.3093431779369107
18845,Heathen,0.13971042985923685
18845,Optician,0.2427589280853632
18845,Kolisi,0.01255735427326769
18845,Kitty Foyle,0.1336950237765357
18845,Swinging London,0.16193508606868587
18846,Coolagh Magic,0.09040973555516574
18846,Back Tomorrow,0.04245234118294868
18846,Ignac Lamar,0.10278225190909919
18846,Rogue Thunder,0.06027249238174014
18846,Tommytwohoots,0.09610542676416699
18846,Piperstown,0.19479370062347953
18846,Tantomile,0.05463418321771131
18846,Miss Moonshine,0.1899521883914763
18846,Hi Hoh Tonto,0.1685976799742121
18847,Galileo Glass,0.13125500449946242
18847,Silky Robin,0.07086747509490282
18847,Bossy Parker,0.16522551625069198
18847,Bungle Bay,0.12645760427873395
18847,Star Of Atlantis,0.1768244392633542
18847,Bankrupt,0.059988466045713035
18847,Red Walls,0.04186663126928362
18847,Jumira Bridge,0.07262696243494661
18847,Vivency,0.15488790086291132
18848,Big Time Rascal,0.07746652400996545
18848,Maharajas Express,0.15908279725069446
18848,Basholo,0.08990953859608715
18848,So Obsessed,0.08565444779243121
18848,Papa Don't Preach,0.09001823847348694
18848,Apache Star,0.1563439458162414
18848,Second Collection,0.1382187814075766
18848,Himawari,0.02423589422237182
18848,Spanish Angel,0.10451387864389473
18848,Gypsy Nation,0.07455595378725001
18849,Crystal Mariner,0.05850351856889819
18849,Alpine Oasis,0.08270825734491359
18849,Ocean Heights,0.01423324028430016
18849,Wonder,0.4361833540731209
18849,Lexington Knight,0.05310836673782064
18849,Sax Appeal,0.14035155040522151
18849,Brodie's Boy,0.019081438498505205
18849,Met Office,0.03732419794010843
18849,Gozo,0.15850607614711132
18944,Ten Club,0.10092434604411692
18944,Betweenthesticks,0.13153407287672786
18944,Em Jay Kay,0.08822450091995801
18944,Gustav Graves,0.1419888499798024
18944,Buraback,0.1468866711965019
18944,Phoenix Beach,0.030147901771059086
18944,Beaumadier,0.21614396532607236
18944,Man On A Mission,0.061806204722198915
18944,Pop Dancer,0.08234348716356252
18945,Soi Dao,0.11229569123786506
18945,Hawa Jumeirah,0.07250718180134215
18945,My Brother Mike,0.05908008257239821
18945,Sceptic,0.11437218530212498
18945,Celebrating Ethel,0.09968366050153483
18945,Enzos Angel,0.06605792123447317
18945,City Escape,0.20957001289329535
18945,Life On The Rocks,0.050955126797527395
18945,Olympic Quest,0.1349675760729868
18945,Mykonos St John,0.03365583143290708
18945,Aeroplane Mode,0.0468547301535449
18946,Calanthe,0.19376106219951222
18946,Alreet Cha,0.13744373245096994
18946,Timetobenice,0.06274118077324474
18946,No Saint,0.18724011825624243
18946,King Of Speed,0.05409542820098164
18946,Visibility,0.03397014478486873
18946,Parish Councillor,0.04431550695957507
18946,Al Suil Eile,0.10320451087163489
18946,Hostelry,0.05219620601813738
18946,Rising Force,0.06523165272769238
18946,Possible Ambition,0.004362232542511471
18946,Global Style,0.061438224214629064
18947,Angel Of England,0.07599846093337023
18947,Leodis Dream,0.06600243237409352
18947,Tyger Bay,0.16225874422803394
18947,Rambuso Creek,0.045528369015951524
18947,Westmorian,0.19537553359470694
18947,Charlie Mason,0.09966811137681202
18947,Mighty Power,0.09584791638663798
18947,Match Play,0.09878197859829961
18947,Jesse Luc,0.01571887123853258
18947,Jump The Gun,0.1448195822535617
18948,Minnesota Lad,0.14057933004768258
18948,Mumayaz,0.12667026211889257
18948,Whenthedealinsdone,0.0859712948612279
18948,Muscika,0.13262582463387645
18948,Northcliff,0.27233602957629904
18948,Diamond Dreamer,0.09274530850480077
18948,Brian The Snail,0.03957807473533568
18948,Sioux Warrior,0.10949387552188503
18949,Elegant Erin,0.13676697054991285
18949,Ormolulu,0.4002867857250517
18949,Powdering,0.08502584573098278
18949,Just A Spark,0.0999221521620489
18949,Mersea,0.19854115054889693
18949,The Real McKay,0.07945709528310672
18950,Manton Road,0.3158669514042867
18950,Mister Knockout,0.1294125281172674
18950,Hock Eye The Noo,0.07015564003897061
18950,Harryella,0.27700344407314
18950,Irishiko,0.06441787154960418
18950,Eva's Eyes,0.14314356481673118
18951,Alright Sunshine,0.013092983420698824
18951,Further Measure,0.015103283388638297
18951,Chase The Dollar,0.15296452638826988
18951,Val Bassett,0.09361406129643779
18951,Annandale,0.17803577037302765
18951,Star Legend,0.22996163253233473
18951,Kalikapour,0.13983275064540213
18951,Fashionelle,0.013017443097066615
18951,Mr Zippi,0.01757733520388678
18951,Sneaky Blinder,0.14680021365423732
18952,Catch Cunningham,0.06206907523882924
18952,Jungle Run,0.11211738906603326
18952,Angle Land,0.2315007894496672
18952,Birkenhead,0.08949472764991881
18952,Popular Dream,0.01710020168979895
18952,Jeans Maite,0.23400007275413495
18952,Nelson Gay,0.06342565905194404
18952,It's Showtime,0.18456542185909033
18952,Alfa Moonstone,0.005726663240583169
18953,Straight A,0.04504075970189047
18953,Novak,0.14689238270644692
18953,Super Hit,0.09137431404981877
18953,The Organiser,0.17223165337491847
18953,Ciotog,0.043681502357454924
18953,Fools Rush In,0.062165237264537807
18953,G'Day Mate,0.02134501922174969
18953,One More Dream,0.23113937105447085
18953,Just Rita,0.18612976026871214
18954,Triple Charged,0.03462592347801021
18954,Enchanted Way,0.10891162067195452
18954,Thiscouldbefun,0.0456471200066708
18954,Jake Loves Laura,0.008851245553053132
18954,Kitty's Dream,0.1001513238032199
18954,Beta Reader,0.05101425011269378
18954,Adversary,0.09242768658086944
18954,Kaleidoscope Eyes,0.1086589107422748
18954,Dovey Moon,0.049631590784441994
18954,Boundless Poet,0.08954762766959284
18954,Ceira G,0.22600712824560404
18954,Legendsoftheland,0.08452557235161454
19069,Spirit Mixer,0.1318128279250298
19069,Charging Thunder,0.16918907819675183
19069,Youthful King,0.034863952791906946
19069,Moon Over Miami,0.18254241689996553
19069,Vice President,0.20159044935666673
19069,Robert Johnson,0.16689353274425067
19069,Dreams Adozen,0.11310774208542848
19070,Shout,0.11653873199656535
19070,An Outlaw's Grace,0.026061801764255425
19070,Huscal,0.043440655588026025
19070,Spirit Of Farhh,0.14425378298595365
19070,Spell Master,0.12932943128853788
19070,Back In Black,0.17620151013440022
19070,Silver Ghost,0.10708925646745993
19070,Hyperchromatic,0.13803715412570305
19070,I Maximus,0.1190476756490985
19071,Orne,0.03781532467629381
19071,Zoulu Chief,0.035479876804533794
19071,Drama,0.1034324082146823
19071,Havanagreattime,0.11671646638585477
19071,Change Sings,0.10827494736554709
19071,Sir Les Patterson,0.09609640998039333
19071,Rohaan,0.05509057196527551
19071,Photosynthesis,0.17534357679018203
19071,Havana Pusey,0.03667699813684026
19071,Rousing Encore,0.13229396796510628
19071,Chief Mankato,0.10277945171529078
19072,She's Smart,0.11282772841167607
19072,My Girl Sioux,0.05243656700819496
19072,Beano Power,0.03693986028105096
19072,No Speed Limit,0.016994339543372098
19072,Turn Up The Beat,0.14483816649821551
19072,Pinmoney,0.10347342660273404
19072,Rattletheonionbag,0.2777501406188845
19072,Spirit Of Eagles,0.006008576016463813
19072,Carrigans Grove,0.132103287858748
19072,Jackandthefox,0.06904151709919625
19072,Un Bacio Ancora,0.02604512785959214
19072,Far At Sea,0.02154126220187167
19073,Macadam's Rock,0.20600256423408606
19073,Mullacash Buzz,0.010949132846546717
19073,Perseids,0.036670719612021854
19073,Bungle Inthedesert,0.1720605169922472
19073,Nikki Swango,0.16856222241231306
19073,Allo Arry,0.07359186890071427
19073,Tynamite,0.21283087421805083
19073,Annie Lavinia,0.07005513580728649
19073,Hezahunk,0.04927696497673351
19074,Berto Ramirez,0.3727159089288686
19074,Quickshot,0.0383462756439789
19074,Sottsands,0.2765074302184643
19074,Ohmali,0.05915344650381255
19074,Alumni Lia,0.027842511512478726
19074,Drucker,0.036366364147415675
19074,Ranting And Raven,0.1890680630449811
19075,Nika Pika,0.029732533180488064
19075,Doctor Grace,0.248321781289424
19075,Man Is King,0.012292586032404006
19075,Pegasus Of Harry,0.03045245585562188
19075,Waystar,0.13553770456471956
19075,Gardone,0.20635922319547165
19075,Master Garvey,0.06049043278655776
19075,Chopsticks,0.024654997308745652
19075,Tyder,0.07448368601037447
19075,Together Aclaim,0.11727674086786725
19075,Albion Princess,0.00627252777567738
19075,Lady Montse,0.05412533113264827
20649,Tarjamah,0.00812007235107578
20649,Moon Over The Sea,0.1170309708989025
20649,Back From Dubai,0.29423353396192226
20649,Come On John,0.35017043240495743
20649,Mhajim,0.08881458290118664
20649,Fiftyshadesaresdev,0.020738785186179675
20649,Lednikov,0.0423877616247275
20649,Abstract,0.05820433711000892
20649,Shy Nala,0.02029952356103928
20650,Harry The Haggler,0.28463441533151673
20650,Chantilly Moon,0.2054888255005894
20650,Alioski,0.17965715302490476
20650,Send In The Clouds,0.05359335827827544
20650,Smokey Malone,0.1923596601576221
20650,Zousca,0.010400974936795367
20650,Miss Raindrop,0.012555669444236731
20650,Sweet Painted Lady,0.06130994332605942
20651,Ben Y Bryn,0.12105386306210904
20651,Northcliff,0.26473246565830166
20651,Rambuso Creek,0.042398673771877934
20651,Royal Pleasure,0.08719836226980529
20651,Mumayaz,0.07165636142338444
20651,Master Dandy,0.0439864338135505
20651,Dicko The Legend,0.057928706133718304
20651,Al Ameen,0.1427199032399815
20651,Walking On Clouds,0.1683252306272712
20652,Hierarchy,0.1620625857441513
20652,Caffu Zafeen,0.18631847110516014
20652,Reinforce,0.09317593087588338
20652,City Cyclone,0.04663585063487861
20652,Alreet Cha,0.11070522454558356
20652,One More Dream,0.14360878105865807
20652,Cliffcake,0.18868384303954483
20652,Ash Wednesday,0.0440307587501112
20652,Ramon Di Loria,0.024778554246028758
20653,Curious Bride,0.06846059028009928
20653,Inchiquin Maid,0.307579292552787
20653,Scott Lang,0.5122536096928609
20653,Lispendense,0.01456871138713253
20653,Mephisto,0.06879797513026314
20653,Figurehead,0.012966766760226997
20653,Is She Now,0.015373054196630006
20654,I'm Spartacus,0.14170315441673326
20654,Clonmacash,0.1415310697823463
20654,Jazzy Dancer,0.10920815402157553
20654,Shelbourne Flyer,0.05341966033214553
20654,Hasiyna,0.08450516947160418
20654,Hastily,0.1466009865144905
20654,Livingston Range,0.043992071908328774
20654,Havana Notion,0.03101182098696318
20654,Hezahunk,0.022708907814706834
20654,No Speed Limit,0.01833900408896427
20654,Nordic Passage,0.04068607260601608
20654,Rattletheonionbag,0.14674453084181482
20654,Eric Lock,0.019549397214310735
20655,Montrachet Girl,0.1031573230105676
20655,Easily Convinced,0.058220544116781306
20655,Standput,0.043102421799212746
20655,McKenna,0.22572650269971742
20655,Blue Seeker,0.24321547810924568
20655,Bad Habits,0.036769106592114166
20655,Azoozi,0.1574200133436789
20655,Sabrimento,0.13238861032868215
20656,Miss Sunset Strip,0.09489213908064555
20656,Aram,0.14793581132437938
20656,Cut To The Chase,0.14304671051977916
20656,Emily Post,0.07282838456964452
20656,Soames Forsyte,0.09149636441087257
20656,Royal Jet,0.04100260952047776
20656,Jump The Gun,0.2348763483190832
20656,Turbo Command,0.09776904880954723
20656,Exceed Now,0.026802462265371356
20656,Pembrokeshire,0.04935012118019939
20657,Brasil Power,0.22904085242327943
20657,Hieronymus,0.045226398522806
20657,Vibrato,0.045866855858932645
20657,Daring Legend,0.03048873988688282
20657,Billy Mill,0.08154910307745321
20657,Follow Your Heart,0.2562560552078113
20657,Revolutionise,0.13452212426154975
20657,Arctician,0.1292701665897352
20657,Bell Shot,0.04777970417154962
20658,Charanda,0.05542992690502056
20658,Elvetham,0.009850815463098201
20658,Merchants Arch,0.1513813641148934
20658,Dowth,0.053858216582416754
20658,Tam Lin,0.4752902234151837
20658,Weegeebear,0.010638310645005722
20658,Clarabell,0.008779641770022568
20658,Endless Dawn,0.23477150110435904
20659,All Cost,0.06976995320274583
20659,Take The Boat,0.018753270518995068
20659,The Kamikaze King,0.08782696329288726
20659,Arctic Mission,0.22067741956363526
20659,Spinning Dancer,0.037372241056269934
20659,Eva's Eyes,0.08769162128756267
20659,Galette,0.054204439921813785
20659,Ballarat Bertie,0.4237040911560902
20660,Glyde Ranger,0.07926311501414321
20660,Newfire,0.169878878536805
20660,Warrior Lion,0.015270824424819297
20660,Dromore Glory,0.2537061180916477
20660,Deed Pole,0.0074839631982070096
20660,Flier,0.021924143320966337
20660,Esticky End,0.14433502969764136
20660,Slowdownbarney,0.03996145754667709
20660,Streetscape,0.006842719627019784
20660,Gregorina,0.05976799249942411
20660,Thegooseiscooked,0.017055159120755257
20660,Sing A New Song,0.002979226313361022
20660,So Diligent,0.03536762865561305
20660,Gardone,0.1461637439529197
20661,Appleblossomwhite,0.14589425658174848
20661,Manton Road,0.16624294467547243
20661,Coisty,0.04748515414970981
20661,Perfect Parole,0.11504384782730236
20661,Perfect Ruby,0.308999476300647
20661,Secret Sausage,0.09235859135592527
20661,Leading Star Girl,0.0672396295629335
20661,Magna,0.0567360995462612
20662,Genoah,0.4285502614301377
20662,Autocrat,0.1313093657548357
20662,Solar Breeze,0.08444861278380301
20662,Tremaine,0.11667258749693057
20662,Annaghmccanns,0.01737163563653898
20662,Church Mountain,0.19966590183246674
20662,Storm Eric,0.021981635065287337
20663,Lady Flora,0.24538056698389238
20663,Unassuming,0.2460254561515528
20663,Radiant Beauty,0.17711759714575762
20663,More Than A Feelin,0.06686356431509426
20663,Gaiety Musical,0.14038135043991837
20663,Forever Proud,0.12423146496378464
20664,Fivethousandtoone,0.03734863140742468
20664,Golden Mind,0.029379384049733417
20664,Rosario,0.031048750756604418
20664,Aramis Grey,0.11197200836554409
20664,Coachello,0.1691602642260421
20664,Sommelier,0.09662984291467727
20664,Cajetan,0.11299476739852216
20664,Heathcliff,0.10467120732967729
20664,King's Lynn,0.1378537385609739
20664,Tiger Crusade,0.1689414049908007
20665,Sonnerie Power,0.051153455884260644
20665,Buxted Too,0.030501880150626475
20665,Upepo,0.04493947578504525
20665,Eton Blue,0.05273302148059464
20665,Risen Again,0.0537721152496053
20665,Turner Girl,0.1814029742236861
20665,Aim For The Moon,0.06535289591303077
20665,Spectacular Style,0.10765563508688561
20665,Capstan,0.1705797473506828
20665,Media Mogul,0.14555112298195122
20665,Toby Tops,0.04486384856418537
20665,The Pug,0.05149382732944592
20666,Zaman Daar,0.06614911214254833
20666,South Dakota Sioux,0.06645670318864062
20666,Stacey Racey,0.414690685367516
20666,Colorada Dancer,0.13334103589225282
20666,Our Dagger,0.07879696227263272
20666,The Cola Kid,0.08090178733962872
20666,Blue Collar Lad,0.053216534908167946
20666,Reel Power,0.006435949624456542
20666,Regal Glory,0.1000112292641564
20667,Beveragino,0.18360818107881186
20667,Kondratiev Wave,0.12702274265718624
20667,Split Elevens,0.13781357462437327
20667,Willingly,0.10351331076408812
20667,Guns And Flowers,0.16816009449153768
20667,Bitacora,0.11376414554132876
20667,Fact Or Fable,0.11828980859373832
20667,Irrelevant,0.02504374833394124
20667,Repartee,0.022784393914994733
20756,Spartan Arrow,0.09662848827771722
20756,Michaela's Boy,0.14771646780868838
20756,Rhythm N Hooves,0.1746868871610034
20756,Grace Angel,0.05360862529543042
20756,Almaty Star,0.14495677591798725
20756,Sports Coach,0.028641087938088425
20756,Kings Merchant,0.23141329020098994
20756,Lethal Nymph,0.04933614735060772
20756,Mon Na Slieve,0.07301223004948725
20757,High Court Judge,0.2125108802609636
20757,Comte De Loir,0.25903214729653223
20757,Scotland The Brave,0.05810181624988895
20757,The Craftymaster,0.21140486978063602
20757,Weddell Sea,0.02164726947429022
20757,Show No Fear,0.23730301693768893
20758,Autumn Angel,0.18085898878238843
20758,Sisters In The Sky,0.05851114605574432
20758,Piperstown,0.08758517937795596
20758,Alshimali,0.1501478105265636
20758,Ramon Di Loria,0.028442964248885823
20758,Mehmo,0.06419231789737505
20758,Vitalline,0.22721033103613597
20758,Miss Moonshine,0.1730060585407589
20758,Banana,0.030045203534191996
20759,Petra Celera,0.0265632155792962
20759,Prefer The Sister,0.06517358414120245
20759,Sibyl Charm,0.16032263090919824
20759,One Of Our Own,0.14312341373380122
20759,Too Much,0.2627573478372836
20759,Bazball,0.32752247513697125
20759,Vixey,0.014537332662247018
20760,Cosmos Raj,0.0835880304336643
20760,Paradoxical,0.16489466648940584
20760,Destinado,0.15493257858442142
20760,Sense Of Worth,0.10720613621520955
20760,Super Over,0.10421636375113434
20760,Jez Bomb,0.20277104930771497
20760,Educate,0.03506715241353097
20760,Init Together,0.14732402280491846
20761,Frankies Dream,0.1135614807797715
20761,Psychodrama,0.15560681593746656
20761,Run To My Side,0.14950929682061875
20761,Dr Ali,0.05381579455223121
20761,Ardaddy,0.053106317072771456
20761,Kisskodi,0.10103723558324149
20761,Causin A Commotion,0.2647129158460316
20761,Wondrous Ways,0.07032083411660393
20761,Crangy,0.03832930929126351
20762,Lechuga Lad,0.24659301601905315
20762,Finn Russell,0.18156576383426098
20762,Masqool,0.11126837072642458
20762,English Spirit,0.11671184691361793
20762,Golspie,0.03891814949664757
20762,Prince Ali,0.1361450631420901
20762,Cryptos Dream,0.16879778986790558
20763,Pallas Lord,0.3432718970299859
20763,Broken Spear,0.14078777974889503
20763,Turbo Command,0.22046257690557405
20763,Rooska,0.06940402329152796
20763,Captain Vallo,0.07445365834145044
20763,Bomb Squad,0.1516200646825666
20764,Northbound,0.11754611102067108
20764,First Greyed,0.08317672370197011
20764,Tonal,0.1413299244678945
20764,Treasure Bay,0.13488825556574893
20764,Light Up Our Stars,0.038874388761368575
20764,Venetian,0.07957571117944649
20764,Miss Dandylion,0.022559641915811814
20764,Night Arc,0.008041849593927996
20764,Back From Dubai,0.06271666256016444
20764,Kessaar Power,0.08760227625565373
20764,Boujee Gold,0.1748347486688243
20764,Vecchio,0.04885370630851803
20765,Jamie Bond,0.09674661135197485
20765,Bibendum,0.17790059810341532
20765,Pockley,0.37818476462212275
20765,Latin Five,0.20109052522576537
20765,So Grateful,0.14607750069672173
20766,Conquest Of Power,0.30799685045819203
20766,Romanovich,0.04488279408857307
20766,Piloto Pardo,0.03744216796309357
20766,River Wharfe,0.11300883905123582
20766,Al Baahy,0.10479293161417352
20766,Mudlahhim,0.05152438018423549
20766,Bungle Bay,0.16425706404557094
20766,Porfin,0.07807629002891264
20766,Candy Warhol,0.03764065922230108
20766,Timebar,0.060378023343711784
20767,Westernesse,0.1029274058433798
20767,Stockpyle,0.05172000451149477
20767,Chillhi,0.030615659336728104
20767,Lincoln Legacy,0.08913917714957827
20767,Tasever,0.25807856705671894
20767,Volenti,0.26274186332158594
20767,Trais Fluors,0.20477732278051405
20768,Mamdoh,0.09085702361912165
20768,Black Smoke,0.12806797864396757
20768,Rubellite,0.1327169227583466
20768,Zooks,0.18312021811856843
20768,Scylla,0.07118888116515786
20768,Tancredi,0.06729100790366468
20768,This Time Maybe,0.14113021196863093
20768,Trackman,0.1451806553033804
20768,Crystal Guard,0.03522881105679605
20768,Fandabidozi,0.005218289462365708
20886,Betsen,0.06664128945489142
20886,Gutsy Girl,0.2530430098658225
20886,Mickey The Steel,0.05659579305505237
20886,Bold Optimist,0.13744006618951607
20886,Emerald Harmony,0.1339092003533292
20886,The Poacher Daly,0.04620147806399624
20886,Clonmacash,0.08780946304384556
20886,Never Shout Never,0.1053905809093469
20886,Cuban Grey,0.07357900715284212
20886,Mary Shoelaces,0.03939011191135751
20887,Son,0.02627783664995679
20887,Two Tempting,0.03454943780576289
20887,Metal Merchant,0.11552401002769236
20887,James McHenry,0.16525937520645542
20887,Arisaig,0.06730935188015047
20887,Inishfallen,0.07123019081514888
20887,Silver Sword,0.08096621518941269
20887,Ebt's Guard,0.043967298595576056
20887,Great Acclaim,0.07082032706848715
20887,Dragon Leader,0.10486534686957365
20887,Urban Lion,0.0856125180242227
20887,Pearl Eye,0.06801719886934482
20887,Classic,0.02611835519933478
20887,Cogitate,0.03948253779888126
20888,Verhoyen,0.04773268998681963
20888,Imperial Dream,0.2085608278920862
20888,Touch The Sound,0.1746679753385264
20888,Fivecromwellplace,0.021719742893207473
20888,Neo Smart,0.011967650249007923
20888,Secret Magician,0.0312933537433519
20888,Showhound,0.1364447337442076
20888,El Bello,0.033235860483712604
20888,I Bid You Ajou,0.0938627899685756
20888,Yaxchilan,0.09773698563460756
20888,Sugar Club,0.04508993471443386
20888,Superior Force,0.06095962655987795
20888,I'll Be Handy,0.036727828791585294
20889,Betweenthesticks,0.050725752776577794
20889,Match Play,0.10961758623396978
20889,Sergeant Mayer,0.18577384807178104
20889,Bama Lama,0.24048455587947054
20889,Brian The Snail,0.13025150752716463
20889,Northerner,0.09608966228235959
20889,Dash Gordon,0.18705708722867662
20890,Midnight City,0.23068680033405164
20890,Nightbird,0.18117157949072074
20890,Frankies Dream,0.16876358440072622
20890,Star Zia,0.10494002128683833
20890,Mr Cool,0.11690159828803211
20890,Sweet Sonata,0.14346019525452078
20890,Alashos,0.05407622094511028
20891,Metallo,0.10628636749345778
20891,Westridge,0.08602141546502463
20891,Great Chieftain,0.10722075008984883
20891,Roarin' Success,0.062353817645729406
20891,Rockit Tommy,0.04622967890417057
20891,Morcar,0.02970833127925703
20891,Londoner,0.1171839009211561
20891,Sweet Reward,0.032462946932119596
20891,Lone Piper,0.04350242745552182
20891,Parkland,0.07827443174782557
20891,Expressionless,0.05817780689824708
20891,Uncle Dick,0.07079244731715409
20891,Yokohama,0.05145812714744176
20891,Gozo,0.11032755070304587
20892,Professor Tickle,0.041501944335444955
20892,Zaman Daar,0.06478845879179544
20892,Time Patrol,0.11304965382857926
20892,Notre Maison,0.22318234973053436
20892,Roman Emperor,0.16355967530711715
20892,Shalaa Asker,0.028798301804626236
20892,Anglesey Lad,0.15514743534380035
20892,Bear To Dream,0.03931545296531035
20892,Tilsworth Ony Ta,0.06363148816571515
20892,Fast Flo,0.013102242326797856
20892,Edergole's Gift,0.06429544096233808
20892,Don't Fight It,0.02962755643794065
20893,Gordon Bennett,0.01073266158311723
20893,James Henry,0.08784108299271819
20893,Irish Rumour,0.03897062530966106
20893,Kwa Herini,0.024722083261878244
20893,Amanirenas,0.02938904877317938
20893,Rathbranchurch,0.03445862334243039
20893,Surpass And Shine,0.15192340288353245
20893,Sakakawea,0.26465825624970246
20893,Gazelle d'Or,0.04972335670720157
20893,La La Lucrative,0.046635521041486605
20893,Mount Ruapehu,0.09308284529878094
20893,Distillate,0.038700521695978964
20893,Sarahmae,0.03090792041775744
20893,Dark Willow,0.0068148326002528984
20893,Shimmerz,0.09143921784232202
20894,Agathon,0.06662397363176226
20894,Captain Potter,0.2523416579419264
20894,Incan Empire,0.1234163883090759
20894,Fashionelle,0.40586631264109485
20894,Toby Tops,0.1517516674761406
20895,Hamlet's Night,0.12981675619624303
20895,Candyman Stan,0.13995404470946884
20895,Carnival Day,0.2607925062024805
20895,Macari,0.14882915856695106
20895,Pyrotechnic,0.16031503697480148
20895,Early Morning Dew,0.05542396033719426
20895,Annexation,0.10486853701286085
20896,Alzahir,0.12743203593131833
20896,It Just Takes Time,0.1158236693880317
20896,Obelix,0.09951882438308507
20896,Kodi Lion,0.05080779738756951
20896,Rhythm Master,0.019630719105556353
20896,Quest For Fun,0.046642639544064154
20896,Another Investment,0.020374006155797642
20896,Tropez Power,0.09301184660345352
20896,King Of Fury,0.18893067649160253
20896,Count Palatine,0.12460500017958502
20896,Starliner,0.03467000304509519
20896,Mysteryofthesands,0.035719311997800096
20896,Touchwood,0.042833469787041015
20897,Seraphic,0.1623348712130235
20897,Luna Effect,0.2027602738507806
20897,Khangai,0.1886635521747982
20897,Sawgrass,0.042658420044571266
20897,Formal Address,0.013228321014696877
20897,Voix De Bocelli,0.13106293196926316
20897,The Cooleen,0.023014697676107896
20897,Irezumi,0.11337151922351824
20897,Rivas Rob Roy,0.12290541283324033
20898,Majestic Warrior,0.08629389517899197
20898,Ensured,0.09628343505806747
20898,Arrange,0.17836268763342458
20898,Baltic,0.28417850531907246
20898,Lady La Fay,0.06541364762731508
20898,Knightswood,0.11919141082523617
20898,Forza Orta,0.09200728970855167
20898,Saratoga Gold,0.049734911840294736
20898,Masekela,0.0285342168090457
20899,Time Tells All,0.07391706416196375
20899,Just An Hour,0.3079366456012885
20899,Bobacious,0.2587224403811375
20899,Risen Again,0.14354664449181936
20899,Covert Legend,0.05394926440701309
20899,Mitigator,0.09386984950991256
20899,Muhib,0.011769091279124413
20899,Royal Observatory,0.05628900016774082
20900,Marsh Benham,0.10771344894398745
20900,Sunny Corner,0.11828637442927008
20900,Shaw Park,0.13103376807438333
20900,Otago,0.15184946636313384
20900,Blenheim Star,0.2482506129133088
20900,Kracking,0.2428663292759165
20901,Musical Touch,0.08945881443545128
20901,Bell Shot,0.08357822776132752
20901,Filly One,0.21480250995399766
20901,Ingleby Archie,0.14438825790499077
20901,Milbanke,0.07651235311474658
20901,Bay Breeze,0.054640880226178704
20901,Muscika,0.2120251344006108
20901,Roundhay Park,0.02822358036638772
20901,Travis,0.032838197169921104
20901,Naval Academy,0.06353204466638793
20902,The New Bay Pearl,0.2066150694043594
20902,Sands Of Indi,0.09016272012772188
20902,Graduated,0.10197044962269264
20902,Manila Thriller,0.14831721230376974
20902,Coma Cluster,0.10540865461931075
20902,Whizz By,0.11590365189794552
20902,Hot Like Me,0.1423420881998361
20902,Hock Eye The Noo,0.08928015382436404
20903,Light Up Our Stars,0.2348496463070527
20903,Flying Star,0.25462760344504626
20903,Boujee Gold,0.14086104046129486
20903,Mudlahhim,0.21726926821000775
20903,Invincible Navy,0.03158789375328145
20903,We'renotreallyhere,0.07413525227203065
20903,Repartee,0.04666929555128641
20904,Rock Of England,0.12418539830518903
20904,Hover On The Wind,0.0829180873012329
20904,Cash In,0.06413804567861857
20904,Wreck It Ryley,0.03462405580068587
20904,Mojomaker,0.18030883488837712
20904,Lord Abama,0.27792453858961436
20904,Hurt You Never,0.13156787782061505
20904,Newyorkstateofmind,0.048921582652578885
20904,Captain Vallo,0.055411578963088154
20905,Mr Jetman,0.10514054339833338
20905,Hostelry,0.03287952774501861
20905,Edvard Grieg,0.13481581310796706
20905,Back From Dubai,0.25681741910816047
20905,Evoluir,0.01881461632667981
20905,Pinjarra,0.04380305508909008
20905,First Encounter,0.07012490445508503
20905,Venus Slipper,0.08478476496402496
20905,Star Of Atlantis,0.10319559120042199
20905,Glencalvie,0.08462132398727149
20905,Limelight,0.06500244061794692
20906,Hellavapace,0.14373062482926413
20906,Embarked,0.16926797328657422
20906,Comedian Leader,0.06097235536395497
20906,Got No Dollars,0.18338232668113524
20906,Havana Mojito,0.1365969209910124
20906,Heer's Sadie,0.047248199155283416
20906,Maguire,0.15892373405315116
20906,Irrelevant,0.008685203159905019
20906,Cammy,0.09119266247971936
20907,Bibendum,0.13172208908987768
20907,Monsieur Fantaisie,0.0594715454985188
20907,Masterclass,0.05953213203992285
20907,Canaria Queen,0.048778073862468234
20907,Emerald Army,0.034233085326255006
20907,Carmarthen,0.021033852492518792
20907,Calafrio,0.05092866791012731
20907,Exceed Now,0.06076701771555876
20907,Tough At The Top,0.02429279669574205
20907,She'Sashambles,0.040813027329313994
20907,Arlington,0.09789746072288337
20907,Sir Benedict,0.0549499906834014
20907,Azucena,0.03777612720783117
20907,Chester Le Streak,0.08320816630442811
20907,Shark Two One,0.11250192728352483
20907,Athollblair Boy,0.03587769452020584
20907,John Kirkup,0.046216345317421796
22449,Frankies Dream,0.2816996227510317
22449,Followeroffashion,0.2736460061113128
22449,Magna,0.06721064091867734
22449,Dusky Rain,0.01083598338969233
22449,Kameko Spirit,0.16533208053383291
22449,Sunny Time,0.05292090615864755
22449,La Mer Grise,0.08215124447667825
22449,The Magic Turtle,0.06620351566012707
22450,Tadreeb,0.13065115597057866
22450,Rey De La Batalla,0.2423495032762257
22450,Super Hit,0.18475354244966294
22450,Onslow Gardens,0.12225252146467458
22450,Masterofgreygoose,0.16003364821510263
22450,Straight A,0.1331897284570604
22450,Jacques Cartier,0.026769900166695077
22451,Bedford Flyer,0.1356441555524426
22451,Grace Angel,0.11944529265546054
22451,Ziggy's Missile,0.12928641299953558
22451,Michaela's Boy,0.09169230404149757
22451,The Thames Boatman,0.16792236187244353
22451,Diomed Spirit,0.11231926477161618
22451,One Night Stand,0.06872391720742531
22451,Existent,0.17496629089957877
22452,Realise The Dream,0.06153645772793295
22452,Sarabi,0.23589503917732552
22452,Spinning Dancer,0.14253794427280744
22452,Tango In Paris,0.17265693996303813
22452,Manton Road,0.0789323306464292
22452,Eva's Eyes,0.1472740616981384
22452,Perfect Ruby,0.16116722651432838
22453,Spuddling,0.017790556856044103
22453,Appleblossomwhite,0.1459968871699127
22453,Aneedah Hero,0.1218855632576257
22453,Perfect Parole,0.25930759854501706
22453,Funalltheway,0.1966428015345563
22453,Born Too Run,0.12408321842828388
22453,Freak Encounter,0.06534586443927569
22453,Welsh Fizz,0.06894750976928461
22454,Forge Valley Lad,0.2033808833739657
22454,The Colorist,0.04450952956338388
22454,Mirabello Bay,0.07770315192838596
22454,Luna Effect,0.2158539281751321
22454,Fullforward,0.1694381762418027
22454,Mhajim,0.27499885333730933
22454,Mapogo,0.01411547738002029
22455,Masqool,0.13608728732443423
22455,Bearaway,0.12283748114318023
22455,Crafter,0.10828510523518639
22455,Birthday Angel,0.0867976736479192
22455,Fior Di Bosco,0.12414671549145921
22455,Time Tested,0.13673619028094114
22455,Cloud Free,0.12553389591259442
22455,Mc'Ted,0.05570827198170213
22455,Arenas Del Tiempo,0.022519975484473147
22455,Uzincso,0.08134740349810977
22456,Daaris,0.2566626856436584
22456,Mr Zippi,0.024929611272268285
22456,Grand Duchess Olga,0.15075892274638977
22456,Blue Collar,0.23163135165761814
22456,Further Measure,0.01674684361867887
22456,Scylla,0.17921796708336046
22456,Two Plus Two,0.14005261797802598
22457,Maharajas Express,0.34385267797877567
22457,Papa Don't Preach,0.06682381569661217
22457,Apache Star,0.22048502351892474
22457,My Genghis,0.1260513702849467
22457,Buraback,0.117567704517209
22457,Next Second,0.12521940800353173
22458,Supreme King,0.19527490070689568
22458,Bulldog Drummond,0.19422775394739586
22458,Invincible Speed,0.1874055077075277
22458,Many A Star,0.08348592317232068
22458,Rebel Path,0.09828853812248389
22458,Havana Sky,0.14715366638259628
22458,Kitaab,0.09416370996077998
22459,Land Lover,0.1847925400205662
22459,Kodi Red,0.06172807603882245
22459,Lihou,0.07833988166947006
22459,Tyke,0.1889493916919173
22459,Beauzon,0.22060555076295324
22459,Prince Of Bel Lir,0.11897711582874176
22459,Professor Tickle,0.043640574236751856
22459,Nelson Gay,0.10296686975077708
22460,Surprise Picture,0.061249433149702354
22460,Amaysmont,0.12604204804602817
22460,Monsieur Patat,0.13996428448055037
22460,Autumn Rose,0.16885503296589188
22460,Al Suil Eile,0.035859512665892004
22460,Triggered,0.26291265612029513
22460,Global Warning,0.04825539444147091
22460,Embarked,0.026536517637913478
22460,River Wharfe,0.1303251204922556
22461,Forever Proud,0.39323995641174314
22461,Green Power,0.11936570786861275
22461,Light Up Our Stars,0.03379636744842641
22461,Celebrating Ethel,0.12315729657735901
22461,Mostly Mozart,0.022402727963178097
22461,Jumeira Vision,0.03333219652797286
22461,Strategic Fortune,0.046124505673988764
22461,Port Noir,0.11010333985608814
22461,Spartan Times,0.09305916257277137
22461,Ciara Storm,0.0254187390998596
22547,Junkanoo,0.052222901804891926
22547,Tradesman,0.22630706093709937
22547,The Craftymaster,0.28005366313738084
22547,Sun Dancer Girl,0.10684178825524097
22547,Alright Sunshine,0.009395201999194398
22547,Currumbin,0.08738334739025984
22547,Star Legend,0.23779603647593253
22548,Diomed Spirit,0.15326743120762998
22548,True Promise,0.2173513590215085
22548,Dashing Harry,0.05969608543492112
22548,Twilight Fun,0.21742674116030952
22548,Secret Mistral,0.18223955486858484
22548,Thunder Star,0.1700188283070459
22549,Monsieur Beaulieu,0.09313038707016122
22549,Bulldog Drummond,0.02184699665933924
22549,Lessay,0.27264700293717475
22549,El Bufalo,0.10413731768852348
22549,Above,0.17046661584235603
22549,Ultramarine,0.12478628372752248
22549,Rebel Path,0.21298539607492278
22550,Black Falcon,0.035767119421708356
22550,Camden Flyer,0.1396105494142814
22550,Due Respect,0.046130500826085025
22550,Ceira G,0.059620738140634164
22550,Ancient State,0.0249724617480644
22550,Freak Encounter,0.09530439416218416
22550,No Release,0.20957963427967738
22550,Maid Of Killybegs,0.28880928877010104
22550,Holywell Bay,0.0554940741649766
22550,Clipsham Noble,0.04471123907228744
22551,Baileys Honeymoon,0.10309220142808254
22551,Missile Mac,0.11317830617217896
22551,Navarre Special,0.19761482600802094
22551,Hype Merchant,0.02415585850350796
22551,Rumba Bay,0.1877742862672587
22551,Jimmy Henry,0.23231293405822157
22551,La Mer Grise,0.1418715875627294
22552,Switchel,0.29539152793323575
22552,Palazzo Persico,0.20335935987010365
22552,Solanna,0.11489407042251587
22552,Cloud Free,0.07486377285959249
22552,Muhib,0.16720023856938113
22552,Mc'Ted,0.03800625156628936
22552,Jenson Benson,0.10628477877888175
22642,Amaysmont,0.23738478973770386
22642,Safari Dream,0.1243068882505224
22642,Rusheen Boy,0.08761995287748396
22642,Kurimu,0.0321578476755108
22642,Sonmarg,0.10834350192117202
22642,Sir Maxi,0.15346373988928552
22642,The Cola Brasil,0.09784371810997128
22642,Almodovar Del Rio,0.04543924433739872
22642,Broxi,0.08688682011064557
22642,Moreginplease,0.026553497090305658
22643,Cemlyn,0.25466865468274197
22643,Youvegotoshowmeluv,0.07108464082273763
22643,Fallen Soldier,0.0508405783693828
22643,Frankies Dream,0.15576964217681868
22643,Startling,0.090084576302672
22643,She Went Whoosh,0.07402299997286661
22643,The Vital Spark,0.15220066294220672
22643,Luna A Inbhir Nis,0.008699170310066496
22643,Auntie Jo,0.14262907442050723
22644,Kodi Red,0.25629299645573966
22644,Dion Baker,0.08990380788255285
22644,Brunel Charm,0.029289820908084508
22644,Just Ten High,0.2114797650970734
22644,Roman Emperor,0.07690336398095389
22644,Southbank,0.33613024567559574
22645,Diomed Spirit,0.24735562708171688
22645,Existent,0.3205999137654541
22645,El Bufalo,0.1710919906424002
22645,Fidelius,0.1846436841606953
22645,The Defiant,0.07630878434973358
22646,Mr Baloo,0.06497274016812811
22646,Vibrato,0.039066340406770705
22646,So Quiet,0.20671511213704796
22646,Brazilian Rose,0.11556662307586463
22646,Abruzzo Mia,0.058776355091253195
22646,Kit Gabriel,0.061679100367798646
22646,Swiss Ace,0.10751147677872458
22646,Starliner,0.134844841051947
22646,Mereside Madness,0.13781209964189364
22646,Outrun The Storm,0.0730553112805715
22647,Salamanca,0.11744962834309382
22647,Penzance,0.051229996534622346
22647,Felix,0.08584296538030516
22647,King's Code,0.08007868954301964
22647,Wadacre Gomez,0.11087238360902227
22647,Metallo,0.15704914913945275
22647,Magico,0.10895539771686598
22647,Sari Dubai,0.05321190885351823
22647,Mighty Nebula,0.15812517474387014
22647,Parkland,0.07718470613622984
22648,Alligator Alley,0.12333223793445074
22648,Zarzyni,0.1888962089317308
22648,Monks Dream,0.08870909721693598
22648,Castan,0.15870453827735317
22648,Dark Kestrel,0.16934352171160283
22648,Our Absent Friends,0.06059118868103055
22648,King's Crown,0.11288958282580026
22648,Herakles,0.09753362442109567
22649,Time Tested,0.24702725303201653
22649,Solanna,0.04440749840897219
22649,Raqisa,0.06154316152947794
22649,Liberated Lad,0.13665594397454559
22649,Boasty,0.08628450131864401
22649,Cerulean Summer,0.05862109536715768
22649,Lightningboltzoom,0.01615612113561761
22649,Egoiste,0.2038172501167532
22649,Green Power,0.1454871751168153
22650,William Dewhirst,0.46739248105189024
22650,Pals Battalion,0.27376231197918766
22650,Rebel Empire,0.09458716342197851
22650,Mondammej,0.1642580435469436
22651,Drifts Away,0.2277850860095446
22651,Star Pupil,0.1954005401252476
22651,Kracking,0.29054624460158623
22651,Coolree,0.10244647015243213
22651,Timetobenice,0.10151149367103521
22651,Stella Hogan,0.08231016544015403
22652,Concert Boy,0.017823073573162103
22652,Pinjarra,0.046765859360723326
22652,Just Typical,0.0534455029598131
22652,Mr Jetman,0.08631537220298713
22652,Evoluir,0.01246690890100055
22652,Odd Socks Havana,0.2096249402240288
22652,Yorkshire Glory,0.32178346419909476
22652,Made All,0.18326171187190954
22652,Pop Favorite,0.06851316670728066
22754,Shine On Brendan,0.14285702995622293
22754,Dawn Of Liberation,0.041815083786333744
22754,Detective,0.06686014148003488
22754,Spun To Gold,0.10203394440079566
22754,Jesmond Dawn,0.08328851347302099
22754,Lucykeys,0.028491012342380627
22754,Between Me And U,0.0661949018271409
22754,Swift Salian,0.12892040881134673
22754,Code Purple,0.10097978506998184
22754,Izzari,0.07623803571751263
22754,Bulmer Bank,0.043420816737375315
22754,Rainwater,0.07857000074658675
22754,English Spirit,0.040330325651267145
22755,Arecibo,0.011646878774803507
22755,Zarzyni,0.11434755966163976
22755,Castan,0.08262312867671603
22755,Stash The Cash,0.03796142523751159
22755,Water Of Leith,0.07558845553478029
22755,Catch Cunningham,0.04541520902943932
22755,Eternal Sunshine,0.12939551870842975
22755,Ziggy's Queen,0.11204703436673752
22755,Knicks,0.032249555415439855
22755,Glory Hyde,0.03188705218373616
22755,Classy Al,0.1024824123268203
22755,Only Spoofing,0.13027167607308368
22755,Sugar Baby,0.05435010888705633
22755,Golden Rainbow,0.03973398512380592
22756,Papagei,0.042811366971632056
22756,Letsbefrank,0.14739930474890103
22756,Tafsir,0.10395784840936387
22756,Tokyo Bay,0.11183901620115469
22756,Sportingsilvermine,0.13526281061182446
22756,The Dancing Poet,0.0722046064237167
22756,Simple Star,0.06565151320836092
22756,Spanish Hustle,0.10006872711560608
22756,It's A Love Thing,0.03852691205114617
22756,Etretat,0.03505758800567994
22756,Spartan Warrior,0.04155151478201264
22756,Cascade Hall,0.07909661342590164
22756,Glasses Up,0.026572178044699857
22757,Marhaba Ghaiyyath,0.08927380840941362
22757,Magellan Cloud,0.04482876406472726
22757,Arbitration,0.22198467826073645
22757,Defence Missile,0.046265796269877826
22757,Chesneys Charm,0.11534731995138416
22757,I Am Me,0.19646959592358904
22757,Springbok,0.13356323218071947
22757,Native Honey,0.15226680493955225
22758,Judgment Call,0.02968067859288375
22758,Abduction,0.16375748771617443
22758,Vince Le Prince,0.07682264340571923
22758,Jonny Concrete,0.08145490761858061
22758,Mister Bluebird,0.03293526840495714
22758,Sondad,0.05247846227311616
22758,Vibrato,0.045951474950546634
22758,Rock Melody,0.12592377341761898
22758,Beattie Is Back,0.15785941077868004
22758,Stockpyle,0.0742400956904096
22758,Hectic,0.08175760406976745
22758,Benacre,0.07713819308154597
22759,Ramazan,0.10637961574478423
22759,New Image,0.16726495886798248
22759,Gweedore,0.04415087806078676
22759,Spirit Genie,0.0483964766104997
22759,Our Havana,0.08655568489171878
22759,Catch The Paddy,0.21901793944237716
22759,Dain Ma Nut In,0.12338405463014623
22759,Oriental Prince,0.2048503917517046
24307,Aiming High,0.13731012220431082
24307,Caramay,0.1701644896679552
24307,Fleeting Moment,0.0935059372968545
24307,Nala The Lioness,0.14968511986759647
24307,Ever Hopefull,0.16233971495996644
24307,Kinetic,0.19736970688192168
24307,Always Waving,0.08962490912139501
24308,Blue Lakota,0.2284655531675745
24308,Kildonan,0.03911059738279217
24308,Nad Alshiba Rain,0.018905618566741555
24308,Triple Charged,0.17061536222526694
24308,Horus,0.31796677152727215
24308,Psychodrama,0.02795807994575588
24308,Flicka's Girl,0.19150350046329
24308,Mystical Elegance,0.005474516721306692
24309,Soames Forsyte,0.06739504183255403
24309,Arika,0.1782232977197886
24309,Reputation,0.06860891056989298
24309,My Brother Mike,0.2762635578296009
24309,Ring Of Gold,0.1188195014992526
24309,King Of York,0.029948433861172
24309,Anif,0.0324295351718555
24309,Big Narstie,0.03277643320986018
24309,Al Shabab,0.09883371059822714
24309,Urban Dandy,0.04412769605812951
24309,Shaka,0.052573881649666636
24310,Brains,0.039893153780953906
24310,Morning Approach,0.08905491379897486
24310,Super Over,0.00708026011066177
24310,Nedita,0.269435373207979
24310,Star Mind,0.0418001141431206
24310,Tribal Moon,0.22805871504906686
24310,Rockbury Lad,0.21630472030893552
24310,Si Senior,0.025401158343571463
24310,Zahee,0.0734796776710958
24310,Saxon Kingdom,0.009491913585640187
24311,Illucidate,0.030814468591822065
24311,Two Auld Pals,0.06262663876881093
24311,Saligo Bay,0.12977844545014613
24311,Dance Time,0.2946768292906174
24311,Comte De Loir,0.25564125573695884
24311,At Vimeiro,0.1861216844005976
24311,Vinny's Dream,0.033880927276650895
24311,Quercus Robur,0.00645975048439627
24312,Lost President,0.05725706777857282
24312,Esque Elegance,0.07194374936714763
24312,Tam Lin,0.23493142391656993
24312,Movin And Groovin,0.30906624686549083
24312,Keithal,0.054400288964216094
24312,Magna Beauty,0.09977293124325232
24312,Endless Dawn,0.14089187297032618
24312,Senior Montecristo,0.01999281645089709
24312,Star Allure,0.00530555639198674
24312,Clarabell,0.0064380460515403
24313,Khangai,0.2511658380883122
24313,Come On John,0.4230901550903425
24313,Jujubella,0.08414887672287497
24313,Brividi,0.09882398022215795
24313,Yakhabar,0.0871610023264015
24313,Cage Rattler,0.009601818631154392
24313,Cookie Queen,0.04600832891875651
24314,Retraction,0.11157333618534586
24314,Balqaa,0.17564792093140036
24314,Impeach,0.04867703270572571
24314,Fifty Sent,0.1811251748444217
24314,Charlatan,0.22001715954369455
24314,Marinakis,0.15596160726386346
24314,Twistaline,0.045759377867438666
24314,True Nation,0.05343568324082
24314,Cherry Tree Dawn,0.007802707417289737
24315,Senado Square,0.08584249410633911
24315,Devil's Angel,0.03186679660666421
24315,Fly To Glory,0.08664981687540363
24315,Winemaker,0.23674128295218555
24315,Shelbourne Flyer,0.04983597279163559
24315,Velvet Skies,0.07117708742068952
24315,Havana Notion,0.06250006637913211
24315,Blue Wood,0.011168982665490119
24315,My Girl Sioux,0.08341790968374845
24315,Gimmieminnie,0.047705875908512475
24315,No Speed Limit,0.02968194112332942
24315,Hasiyna,0.12903236373817684
24315,Wild Mountain,0.06634710654983461
24315,Sister Lola,0.008032303198858396
24316,William Dewhirst,0.33387138831268864
24316,Swiss Ace,0.191788121525768
24316,King's School,0.08430239718301175
24316,Starliner,0.1437995650252915
24316,Outrun The Storm,0.16943277858823916
24316,Aram,0.03711819378574753
24316,Woodleigh,0.039687555579253436
24317,Cast No Shadow,0.13838287034248184
24317,Above,0.1269496096763247
24317,Water Of Leith,0.2246514216031979
24317,Darlo Pride,0.2297065235908219
24317,Piloto Pardo,0.09394365850974921
24317,Show Me Show Me,0.18636591627742458
24318,Beauty Bella,0.26794347100274585
24318,Storm Eric,0.012473130236177507
24318,Doctor Grace,0.10458886036687036
24318,Barretstown,0.1299556154892954
24318,Signor Ferrari,0.05430426047675478
24318,Reclaim,0.22730750179168258
24318,Never Thought,0.15506582840034075
24318,Uberrima Fides,0.014862926645677604
24318,L'immortale,0.021159605874741402
24318,Roderick,0.012338799715713826
24319,Miss Glenville,0.14813611969449297
24319,Cousin Shay,0.16773821344977344
24319,Pomeriggio,0.034443529377246894
24319,Rumbled Again,0.2164897967826833
24319,Woodlander,0.034357968824799835
24319,Jawhary,0.12859151047131223
24319,Snag It,0.06289880662885597
24319,Deed Pole,0.011696911522921016
24319,Velvet And Vine,0.07314798519205762
24319,Together Aclaim,0.11477382465164584
24319,Tastyee,0.007725333404210921
24320,Airman,0.12749249123146472
24320,Daring Legend,0.021314809265328395
24320,True Promise,0.147279022679977
24320,Bright,0.1595755163523752
24320,Pals Battalion,0.265023052345032
24320,Mondammej,0.17037688414570878
24320,The Fixer,0.02621116429163936
24320,How Impressive,0.0827270596884746
24321,Paris Lights,0.11318633032709043
24321,Mambha,0.1111601766097661
24321,Bird Of Play,0.08879396384079738
24321,Tasever,0.17896591313207233
24321,Cusack,0.13702554062523556
24321,Profitman,0.08881732584095309
24321,Miners Gamble,0.06384482781904209
24321,Rob's Umberella,0.11475598987371224
24321,Commander Crouch,0.10344993193133072
24322,Tickets,0.21349519296505748
24322,Tomorrow Day,0.29399176770398555
24322,Stormy Pearl,0.155567865675529
24322,Beneficiary,0.14518183023521178
24322,Warminster,0.008844842304744936
24322,Tantomile,0.07338435190621777
24322,See My Baby Jive,0.10953414920925333
24409,Overnight Oats,0.3096445810945226
24409,Onslow Gardens,0.07423341829413237
24409,Masterofgreygoose,0.139660586871778
24409,Star Pupil,0.1859109074697329
24409,Hartswood,0.0469218295112269
24409,Love Your Work,0.05500064138541509
24409,River Wharfe,0.06923329611617637
24409,Al Suil Eile,0.11939473925701585
24410,Northbound,0.24056992342030176
24410,Lumenbourg,0.042414747420670876
24410,Spartan Fighter,0.04093555178827997
24410,Clyde Bay,0.0812544309670122
24410,Hawajes,0.11143199032662061
24410,Prince Elliot,0.007667757327353348
24410,Alyara,0.11153841890262622
24410,Moreginplease,0.03297189386112031
24410,Copper Mountain,0.07734736178734358
24410,Margot Robbie,0.25386792419867116
24411,Royal Justice,0.032952452884696136
24411,Vixey,0.10293244916112014
24411,Ignac Lamar,0.2985558807457345
24411,Monsieur Fantaisie,0.2810939895937716
24411,Lion's Dream,0.026843992045178566
24411,Kodebreaker,0.10566736463034307
24411,Crocus Time,0.08144011582703767
24411,Barney's Bay,0.014041290783590961
24411,Cammy,0.05647246432852734
24412,Noble Truth,0.05629597239970149
24412,Doctor Khan Junior,0.21270539310067108
24412,Royal Zabeel,0.04310677173683355
24412,Yorkshire,0.1640116203561771
24412,Gweedore,0.01459077202493886
24412,Apiarist,0.13161074446283008
24412,Blue Prince,0.0508867571104503
24412,Havanagreattime,0.10247989851563997
24412,Liamarty Dreams,0.10627824341446422
24412,Farasi Lane,0.07652807610644047
24412,Our Havana,0.04150575077185267
24413,Sophar Sogood,0.18683597499837482
24413,Mirabello Bay,0.0999318582374961
24413,Rubellite,0.18927104411115864
24413,Scylla,0.0419913424941687
24413,Mamdoh,0.13802227934260144
24413,Easy Equation,0.024379603795735227
24413,Lumberjack,0.037976114903291794
24413,Crystal Guard,0.09136935150949559
24413,Desejada,0.10869418023893461
24413,Angus De Bull,0.011897435915094462
24413,Leon Trotsky,0.06963081445364852
24414,Sporting Hero,0.16626078125325636
24414,Dream Today,0.10522925580199512
24414,Mary Shoelaces,0.03055591695858971
24414,Crystal Luna,0.2278723726841569
24414,Magic Force,0.08403535992306341
24414,Tommy McJohn,0.1459171918838099
24414,Sam's Xpress,0.10109532145685898
24414,Beano Power,0.025577363704470567
24414,My Girl Sioux,0.05085046739486715
24414,Babyface,0.0350357263115379
24414,No Speed Limit,0.027570242627394152
24415,Grace Angel,0.12591505759470614
24415,Master Of My Fate,0.321176356384659
24415,Jumbeau,0.17087239165339946
24415,Brooklyn Nine Nine,0.060341395249040315
24415,Rhythm N Hooves,0.23491979765950996
24415,Counsel,0.059189611788881914
24415,Sanat,0.027585389669803353
24416,Volenti,0.28391277269109805
24416,Thats My Boy Luke,0.0337702622699551
24416,Berry Edge,0.11798959644209775
24416,Annandale,0.09575293730310779
24416,Powerful Response,0.009728039291432802
24416,It's A Love Thing,0.03848430300369029
24416,We Still Believe,0.049060880557967965
24416,Sandret,0.1678968500000781
24416,Skilled Warrior,0.04643758516027192
24416,Susiesparkle,0.10799577163878922
24416,Rock Armour,0.04141091119299645
24416,Wath Court,0.007560090448514524
24417,Bantz,0.0926454720017457
24417,Rogue Endeavour,0.17050513253921173
24417,Mrbluesky,0.1583534222444333
24417,Love Games,0.18425178273478404
24417,Kilo Sunshine,0.06197718169785376
24417,Manton Road,0.20764273394504315
24417,Nave Force,0.09431898409756373
24417,Crangy,0.030305290739364648
24418,Senado Square,0.06730028340986952
24418,Is That Love,0.006873407677096297
24418,Pink Oxalis,0.12049659931034996
24418,The Cola Brasil,0.12118356001643027
24418,Circles,0.03510154376848616
24418,Mullacash Buzz,0.013291349274580198
24418,Profit Surge,0.00872843092038039
24418,Notforalongtime,0.07628670417038634
24418,Seas And Oceans,0.2135030924847438
24418,Villemacho,0.08545161063695415
24418,Holly Woods Dancer,0.035216254111054876
24418,Master Garvey,0.06841395829915277
24418,Jackandthefox,0.034400342921659915
24418,Knockmore Prince,0.11375286299885529
24419,Respectful,0.06387193387405245
24419,Roaring Ralph,0.09547133808413884
24419,Blackjack,0.040001578910107506
24419,Too Much,0.17086439208496979
24419,Profit Street,0.06892338250026879
24419,Tickets,0.18792319329495857
24419,Captain Vallo,0.042024642646181304
24419,King's Crown,0.10663240669520345
24419,Cooperation,0.04282541156433548
24419,Rory,0.13988858027053022
24419,Galel,0.04157314007525365
24420,Trishuli River,0.2669197913983232
24420,Vierson,0.06021954914968131
24420,Goldsmith,0.007317276906507412
24420,Ice Opera,0.056239118332813476
24420,Limestone Red,0.08856655127125292
24420,Rockbury Lad,0.1907448438762554
24420,Seti,0.03610716031040956
24420,Signor Ferrari,0.06099740160476693
24420,Sarmiento Power,0.04334183753929087
24420,Highland King,0.07615255570340136
24420,Pillar Of Hope,0.006979557032004165
24420,Serengeti Sunrise,0.006312153989707839
24420,Fine Print,0.09122001364672483
24420,Adare Beauty,0.008882189238860532
24421,Juan Les Pins,0.017599628725864184
24421,Zip,0.08788458200034788
24421,Waiting All Night,0.12464071630137598
24421,William Dewhirst,0.14201003088837208
24421,Lerwick,0.17306444982173713
24421,Barnaby,0.23197720453760592
24421,Danielsflyer,0.07372647776265054
24421,Starliner,0.08260331781048273
24421,King's School,0.03993468240761203
24421,Callianassa,0.026558909743951305
24422,Brian The Snail,0.11527974597049452
24422,Birkenhead,0.08370281173955593
24422,Castan,0.10902188804784879
24422,Ganesha,0.038117457253324626
24422,Glory Fighter,0.059852763230201333
24422,Papa Cocktail,0.05742160538400328
24422,Golden Rainbow,0.13395379322333636
24422,Beneficiary,0.08707613777113021
24422,Street Life,0.06254347862676318
24422,Pockley,0.2530303187533417
24509,Crystal Luna,0.23890211376063045
24509,Sam's Xpress,0.10149110026983178
24509,Beano Power,0.033416946676209855
24509,My Girl Sioux,0.06711444046994866
24509,Hastily,0.1962214282066904
24509,No Speed Limit,0.042125227347120424
24509,Turn Up The Beat,0.19601309961906868
24509,Hezahunk,0.02332208044195141
24509,Eric Lock,0.042867961133066575
24509,Historical Fact,0.058525602075481756
24510,Metamorpheus,0.1379646760692626
24510,Doctor Grace,0.2695852962947792
24510,Pillar Of Hope,0.011205601523531462
24510,Guest Star,0.08850174199008065
24510,Latin,0.15125304223279548
24510,Say You're Sorry,0.05436438927570543
24510,Porsche Lad,0.00581181168734916
24510,Hope And Innocence,0.13302970704296901
24510,Knockmore Prince,0.09236347334779428
24510,Saxon Kingdom,0.012952994875491732
24510,Uberrima Fides,0.006682009305640711
24510,Bringsty,0.0362852563546004
24511,The Organiser,0.38033971761664603
24511,Serenity Dream,0.047866540867578355
24511,Soames Forsyte,0.06118863488949706
24511,Blufferonthebus,0.13777689706957658
24511,Guy Fawkes,0.06529766074926747
24511,Emily Post,0.05660824084504225
24511,Woodleigh,0.08351182104515545
24511,Thanks Dad,0.0340656646264704
24511,King Of York,0.033211504211353784
24511,Billy McGarry,0.07804783025695422
24511,Embarked,0.02208548782245856
24512,Pavilion End,0.17808832454121457
24512,Polemon,0.22813497525733528
24512,Migdam,0.27085045025406085
24512,Pearl Jewel,0.19210801800216185
24512,Theophilos,0.04515390589545003
24512,Gracesolution,0.08566432604977738
24513,Pearl Eye,0.13572107237204026
24513,Bravo Zulu,0.09496645388051554
24513,Hitched,0.3790627142397371
24513,Urban Road,0.08795685147000447
24513,Eden Storm,0.08542144230663445
24513,Super Over,0.21687146573106816
24514,Tropez Power,0.16738737952941343
24514,Zip,0.07465591714921978
24514,Dolce Courage,0.08679820122006798
24514,Legal Reform,0.11723114999468413
24514,Invincible Aura,0.12975306453127705
24514,Abduction,0.16425548148332922
24514,Alcazan,0.04053318844294636
24514,Cash Or Crypto,0.219385617649062
24515,Altimara,0.07365460889175801
24515,Imperial Fighter,0.025287987983876613
24515,Chavajod,0.0898555545320136
24515,Free Solo,0.06465177402537903
24515,Daonethatgotaway,0.30216985354272574
24515,Punk Poet,0.026957507405664483
24515,Rockbury Lad,0.15960435485201654
24515,Seti,0.03881385481309997
24515,Hurricane Helen,0.07672096960089747
24515,Rampage,0.038814053860982016
24515,Pink Oxalis,0.09198019724022954
24515,Feature This,0.007162702550590528
24515,Serengeti Sunrise,0.00432658070076633
24516,Stroxx,0.06275060972272502
24516,War Zone,0.061387808081300205
24516,Street Life,0.03704709504601112
24516,Astapor,0.016284561125410584
24516,Second Collection,0.2380103946988158
24516,Himawari,0.08646786105295509
24516,Starshot,0.08918373159669081
24516,Red Walls,0.06935877844704309
24516,Admirable Lad,0.0567315140939732
24516,Midnightattheoasis,0.12246944270712522
24516,Hi Hoh Tonto,0.16030820342794985
24517,Tough Enough,0.07363684900930254
24517,Diamondonthehill,0.1935194474653424
24517,Our Havana,0.11595136544430618
24517,Way To Dubai,0.05651927313518155
24517,Feel The Need,0.1697072910840701
24517,Court Of Session,0.04386040527609817
24517,Eligible,0.26713583290070525
24517,Ten Commitments,0.07966953568499392
24518,All Right By Me,0.16371629439141722
24518,Faithlegg Lodge,0.2755826582465623
24518,Amber Blossom,0.23689826112801973
24518,Sunriseontheboyne,0.106268946015117
24518,Your Call,0.07029951455029387
24518,Esque Elegance,0.1054449427996623
24518,In The Minus,0.008639990319991384
24518,Hooz In Court,0.03314939254893626
24519,Knockbrex,0.08778954062851287
24519,Pleasant Man,0.05365078707664825
24519,Robusto,0.11746001296283266
24519,Cardano,0.10117164980957653
24519,Rogue Tornado,0.25835277867326434
24519,Optician,0.25092085948993703
24519,Tradesman,0.13065437135922828
24520,Shartash,0.20503188059705907
24520,Fivethousandtoone,0.1170475475652831
24520,Rosario,0.03811781967015323
24520,Badri,0.06458128677340712
24520,Mums Tipple,0.03446346649338176
24520,We Never Stop,0.12052107560146454
24520,Many A Star,0.12012767712851112
24520,Havanagreattime,0.06686465161908563
24520,Tiger Crusade,0.13425579836333287
24520,Rohaan,0.07414232081454471
24520,Juan Les Pins,0.024846475373776888
24521,My Brother Mike,0.04211543656543558
24521,Bird Of Play,0.022657280973052408
24521,City Escape,0.30223549746071765
24521,Venetian,0.2321970540810762
24521,Strategic Fortune,0.036817540024881544
24521,Port Noir,0.09839882550623172
24521,The Pug,0.09568865475194159
24521,Mr Trick,0.1698897106366633
24522,Tides Of War,0.10742442384124122
24522,Sax Appeal,0.22506992721426078
24522,Humble Spark,0.09350031007581662
24522,Charlie's Choice,0.14623928221312396
24522,Not Me,0.28468007493558056
24522,Tortured Soul,0.05822615029164656
24522,Without Compromise,0.04419731687698566
24522,Annexation,0.04066251455134465
24523,Daamberdiplomat,0.30334815424880707
24523,Harry's Bar,0.13299502983718728
24523,Mehman,0.15728655768401353
24523,Inishmot Prince,0.08638239131178391
24523,Collective Power,0.033025710499184645
24523,Dontspoilasale,0.15101563608803867
24523,Never Shout Never,0.13594652033098478
24524,Enrolled,0.16925738255510936
24524,Master Of Zest,0.14351476142806424
24524,War Hawk,0.1860876395060411
24524,Sorbus,0.04263040461149142
24524,Ventura Dream,0.08139656658654877
24524,Tuco Salamanca,0.12203023385218871
24524,Blue Seeker,0.1745983787949747
24524,Hot Frank,0.08048463266558166
24525,Commander Of Life,0.1203482635275616
24525,Mr Mistoffelees,0.19697636554844988
24525,Overnight Oats,0.17913251848036651
24525,Etretat,0.17839109217286703
24525,Shaw Park,0.02760535550956069
24525,Yeoman,0.17298369740754344
24525,Wilde And Dandy,0.05373917455642177
24525,Visibility,0.04294921974047637
24525,Down To The Kid,0.027874313056752593
24620,Coverbridge,0.11265664495080405
24620,Tequila Rose,0.06514599899675964
24620,Rumba Bay,0.15713770826429216
24620,Mister Sky Blue,0.05458578604619632
24620,Ballsgrove Boy,0.18720854470651185
24620,Focus On Zaam,0.02718806450492825
24620,Bad Habits,0.034971016901229716
24620,Sanbona,0.030208363075947275
24620,Perfidia,0.11380505963144494
24620,City Captain,0.15228804861903236
24620,Ardilly Breeze,0.046398143804394436
24620,I Got Know How,0.018406620498458842
24621,Forceful Speed,0.007226780028476126
24621,Siempre Arturo,0.09689983893821137
24621,Calumet,0.14289308656428543
24621,King's Code,0.11936502613272729
24621,Marhaba The Champ,0.17298074829518412
24621,Ocean Of Dreams,0.07206104942048717
24621,Qitaal,0.19686458522647984
24621,Lightening Company,0.09135063983141109
24621,Glistening Nights,0.10035824556273758
24622,Perseus Way,0.173196948602433
24622,Chuzzlewit,0.2624317691527866
24622,Power Of Gold,0.0414428393845106
24622,Spioradalta,0.0426547671034884
24622,Paris Lights,0.18018389680448796
24622,Phone Tag,0.041299454777857
24622,Jewel Maker,0.09192555487624271
24622,Arkenstaar,0.07698744020125571
24622,Visibility,0.08987732909693802
24623,Reel Her In,0.1881477798940115
24623,Tarbat Ness,0.24888400536362085
24623,Man Of Riddles,0.1443298878288094
24623,Quercus Robur,0.3002442843633502
24623,Balkotic,0.11839404255020791
24624,Keldeo,0.08269654097697814
24624,A Girl Named Ivy,0.06948436744263435
24624,Emperor Caradoc,0.21069595211390216
24624,Reigning Profit,0.11911995274254861
24624,Willolarupi,0.0783848559099546
24624,Dandy Dinmont,0.10573817429391515
24624,Midnight Lir,0.08762023015564523
24624,So Grateful,0.08163241086615983
24624,Better,0.14904929605151593
24624,Opal Storm,0.015578219446746136
26120,Shalaa Asker,0.0545670272035446
26120,Fortunate Star,0.3858727249537623
26120,Better,0.12614422744244022
26120,Show Me Show Me,0.056899018032893725
26120,So Obsessed,0.11893334869907056
26120,It's Showtime,0.1664625533889597
26120,Desert Master,0.05873752582200794
26120,Stone Of Destiny,0.03238357445732082
26121,Aikhal,0.06818314135476063
26121,Bizarre Law,0.033831166403154464
26121,Palazzo Persico,0.10669752352858622
26121,Risen Again,0.052928859626312295
26121,Shady Bay,0.12104266100884013
26121,Night Bear,0.05443043899073043
26121,The Bay Warrior,0.0733308424156904
26121,Down To The Kid,0.03323299251656814
26121,Lightningboltzoom,0.03947242467980653
26121,Path To Glory,0.18583676404051844
26121,Harry The Haggler,0.23101318543503221
26122,Pjanoo,0.08637308190397808
26122,Harvard Sound,0.12507035861918783
26122,Angel Of Antrim,0.20198429656619465
26122,Lattaash,0.11998456584550754
26122,Encourageable,0.04859244809264783
26122,Enola Grey,0.11350898392755987
26122,Ormolulu,0.1372068354286915
26122,Legal Reform,0.03302331434478737
26122,Eligible,0.07882491518328115
26122,Our Havana,0.0320372812424933
26122,Three Yorkshiremen,0.023393918845670814
26123,Call Glory,0.1600698966845839
26123,Bibendum,0.20733045445337062
26123,Bellagio Man,0.0646463197015031
26123,Rusheen Boy,0.16854729150914557
26123,Sir Rodneyredblood,0.06024591448858173
26123,Arc Shadowfax,0.08178149567814706
26123,Yoshimi,0.06522583385649396
26123,Bomb Squad,0.19215279362817397
26124,Collusion,0.14598301801587538
26124,McCauley's Tavern,0.07117184047282019
26124,El Hibri,0.04477997311440109
26124,Big Bard,0.07717116630457362
26124,Dan Dee Prince,0.1838127342503085
26124,Under Curfew,0.09429779988068032
26124,Heartrate,0.27649969600101837
26124,Don't Fight It,0.1062837719603225
26125,Sam's Hope,0.027339934339730993
26125,Card Shark,0.037044320170569356
26125,Bo Taifan,0.07747177677231726
26125,Genta,0.04608140648322344
26125,Ballybaymoonshiner,0.154900660012215
26125,United Force,0.052885464288009075
26125,Morindoo,0.1875272416124864
26125,Stella Hogan,0.05619816010777474
26125,Nasim,0.010267416080836549
26125,Beauen Arrows,0.02089467390284061
26125,Liege,0.01293421272267128
26125,Cherry King,0.2502275730786737
26125,Tea Leaf Ted,0.05778149450899761
26125,Moorgate,0.008445665919654094
26126,Top Of The Class,0.2274063483956385
26126,Gaiety Musical,0.10516799121635512
26126,Next Trick,0.026999904084487533
26126,Heart Of The City,0.10526280196417946
26126,Midsummer Music,0.08546588132650962
26126,Prefer The Sister,0.17494977856086663
26126,Zepparella,0.10232422779384996
26126,Help Me Rhonda,0.14608974889887283
26126,Ashford Hill,0.02633331775924025
26127,Sweet Fantastic,0.15125946812440647
26127,Montrachet Girl,0.03392511574217597
26127,Mini Mac,0.08380015120337317
26127,Dapper Gee Gee,0.04420994811339142
26127,Choreographic,0.18120859162872008
26127,Ant Colony,0.1031459195947949
26127,Azoozi,0.01699390624497342
26127,Reporter,0.19673503819706675
26127,Panama Black,0.05810822241064533
26127,Bad Habits,0.06127104011754256
26127,Arlecchino's Rex,0.06934259862290992
26128,Aroof,0.12688942107156054
26128,Rosco Rogers,0.007079487363587527
26128,Gemmari,0.1591455537396982
26128,Gray Rainbow,0.11567609543681621
26128,Bruce Banner,0.04352131084309005
26128,Abstract Art,0.05945085206894601
26128,No Release,0.17916233380830046
26128,Just Dawned On Me,0.054358522042879574
26128,Spaceage Love Song,0.25471642362512154
26218,Jesse Luc,0.011024633879991122
26218,Caesars Pearl,0.14929457134586238
26218,Almodovar Del Rio,0.10703052800693266
26218,Piperstown,0.10277376879662056
26218,Voltaic,0.05146911534005757
26218,So Grateful,0.1121919156340401
26218,Belle Flora,0.12888302173121297
26218,Raft Up,0.2525278230273132
26218,Broxi,0.050849926750988234
26218,Dodgy Bob,0.01776578659747287
26218,Love Is A Rose,0.016188908889508257
26219,Swinging London,0.2537636052493418
26219,Golden Flame,0.21114236577864856
26219,Weddell Sea,0.016299395177473575
26219,Doublethetrouble,0.05923688046201194
26219,Breathless Bishop,0.03756269582614394
26219,Mafia Power,0.18633719236235818
26219,Man Of Action,0.17364713204623355
26219,Saxon Star,0.06201073309778859
26220,Blue Anthem,0.34024841753931906
26220,Squires Treaty,0.011904758498322749
26220,Ventura Dream,0.10158656830264813
26220,Sweet Cicely,0.050903864493128934
26220,Spec Of Light,0.1468630519999744
26220,Dixie's Delight,0.07946316829566734
26220,Tiny Rebel,0.07604781492041456
26220,Makes Me Wonder,0.1929823559505249
26221,Fast Fred,0.049712950157365474
26221,Ribba Hill,0.039755256395873
26221,Percy Willis,0.2017733115468217
26221,Elemental Eye,0.06169088302395643
26221,Byron Hill,0.16487168096491697
26221,Jujubella,0.05748298556795794
26221,High Court Judge,0.18848520792592058
26221,Show No Fear,0.12291844252582906
26221,Alpine Sierra,0.0923593386585924
26221,Bella Bluesky,0.020949943232766378
26222,Crest Of Light,0.07469691881012662
26222,Callout,0.2272188781094704
26222,Eva Dickson,0.1636125802526712
26222,Antiquity,0.17469362126719962
26222,Top Of Pleinmont,0.04239689529811213
26222,Risk,0.12689207303809355
26222,Goldrush Glory,0.0255083693113325
26222,Cuda Been A Rowlex,0.1649806639129941
26223,Enola Grey,0.150053296347555
26223,Gaiety Musical,0.173976405430597
26223,Just A Spark,0.08033024096355551
26223,Ghaihaban,0.08642090751552665
26223,Liv My Life,0.04227119316031967
26223,Quandary,0.2725570643027589
26223,Powdering,0.04089396719216378
26223,Petra Celera,0.15349692508752355
26224,Tempus,0.4108600285884696
26224,Indalo,0.153593555928241
26224,Dingle,0.06618246102653812
26224,Longhaired General,0.10781976741970667
26224,Quiet Resolve,0.26154418703704446
26225,Midnight City,0.22834505897999133
26225,Dandy Magic,0.11851346251899242
26225,Leadenhall Street,0.12535994011733945
26225,Mighty Ruler,0.05520056960783627
26225,Alashos,0.0769183779919944
26225,Mini Mac,0.005916388322553893
26225,Bow Street,0.045427596723847705
26225,Psychodrama,0.05589119313927984
26225,Cemlyn,0.21285923291980335
26225,Piranha Rama,0.07556817967836123
26226,Ormolulu,0.06623893590849414
26226,Dark Kestrel,0.20570071640484233
26226,Monks Dream,0.04897745518142315
26226,Novak,0.12153581541998393
26226,Strong Power,0.05681335501936609
26226,Beale Street,0.14963526960311288
26226,Neapolitan,0.10323871395177396
26226,Biplane,0.05782159028301466
26226,Parisiac,0.09872928647164056
26226,Sibyl Charm,0.09130886175634836
26227,King Of The Jungle,0.19303514892828988
26227,Nelson Gay,0.08902437530582001
26227,It's Showtime,0.22765192460397982
26227,Green Tax,0.031922098786613014
26227,Dash Gordon,0.059736994177669075
26227,Sir Benedict,0.21577579230576382
26227,Ballysax Lil' Mick,0.18285366589186447
26228,Rebecca's Girl,0.23974757718357748
26228,Rory,0.17429840668436067
26228,Pallas Lord,0.20850363231931154
26228,Flash The Dash,0.07069751682940541
26228,Keep Me Stable,0.1217624875342335
26228,Concert Boy,0.015133769766726656
26228,Anif,0.05897488307599068
26228,Elettaria,0.03741348473498365
26228,Alexander James,0.07346824187141053
26229,Init Together,0.13096638060975546
26229,Mr Zippi,0.012695185729623705
26229,Mr Nugget,0.2824502017826905
26229,Market House,0.1764100210972458
26229,Oyamal,0.023398197324370776
26229,Khangai,0.33161574440175273
26229,Reason To Pass,0.04246426905456113
26323,Corsican Caper,0.028088491690569643
26323,Forest Spirit,0.08995408104313246
26323,Khangai,0.35002296530998034
26323,Moon Over The Sea,0.1256655173136207
26323,Oyamal,0.02572309201637359
26323,Alvesta,0.1037588586322801
26323,Bay Of Naples,0.09189995230162794
26323,Hannasboy,0.18488704169241518
26324,Scarlet Sunset,0.11822935558286994
26324,Patrol,0.17408228267963305
26324,One Horse Town,0.21693943789975767
26324,Ray Gun,0.22078119172667893
26324,Hi Ya Mal,0.1150087928835125
26324,Gemmari,0.07577063333148018
26324,Houndsworth,0.07918830589606779
26325,Enola Grey,0.22799030493730194
26325,Bellarchi,0.1791574458649994
26325,Viennoise,0.1775889504634855
26325,Gaiety Musical,0.13832010530982275
26325,Top Of The Class,0.050342754496227535
26325,Delicacy,0.22660043892816284
26326,Wonder Legend,0.32172485870910683
26326,Plage De Havre,0.13940443836721017
26326,Circuit Breaker,0.26167024431715386
26326,Fleurman,0.054701467185657736
26326,Road To Wembley,0.2224989914208714
26327,General Assembly,0.17886152818761308
26327,Maharajas Express,0.13953825597875485
26327,Aces Wild,0.14025667829873723
26327,Rosenpur,0.09182884895297039
26327,Coolagh Magic,0.05163414023515714
26327,Phoenix Beach,0.04489033297105595
26327,Recon Mission,0.0847969805301718
26327,Buraback,0.18515995452552564
26327,Basholo,0.061661053897264145
26327,Anglesey Lad,0.021372226422749684
26328,Good Banter,0.17204894054542236
26328,Sex On Fire,0.19323228557652314
26328,Toy Soldier,0.18125064308039843
26328,Well Enough,0.028962869358564586
26328,High On Hope,0.15092012926969425
26328,Saxonia,0.2735851321693972
26329,Emaculate Soldier,0.1039084193479762
26329,Percy Willis,0.07974026803100767
26329,Green Team,0.13926293787784316
26329,Palazzo Persico,0.08589796979463392
26329,Sant Alessio,0.12088896213460387
26329,Init Together,0.15836230468241683
26329,Come On John,0.3119391381315183
26330,Humam,0.11145558984176107
26330,Proudly Yours,0.03667323617741261
26330,Line Of Force,0.11665999948450788
26330,Leadenhall Street,0.17881715077946106
26330,The Actor,0.034682884397410116
26330,The Flying Seagull,0.10146302916962224
26330,Fan Mail,0.12164566708290273
26330,Ziggy's Ariel,0.04504818850193944
26330,Coul Angel,0.032730045750593025
26330,Midnight City,0.11369825608050338
26330,Blue Lakota,0.10712595273388648
26331,Dicko The Legend,0.15849182481091129
26331,Wallop,0.08279814036629003
26331,One More Dream,0.3559685760771634
26331,Temple Bruer,0.017761352570731772
26331,Jesse Luc,0.026781826481145753
26331,Papa Cocktail,0.06962722321627286
26331,Jimmy Knocker,0.011387421012284502
26331,Classy Clarets,0.05797528132680813
26331,Oriental Prince,0.21920835413839218
26332,Bay Of Dreams,0.24557367563730578
26332,Take The Boat,0.05268648960007275
26332,Herkeios,0.09549852452012493
26332,All Cost,0.05576827492332194
26332,Havana Club,0.19754822170850234
26332,Ballarat Bertie,0.21567916766364012
26332,Eva's Eyes,0.13724564594703212
26441,Woodhay Wonder,0.15868637324431073
26441,Elmonjed,0.19716605344078153
26441,Indian Run,0.02439186750275528
26441,Vantheman,0.08463119248285182
26441,Aramram,0.04117426006140965
26441,First Folio,0.034834768212419306
26441,Dark Thirty,0.04739776932501738
26441,Trefor,0.04525158208674492
26441,Probe,0.04245264720998816
26441,More Thunder,0.14112677922164424
26441,Physique,0.11404103268942249
26441,Ararat,0.03185387027117004
26441,Twilight Romance,0.03699180425148439
26442,Treasure Fleet,0.40485695076372197
26442,Brindavan,0.22892365991023403
26442,The Trickster,0.08613809310592743
26442,Lady Chartwell,0.07043012663830016
26442,Hallelujah U,0.20965116958181643
26443,Ciotog,0.2417895943656516
26443,Dream Pirate,0.316478872882149
26443,Love Your Work,0.057039814320206536
26443,Francesi,0.16623496176329444
26443,Newfangled,0.07141257223972047
26443,Port Erin,0.061601847625463745
26443,Mr Fustic,0.010550494873872359
26443,Happy Chandler,0.007720446574671448
26443,Angelica K,0.013096495597818628
26443,Autumn Festival,0.05407489975715188
26444,Drumstick,0.13800002623805668
26444,Norflondonforever,0.10702851070479615
26444,Racing Demon,0.06520553771541612
26444,Calanthe,0.030521805908225334
26444,Pride Of Nepal,0.03962026234862815
26444,Ectocross,0.11562224733431273
26444,Luna Dipinta,0.13655504182375017
26444,The Spotlight Kid,0.2126426774181776
26444,Bluebottle Blue,0.08679772952754884
26444,Taskheer,0.06800616098108817
26445,Warrnambool,0.03118201701446445
26445,Blewburton,0.17349532691095687
26445,Jersey Maverick,0.07974374461224482
26445,Invincible Melody,0.2668118379475559
26445,Orchard,0.0684773807011399
26445,Blue Seeker,0.10359996427724512
26445,Knights Gold,0.14235561719258386
26445,Optimatum,0.06862221506393806
26445,Prince Of Joy,0.0423668726422541
26445,Split Silk,0.023345023637616882
26446,Mighty Ruler,0.03457210073666382
26446,My Mate Kev,0.18291951618153973
26446,Fleetwater,0.049317321721119085
26446,Brightwalton,0.13319380849175225
26446,Spirited Dancer,0.14042564005709135
26446,Spiritualism,0.06336502524183697
26446,Foro Romano,0.13971263577325968
26446,Equalised,0.027739093533009653
26446,Dream Out Loud,0.22875485826372738
26447,Bishop's Crown,0.12270797190429684
26447,Blue Day,0.07200897158100975
26447,Intervention,0.030099566481530268
26447,Eminency,0.19192324698296878
26447,Treacherous,0.06719629860718207
26447,Danger Alert,0.05062670779362601
26447,Thursday's Child,0.032461640416799366
26447,Al Ameen,0.13581440649973345
26447,Twilight Madness,0.007354322889507926
26447,Capote's Dream,0.04585568204137494
26447,Liosa,0.19712226946550826
26447,Tiger Tulip,0.04682891533646251
26448,Odin Legacy,0.12600568043609212
26448,Damascus Steel,0.08557667887768228
26448,Caprelo,0.04896806684160251
26448,Bas Bleu,0.19016318251449088
26448,Syllabus,0.07983956312735378
26448,Federated,0.044245941253683994
26448,Brodie's Boy,0.013572373165525998
26448,One Cool Dreamer,0.06607469452554385
26448,Detroit Lion,0.19820974009032596
26448,Ocean Heights,0.0380424225839827
26448,Pursuit Of Truth,0.08210392501908832
26448,Gold Souk,0.027197731564627594
27995,Sonmarg,0.2419465640055092
27995,Capuchinero,0.06951576899646036
27995,Star Pupil,0.5161778227019758
27995,Gone Rogue,0.12477495308870082
27995,Go Wild,0.04758489120735393
27996,Momaer,0.28206337882018834
27996,Blazes Boylan,0.07733794404140776
27996,Angle Land,0.14610251195845625
27996,Rainyniteingeorgia,0.03255028628330777
27996,Bill Plumb,0.06749392792548278
27996,Antiphon,0.03796253476028897
27996,Gogo Yubari,0.11591008626833073
27996,Merrimack,0.2405793299425373
27997,Warren Hill,0.12007437524698207
27997,Cephalus,0.047652845239041945
27997,Gordon Grey,0.12839276368429506
27997,Etretat,0.31139114228550036
27997,Sonnerie Power,0.03703524820490255
27997,Switchel,0.23550349896337056
27997,Tiptoe,0.11995012637590749
27998,Roscioli,0.11473178676848188
27998,Union Island,0.37609866941874515
27998,Claxton Bay,0.13691268806226356
27998,The Spotlight Kid,0.1235325436504553
27998,Got No Dollars,0.2141272031937675
27998,Tancredi,0.03459710890628659
28088,Four Adaay,0.05995600847616177
28088,Harb,0.0797536539916043
28088,Mick's Spirit,0.11182998183569136
28088,Harry Brown,0.11500666753123714
28088,The Defiant,0.07316086542131213
28088,Coolagh Magic,0.07300356244798072
28088,Beaumadier,0.2474374519935465
28088,Pop Dancer,0.08505551660140481
28088,Lion Ring,0.15479629170106116
28089,Al Waqidi,0.05365470440675928
28089,Diamondonthehill,0.05294270635955608
28089,Bravo Zulu,0.1112082798909698
28089,Invincible Aura,0.09899553425416815
28089,Robbo,0.09915976838342404
28089,Party Island,0.12412528120656645
28089,Rey De La Batalla,0.16814682340095366
28089,Thapa Vc,0.03838203756328367
28089,Cavalry Call,0.2533848645343189
28090,Over Spiced,0.008078403388418028
28090,Monomyth,0.12131960680094245
28090,Frankies Dream,0.15993926517645296
28090,Early Release,0.07727703722241831
28090,Toolatetonegotiate,0.1132920893261155
28090,Virtue Temperance,0.06026655346419098
28090,Flicka's Girl,0.029183742054544083
28090,Commendation,0.23412029676639887
28090,Apple's Angel,0.19652300580051887
28091,Rapid Mission,0.0038943734378496853
28091,Arcadian Nights,0.15038952590065396
28091,Hitched,0.07116851508967743
28091,Epsom Faithfull,0.12291332007156094
28091,Not Me,0.2120677244676183
28091,Raintown,0.13192663120274917
28091,Warren Hill,0.1022431940189362
28091,Running The Game,0.07192894402149881
28091,Waterloo Sunset,0.13346777178945562
28092,Forest Haze,0.056448605711041204
28092,Baikal,0.10116974526276509
28092,Villalobos,0.013841577006653302
28092,Formal Address,0.03574356652398179
28092,Honrado,0.10912780298014699
28092,Nasim,0.03057402372589353
28092,Star Of Sussex,0.007992315648180934
28092,KimcHi,0.0720948390164723
28092,Venus Slipper,0.573007524124865
28093,Card Shark,0.03680188811583411
28093,Hellavapace,0.04610639187552205
28093,Dubai Harbour,0.29642745375427293
28093,Rolypolymoly,0.009144563599454156
28093,Sir Laurence Graff,0.2411753847372546
28093,Danehill Star,0.14927643280265812
28093,Mr Trick,0.17104313971065527
28093,Laurentia,0.009222251390636598
28093,Dizziwizzbang,0.04080249401371216
28188,Tai Tam Bay,0.076929811381816
28188,Clonmacash,0.09394919514208847
28188,Back Down Under,0.07806315492534348
28188,Dynamic Force,0.04795038629501549
28188,Clever And Cute,0.013052098487462936
28188,Catherine Chroi,0.010209323856284163
28188,Rathbranchurch,0.0421125209748022
28188,Dark Viper,0.13939155156314492
28188,New Theory,0.19310971853548287
28188,Loingseoir,0.05964934374798318
28188,Mount Ruapehu,0.1625237688753441
28188,Only Spoofing,0.027003554276310803
28188,I'll Be Handy,0.056055571938921536
28189,Big Gossey,0.1478808067349667
28189,Go Athletico,0.05308327469636341
28189,I Am Superman,0.16525046350733993
28189,Betsen,0.061975168830686496
28189,Stag Night,0.04964958218499435
28189,Apache Outlaw,0.06162339118476636
28189,Merisi Diamond,0.13699912468923203
28189,Love Billy Boy,0.055093564097160784
28189,Staysound Susie,0.08432415275890266
28189,Laugh A Minute,0.05159708317592101
28189,Rappell,0.06317818571897998
28189,Emerald Harmony,0.06934520242068645
28190,Kortez Bay,0.07058289951374853
28190,Take Heart,0.038145252265408
28190,Flying Finn,0.07080785418144427
28190,Raadobarg,0.10133553729015295
28190,Titanium,0.01454457604473872
28190,Smooth Tom,0.035857664118147385
28190,Monasterboice,0.019089203607344396
28190,Soaring Monarch,0.005085610339752164
28190,Weston,0.003902566643128496
28190,Fleetfoot,0.0075468278865493035
28190,Gleneagle Bay,0.035208091484599
28190,Thunder Roar,0.02611952549610641
28190,Indigo Five,0.053300028367434894
28190,Orandi,0.1030562542996213
28190,Catch The Paddy,0.020755681158047205
28190,Independent Expert,0.026415048303236637
28190,Bill Silvers,0.05540477172422325
28190,Cheers Again,0.04346591379853781
28190,Earls,0.021328844094409445
28190,Ephesus,0.025950601280435096
28190,Fratas,0.012267870848739228
28190,No More Porter,0.025635712594329316
28190,San Aer,0.01067498520235071
28190,Fort Vega,0.05295595211003627
28190,Rhythm King,0.04236509358130013
28190,Casanova,0.01557125390095186
28190,Proleek Prince,0.06262637986522722
28191,Rampage,0.034603101356348955
28191,Pandion Power,0.08166003925317418
28191,Escape Act,0.02599756969685412
28191,Breathe Again,0.08999635588793568
28191,Little Keilee,0.03200763501844777
28191,Neo Smart,0.008966532806014367
28191,Goldrush Kid,0.053219084824462616
28191,Ice Opera,0.13040203336018072
28191,Narlita,0.008563457730149354
28191,Cousin Shay,0.12401956607234856
28191,Thompson Gunner,0.00801543174983576
28191,Gotta Catch'em All,0.0061864309097367
28191,Martinelli,0.06376198460331303
28191,Roman Harry,0.017860485200114774
28191,La La Lucrative,0.06687558679404206
28191,Newfire,0.16757274489996454
28191,Decorated Elle,0.005892198978629128
28191,Arthur Rose,0.07439976085844768
28296,King Of Bears,0.15749873781555768
28296,Invictus Gold,0.19747129300708707
28296,Loom,0.040724649756660965
28296,Majestic Wave,0.06337323159030743
28296,Bob Mali,0.03356304872023266
28296,Al Misbar,0.180071607899587
28296,Belgrave,0.10450430324684153
28296,Double Rush,0.07065226552113914
28296,Gallant,0.09913408805768058
28296,Cayman Tai,0.053006774384905954
28297,Grace Angel,0.130481244699869
28297,Good Earth,0.15301435619356485
28297,Trilby,0.07503481188788907
28297,Elegant Erin,0.17037310054000898
28297,Moon Flight,0.18266082248899604
28297,Dickieburd,0.23123273166307895
28297,Equity Law,0.05720293252659315
28298,Hiya Maite,0.3125143431805366
28298,Duran,0.04471448171510588
28298,Smart Vision,0.16478740249418003
28298,Angel Shared,0.059054102702032714
28298,Spirit Of Applause,0.08401247811414912
28298,True Promise,0.11194252431319615
28298,Northern Spirit,0.06747132341881827
28298,Albegone,0.07494682870036559
28298,Havana Rum,0.08055651536161557
28299,Edge Ofthe Unknown,0.25714191458928826
28299,Sir Peter Fossick,0.2074646421593947
28299,Lightening Mann,0.13925784777216962
28299,Kokanee,0.21078722943287004
28299,Trojan Soldier,0.12985531241724071
28299,Shielas Well,0.05549305362903677
28300,Elegant Madame,0.11907997729176477
28300,Declaree,0.20109545826141662
28300,Pink Oxalis,0.17680024891450752
28300,Storm Averted,0.029590448052964086
28300,Super Exceed,0.04564889201517589
28300,Victoria Kesia,0.049798452143517656
28300,Star Mind,0.15734725187443632
28300,Miss Abby Jools,0.22063927144621706
28301,Prince Achille,0.12237174533886169
28301,Nibras Gold,0.33382149453973703
28301,Whatacracker,0.08131975365802438
28301,Dr Rio,0.09976539355544169
28301,Freddy Robinson,0.06738321666593534
28301,Marioento,0.25224138435202315
28301,Sisterandbrother,0.04309701188997671
28302,Morning Approach,0.05513889214832754
28302,Breathe Again,0.03923782164654607
28302,Hasten Slowly,0.015195090341476805
28302,Rampage,0.022429706205042928
28302,Summer Snow,0.04157437151256193
28302,Timeonourside,0.11838547507924789
28302,Uncle Albert,0.03167481574650589
28302,Numidia,0.039381075749291714
28302,Out On Friday,0.04085271167281127
28302,Bringsty,0.08652175059959612
28302,Skontonovski,0.0860944870758953
28302,The Bog Bank,0.020798977942928364
28302,Unterberg,0.10577437625967237
28302,Gallo Dell Cielo,0.14293337983500617
28302,Newfire,0.10823479767544122
28302,Pauline's Dream,0.025371350982740952
28302,Captain Ciano,0.02040091952690729
28303,Berkshire Smudge,0.12110668043849993
28303,Suzette,0.02697706260585997
28303,Moby Quick,0.13870010423986345
28303,Law Degree,0.06665247286596765
28303,Blueandtangerine,0.07632636056358348
28303,Beltadaay,0.1011291793900336
28303,Impartiality,0.032135702219085426
28303,Top Bins,0.048028069710346316
28303,Harswell Ruby,0.06919950173857804
28303,Seed Investor,0.21045798496401746
28303,Vesperado,0.06582598937559496
28303,Sovereign Class,0.04346089188856979
28304,Jumby,0.06579784115936335
28304,Ten Pounds,0.21896182627790325
28304,Fifty Nifty,0.30900211702958047
28304,Miss Information,0.1596256581759888
28304,Darkness,0.051682734738853715
28304,Stanage,0.05466526932800535
28304,Fahrenheit Seven,0.14026455329030493
28305,Nostra Casa,0.2452952994242007
28305,Not Just Any Eagle,0.16393584274883774
28305,Los Toldos,0.02056907081544346
28305,Palamon,0.014399835052313037
28305,Grappa Nonino,0.08464938133359697
28305,Gangster Granny,0.11281384119302598
28305,Sioux Eagle,0.011669929163216748
28305,Walking On Glass,0.1207644918203848
28305,Autocrat,0.03404657059215612
28305,Molly Hall,0.13999545576849445
28305,Glyde Ranger,0.05186028208833006
28306,Catton Lady,0.1399255742066955
28306,Casilli,0.08519139672566
28306,Mystical Maria,0.07309859426971155
28306,Crown's Lady,0.19446066930920206
28306,Electric Avenue,0.11212099945345957
28306,Dandy's Angel,0.01877974626159317
28306,Bay Dream Believer,0.05017798610553993
28306,Annalee Lass,0.08145948032549366
28306,Coloane,0.044095618411607286
28306,Beautiful Dawn,0.08324181012973093
28306,Two B Tanned,0.1174481248013062
29817,Popmaster,0.12184748070268095
29817,Symbol Of Light,0.02954874311795123
29817,Apiarist,0.19848170261750683
29817,Fantastic Fox,0.046503854586957306
29817,Kind Of Kiss,0.04597009632702446
29817,Nikovo,0.050799128040078856
29817,Mcmanaman,0.022903565920399424
29817,Storm Star,0.1669926626376842
29817,Dragon Icon,0.0972835782424635
29817,Liamarty Dreams,0.0198204110353027
29817,Angel Of Antrim,0.14211968280280043
29817,Feel The Need,0.057729093969150165
29818,Cloud Cover,0.185086938083185
29818,Moonspirit,0.07133955548072674
29818,Staincliff,0.1219212836554781
29818,Take A Pull,0.13471751048798167
29818,Glorious Angel,0.06028784187267283
29818,Red Maids,0.12832422585174866
29818,Ghaihaban,0.21767440803315685
29818,Liv My Life,0.036648797643983606
29818,Callianassa,0.04399943889106664
29819,Dubai Bling,0.1468796285949785
29819,Marchogion,0.18665075963304242
29819,Line Of Force,0.11672473583982766
29819,Cyclonite,0.22396067773811296
29819,Yes I'm Mali,0.11205638706144631
29819,Brosay,0.01388706097297993
29819,So Darn Hot,0.12159924343174511
29819,Motawahij,0.04673105770928284
29819,Winchurch,0.031510449018584276
29820,Misty Grey,0.0730129137683033
29820,Noble Truth,0.10110786804693857
29820,Marshman,0.01946066477250925
29820,Saint Lawrence,0.07369656054293988
29820,Gweedore,0.005405763880952373
29820,Malc,0.05153822961922636
29820,Coachello,0.08255842173656895
29820,The Caltonian,0.07435402418024374
29820,We Never Stop,0.1029002489738654
29820,Cajetan,0.09314479900932064
29820,King's Lynn,0.09912953716478332
29820,Heathcliff,0.15285419828860175
29820,Run Boy Run,0.05990297165119187
29820,Juan Les Pins,0.010933798364554655
29821,Claymore,0.040178581506501096
29821,Fantasy Believer,0.17760706551658392
29821,Dark Moon Rising,0.16151299792267607
29821,Northern Ruler,0.057522071108706434
29821,Old Harrovian,0.18344938831759974
29821,Dream Harder,0.029608971860931997
29821,Metallo,0.16958494672306387
29821,Mighty Nebula,0.0626390031354641
29821,Midnight Lion,0.1178969739084727
29822,Wise Eagle,0.006496237445804305
29822,Roaring Legend,0.123859568847289
29822,Cool Party,0.19628292822217513
29822,Arqoob,0.17591806709017468
29822,Cello,0.30480938201730795
29822,Zealandia,0.04619072830381159
29822,Dreams Adozen,0.14644308807343734
29823,Novak,0.160673960682354
29823,Strong Power,0.03844663612336282
29823,Hiatus,0.14836642953816798
29823,Brazilian Rose,0.2021451401745524
29823,Sibyl Charm,0.1281486796918935
29823,One More Dream,0.041804615114460875
29823,Nazca,0.100681200890255
29823,Rory,0.10586990926347523
29823,Profit Street,0.0738634285214781
29824,Heart Of Darkness,0.21036237408665853
29824,Genesis,0.11000650038622364
29824,Mehman,0.1631403049266025
29824,Dream Today,0.10196745229944959
29824,Mint Man,0.10568468332883979
29824,Crystal Luna,0.3088386849722259
29825,King Ottokar,0.044956817033315416
29825,Asgard's Captain,0.14009683717134808
29825,Desert Emperor,0.07886770489641577
29825,Wiltshire Wonder,0.10452169615878931
29825,Dunstan,0.04624855433217727
29825,Plage De Havre,0.09050411267605339
29825,Alpine Oasis,0.1316268506813986
29825,Path To Dubai,0.2289495804862396
29825,Gallant Lion,0.0557891050729448
29825,Swinging London,0.0784387414913178
29826,Warrior Lion,0.024250839226847183
29826,Scott Lang,0.16408522155680255
29826,Mephisto,0.02492456298228133
29826,Nusra,0.0812652724870126
29826,Chartwell's Lady,0.15693041101582672
29826,Gregorina,0.1045772809799535
29826,Elle Dorado Rock,0.16499284204341538
29826,Jet Times,0.007282267213843275
29826,Bright Start,0.007315080958329314
29826,Movie King,0.19304523258653303
29826,Portarlington,0.005750496079341984
29826,Wishes And Dreams,0.030469570398449643
29826,Quiet Desire,0.03511092247136325
29827,Miggy Magic,0.30860028526326905
29827,Toptime,0.21703482330323415
29827,Havechatma,0.1108482678919042
29827,Lady Nunthorpe,0.13397173963000508
29827,Popular Dream,0.018915772986261136
29827,Beaumadier,0.21062911092532627
29828,Sarmiento Power,0.1726604952593709
29828,I'm Spartacus,0.19316461117194428
29828,Nika Pika,0.04839247334095243
29828,Volatile Analyst,0.12064026736192439
29828,Little Keilee,0.06330775302311002
29828,Port Louis,0.032969809350499577
29828,Free Solo,0.09017738305346817
29828,Clonmacash,0.16041503813338184
29828,Nikki Swango,0.0671223886418528
29828,Circles,0.0511497806634956
29829,Mon Na Slieve,0.17024863338229504
29829,Almaty Star,0.14921068204313911
29829,Rhythm N Hooves,0.18570008359569298
29829,Existent,0.14873508393845167
29829,G'Day Mate,0.039027978812520236
29829,Dashing Harry,0.0848334081753358
29829,Juicy,0.22224413005256505
29830,Migdam,0.14104005701173752
29830,Shoot To Kill,0.2218579090979549
29830,Glen Princess,0.011007536393112121
29830,Mulgrave,0.06511093021513956
29830,Perfect Judgement,0.16725210126019205
29830,Anvika,0.08063567771136637
29830,Dynamic Force,0.13479134711872917
29830,Comfort Line,0.17830444119176844
29831,Blue Secret,0.22049022387034603
29831,Everyoneknowsadave,0.05133533119130648
29831,Mayor Of Maghera,0.05341442345576424
29831,Brightandbeautiful,0.08711648155939884
29831,Tiempo Alegre,0.2911378943320549
29831,McKenna,0.11639263369504665
29831,Squires Treaty,0.010009439138558732
29831,Watkins,0.09970274799678289
29831,Mrbluesky,0.039587388692786635
29831,Empowered Queen,0.03081343606795464
29832,Wrecking Ball Paul,0.1461685214824901
29832,Arthur Rose,0.1681264474138296
29832,Ravelli,0.03854422168368936
29832,Jawhary,0.20017969761584356
29832,Navy Beach,0.1682645588400965
29832,Dromore Glory,0.11602026979596236
29832,Muhalhel,0.02249943943774752
29832,Zentopia,0.004472459493440093
29832,Imperial Miss,0.06999195173070238
29832,Fine Print,0.0657324325061985
29833,Baileys Honeymoon,0.027452750800395217
29833,Wondrous Ways,0.03707624836307089
29833,Lima Sierra,0.041549365996887175
29833,Little Bittern,0.027449453049023867
29833,Grey Operations,0.16566133834877564
29833,Causin A Commotion,0.11057317121842647
29833,A Fine Claret,0.16954379394262042
29833,Prada On Parole,0.03420367731277131
29833,Top Biller,0.13210116110193165
29833,Miss Pocket Rocket,0.10282785773135274
29833,The Last Time,0.14777473981665776
29833,Lily's Symphony,0.0037864423180868413
29949,King's Code,0.1984030326995717
29949,Fast Society,0.11714014169917526
29949,Eagle Day,0.15381369233472142
29949,Helm Rock,0.15977476119082226
29949,Way Of Life,0.05984400139515213
29949,Charlie's Choice,0.1684496971398725
29949,Caramay,0.14257467354068465
29950,Caelan,0.009419920822743283
29950,Straight A,0.1023396411095846
29950,Cosmos Raj,0.04507637164099496
29950,Dawn Of Liberation,0.09669635455363526
29950,Ciotog,0.09725461807655232
29950,Overnight Oats,0.25156136646836247
29950,Tea Sea,0.1029596963101068
29950,Calanthe,0.06182590578811698
29950,Berkshire Phantom,0.1366970802921341
29950,Paradoxical,0.09616904493776922
29951,Layla Liz,0.24586043702375407
29951,Kinetic Force,0.0558587618567393
29951,Neytiri Te Tskaha,0.08390064985213166
29951,Winchurch,0.2969426323747363
29951,Blinky,0.1719831154739795
29951,Fallen Soldier,0.1454544034186593
29952,Marioento,0.22706815208877204
29952,Mostly Mozart,0.04022531090090868
29952,Enzos Angel,0.06082585442227969
29952,Cryptos Dream,0.11353184364206163
29952,Naughty Niall,0.1246809026679887
29952,Pessoa,0.15665229231293848
29952,Mykonos St John,0.02813838416525835
29952,City Escape,0.16297300504632892
29952,Break Point,0.0859042547534634
29953,Eldeyaar,0.043918886487446324
29953,Neptune Legend,0.27406492696842555
29953,Rogue Thunder,0.08067901135134864
29953,Nordic Glory,0.1466646301691843
29953,Heartrate,0.19740370469187096
29953,Jumira Bridge,0.08476296107107954
29953,Rockley Point,0.027413482006156873
29953,Sacred Melody,0.13931609155245211
29953,Moorgate,0.005776305702035587
29954,Back Tomorrow,0.025792606487742578
29954,Vitalline,0.24030022255158054
29954,Starsong,0.09720846402763475
29954,Due Date,0.1444735258492126
29954,Under Curfew,0.1418790386371262
29954,My Boy Jack,0.16435039204654966
29954,Glory Call,0.05757230874343238
29954,Warminster,0.022060710118150924
29954,Available Angel,0.10636273153857033
29955,Mumayaz,0.25762063765573523
29955,Muscika,0.10133508190202693
29955,Angel Of England,0.05126576819237001
29955,Bill Plumb,0.05309084284051209
29955,Rosenpur,0.19967833444815328
29955,Lihou,0.07772477745194364
29955,Tyke,0.1735843631907774
29955,One More Dream,0.0857001943184815
29956,Hierarchy,0.09221950269251902
29956,Whenthedealinsdone,0.07805069479965174
29956,Charlie Mason,0.1786499207301454
29956,Brian The Snail,0.0851471430395987
29956,First Company,0.17937128924058288
29956,Ten Club,0.11962038284517044
29956,Macanudo,0.1652260936001365
29956,Prince Of Bel Lir,0.1017149730521954
30024,Urban Sprawl,0.06937860181710143
30024,Kingdom Of Time,0.11252758434213735
30024,Urban Road,0.06947305872686856
30024,Enthused,0.13159892676836182
30024,Get Jiggy With It,0.14356370557574769
30024,Paradoxical,0.14466648637306587
30024,Ciotog,0.09480184164367095
30024,Laser Focus,0.12321623791215768
30024,Local Bay,0.056504304058099794
30024,Aljezur,0.05426925278278899
30025,Ash Wednesday,0.1419052926946626
30025,Ever Driven,0.11998518563190683
30025,Lequinto,0.15373063578595247
30025,Soar Above,0.0415169812456812
30025,Macanudo,0.14498466863860612
30025,South Dakota Sioux,0.06456827297345637
30025,Capuchinero,0.137415966219026
30025,Triggered,0.16865127565586646
30025,Letter Of The Law,0.02724172115484205
30026,Beauzon,0.13124935983141536
30026,Francisco,0.12937777034263662
30026,Alafdhal,0.08911746933647116
30026,Not Just Yet,0.05965114662160677
30026,Kensington Agent,0.21075368090125685
30026,Smasher,0.1937751177184669
30026,Asadjumeirah,0.11471094585628261
30026,Red Walls,0.07136450939186373
30027,Ta Craic Ann,0.02634013011168637
30027,Resilient Lady,0.058894518387171295
30027,Top Of Pleinmont,0.10109715059923638
30027,Currahee,0.16990281151215086
30027,Magic Topissima,0.06418051734688908
30027,Itsgottobefun,0.021674636529831245
30027,Infantry Officer,0.10363347071642058
30027,Captain Brett,0.15707958518574391
30027,Cuda Been A Rowlex,0.15756616325328862
30027,Bear Baby,0.13963101635758168
30134,Fearnot,0.0928278291841548
30134,Transparent,0.1436311156433736
30134,Byblos,0.05887823651591742
30134,Present Times,0.15768454478247507
30134,Watching Stars,0.14575106348478445
30134,Yabher,0.09397910898724461
30134,King Casper,0.08730215838745305
30134,Happy Banner,0.12926236691129223
30134,Pappa Louis,0.03896300768081208
30134,Canvas,0.05172056842249275
30135,Harper's Ferry,0.19502127278530018
30135,Bopedro,0.03161285164691308
30135,Brioni,0.08905327756285744
30135,Tribal Chief,0.1868435439084393
30135,Bullet Point,0.1316618903800168
30135,Zain Blue,0.025673841021852238
30135,Noisy Jazz,0.09116885522324474
30135,Hiromichi,0.06046846909382499
30135,Mythical Guest,0.02377670941139644
30135,Urban Sprawl,0.028842064770037524
30135,Waiting All Night,0.13587722419611725
30136,Cairdeas,0.3010562837198937
30136,Lord Roxby,0.038718547323620775
30136,American Style,0.1444249378770463
30136,Far Above The Law,0.09674131348165367
30136,Larchill Lass,0.07424702599130753
30136,Green Pursuit,0.17853289571186914
30136,Stirrup Cup,0.06609210034666597
30136,Invincible Annice,0.03716618233697874
30136,Spring Corn,0.06302071321096411
30137,Dakota Gold,0.04329836638634734
30137,Cairn Gorm,0.05792949126351467
30137,Aberama Gold,0.05844617727768136
30137,Valentine Catcher,0.04868248554379697
30137,La Rochette,0.016180185862038406
30137,Fortamour,0.10189590868973075
30137,Beyond Borders,0.09588024517283432
30137,Rock Opera,0.1372808966576699
30137,Tiriac,0.17574306388553132
30137,Mr Wagyu,0.05421851633969442
30137,The Good Biscuit,0.049946367430065385
30137,American Bay,0.12583771396479468
30137,Danzan,0.03466058152630024
30138,Toca Madera,0.13362457494969018
30138,Rosario,0.044924572768267265
30138,The X O,0.0864744454113557
30138,Brave Nation,0.11707923793690146
30138,Regal Envoy,0.20337386654045667
30138,Fantasy Master,0.08854040280891474
30138,Isle Of Lismore,0.047469528640890504
30138,Mesaafi,0.1061743210902601
30138,Spring Bloom,0.1723390498532634
30139,Loyal Touch,0.033967600937443033
30139,Yorkshire Lady,0.07379673167981031
30139,Lord Protector,0.08938281869818623
30139,Wintercrack,0.24192555281998124
30139,Financer,0.058032353327185655
30139,Have Secret,0.20919133641644683
30139,Ey Up Its The Boss,0.2238447032954139
30139,Hosanna Power,0.04660716523613975
30139,Cockalorum,0.023251737589393105
30140,White Chapel Road,0.18281164521922735
30140,Cavolo Nero,0.15347731567071435
30140,Power Fizz,0.18803885630792008
30140,Prosperitas,0.11676852343689455
30140,Toy Soldier,0.06952106263954656
30140,Lunar Orbit,0.03283194018297864
30140,Panama Black,0.08832798256258563
30140,Organ,0.12352430345014088
30140,Letsbeatsepsis,0.044698370529992
30141,The Outlaw,0.26743447339886506
30141,Flagon Dry,0.07499655805835141
30141,Last Shamardal,0.2379477885059041
30141,Criminal Shore,0.04393590764797176
30141,Bebside,0.08421400617588239
30141,Epicurian Lad,0.17829473290936376
30141,That Lucas Fella,0.05604459027739081
30141,Orchestral Wave,0.05713194302627075
30142,Line Of Force,0.11727155894986793
30142,Love Is The Law,0.1017944865863456
30142,Art Market,0.27932916982539946
30142,White Crown Star,0.1317343579296936
30142,Isabella Castile,0.07490195563474132
30142,Simply Blue,0.03321640895349402
30142,Camera Shy,0.16171050724224695
30142,Noble Guest,0.04479130447195647
30142,Valsharah,0.05525025040625469
30143,On The River,0.23013567879713637
30143,Dutch Decoy,0.026123972373481727
30143,Bowood,0.23070623491972111
30143,Yermanthere,0.045164934742419165
30143,Pisanello,0.04066430125345209
30143,Garden Oasis,0.046659490071430124
30143,Overnight Oats,0.14345287291590877
30143,Broken Spear,0.2370925149264506
31712,Red Flyer,0.022338713573897696
31712,Emaculate Soldier,0.10739741516796686
31712,Hedonista,0.19304779775437922
31712,Haaland,0.029143925723060553
31712,Met Office,0.1303241423886786
31712,Sharp Distinction,0.09460155448894347
31712,Sax Appeal,0.0694296682820389
31712,Alright Sunshine,0.0047173181831069964
31712,Moel Arthur,0.023586952895289413
31712,Sun Dancer Girl,0.1514199756523014
31712,Upepo,0.07651216036153206
31712,Thursday,0.0974803755288048
31713,Honour Your Dreams,0.13266210740820933
31713,Lord Rapscallion,0.13417044208350098
31713,Lady Wingalong,0.15719626908099044
31713,Flag Carrier,0.020438533400969783
31713,Charlie Mason,0.1308128545621004
31713,Shot Of Love,0.024182747288892963
31713,Book Of Life,0.10896952407335764
31713,Havana Touch,0.09095226525975426
31713,Zaltalla,0.029297548313619203
31713,Lahina Bay,0.029624114121447703
31713,Rabinal,0.14169359440715737
31714,Night On Earth,0.1476207280646385
31714,Second Name,0.2921327645929133
31714,Master Of My Fate,0.04966290772447924
31714,Nogo's Dream,0.23435315854455277
31714,Catch Cunningham,0.13444914689762996
31714,Harry Brown,0.08957155193047214
31714,The Defiant,0.05220974224531402
31715,The Thames Boatman,0.25392557901426505
31715,Diomed Spirit,0.16120878026235708
31715,Mc Loven,0.17078492240588192
31715,Many A Star,0.0815672936088931
31715,Giorgio M,0.050757824779289695
31715,Monsieur Beaulieu,0.15467624854383427
31715,Caffu Zafeen,0.06203634994905012
31715,Macanudo,0.06504300143642885
31716,Sterling Knight,0.05221324757376236
31716,Brasil Power,0.03862242164203046
31716,Helm Rock,0.1100093201901194
31716,Kalamunda,0.15620422169327097
31716,Eagle Day,0.09948532926528778
31716,Robbo,0.06031065186787101
31716,Invincible Aura,0.049633296627763675
31716,Rhythm N Rock,0.094530816505064
31716,Urban Sprawl,0.08589437277087121
31716,Dembe,0.11361789171656365
31716,Orbaan,0.03741201382586416
31716,So Quiet,0.10206641632153127
31717,Power Of Destiny,0.1045151646736988
31717,Charlotte's Web,0.1555334896597137
31717,Timetoshine,0.06809383624184238
31717,Cancelled,0.08519523610640439
31717,Elladonna,0.10229165819618882
31717,Imperial Express,0.07375353810119502
31717,Santorini Star,0.11383659844024117
31717,Dayzee,0.0037036320856207823
31717,Typical Woman,0.038202715339477146
31717,Charmaine,0.10505324251666064
31717,Therapist,0.11151710530494816
31717,Unassuming,0.0383037833340091
31718,Ash Wednesday,0.17988617869710455
31718,Bossy Parker,0.17339316275954797
31718,Viva Voce,0.11485304585681275
31718,Mashaan,0.27780881065623403
31718,Buttercross Flyer,0.03097493022349251
31718,Porfin,0.05677586635492841
31718,Hawajes,0.10798208781000078
31718,Dodgy Bob,0.05832591764187902
31719,Ravenglass,0.2411465009143086
31719,Heavenly Fire,0.06628581624265355
31719,South Dakota Sioux,0.06335158761614332
31719,Plumette,0.05229321318667787
31719,Star Of Atlantis,0.1775480364132669
31719,Anamika,0.08012352255317497
31719,Outreach,0.2142895772510879
31719,Peachey Carnehan,0.07778494291479778
31719,Lil Wade,0.027176802907889087
31720,Hitched,0.18885248686808145
31720,Radiant Beauty,0.11755436969292078
31720,Cosmos Raj,0.0707155014129221
31720,See Paris,0.08579098652896378
31720,Commander Of Life,0.057923409619180063
31720,Imperial Fighter,0.05484632021224437
31720,Charencey,0.1848077787022256
31720,Partisan Hero,0.05738816949688125
31720,Spectacular Style,0.12163093860927414
31720,Evocative Spark,0.013869015396867815
31720,Eden Storm,0.04662102346043868
31721,Payment Plan,0.058574397334616876
31721,Alex The Great,0.15795223284659382
31721,Black Smoke,0.13490301393051965
31721,Anisoptera,0.013096574866288402
31721,Sir Joseph Swan,0.11222767753646978
31721,Typewritten,0.031523149408930924
31721,Bond Spirit,0.10032102561872434
31721,Lumberjack,0.11979757280778093
31721,Freewheelin,0.007630345992357698
31721,Shaad,0.23536244205105172
31721,Rogue Raider,0.028611567606665854
31722,Buraback,0.2024542544071444
31722,Wakai Umi,0.11643023809416807
31722,Street Life,0.05635773582709243
31722,Nordic Glory,0.13835982930327084
31722,Hastily,0.08262910471159679
31722,Second Collection,0.10020018469804311
31722,Spanish Angel,0.09455606452127513
31722,Mrs Bagerran,0.10756363209191085
31722,May Remain,0.07681259182603639
31722,Admirable Lad,0.02463636451946187
31723,Cut To The Chase,0.2778794703216841
31723,Starsong,0.09883257144364499
31723,Rogue Thunder,0.0833711827601249
31723,Kapparis Kid,0.14145978179424756
31723,Q Twenty Boy,0.15696628545101374
31723,Global Effort,0.09369084976366797
31723,Ballyare,0.09826048656501517
31723,Balmy Breese,0.04953937190060159
31724,Autumn Angel,0.2850625257308644
31724,Back Tomorrow,0.061710558310232304
31724,Bankrupt,0.06753763968749127
31724,Red Walls,0.11505884439649813
31724,Fast Flo,0.30395998255937035
31724,Lochaber,0.04390154422987888
31724,Chiedozie,0.1227689050856647
31725,Sisterandbrother,0.02654889327779811
31725,Khangai,0.3089290027758085
31725,Disclosure,0.11099119186740358
31725,Jujubella,0.2242915999815707
31725,Sophosc,0.1129628254146423
31725,Harlington,0.2162764866827767
31790,Dance Recital,0.255989599526107
31790,Watkins,0.26451015105609715
31790,Little Bittern,0.13006212152728788
31790,Summer Rain,0.024586097504961966
31790,Ballsgrove Boy,0.03532979932300509
31790,Sun Keeper,0.18429614504252834
31790,Top Biller,0.055004945544118986
31790,Miss Campanella,0.05022114047589353
31791,Atherstone Beau,0.13770537166180344
31791,Rosezan,0.02436874913530756
31791,Inconspicuous,0.22237992660289357
31791,Kaleidoscope Eyes,0.1790947724689446
31791,Royal Accord,0.06819238717431818
31791,Blue Force One,0.12264737632044082
31791,Wondrous Ways,0.059325666881541325
31791,Causin A Commotion,0.12973711489528786
31791,Orlando Magic,0.05654863485946259
31792,Corsican Caper,0.047166735662894324
31792,Addosh,0.3128850208686601
31792,Hawa Jumeirah,0.07486536847029679
31792,Inlet,0.09915504511754708
31792,Balgowan,0.006072747173432021
31792,Black Smoke,0.13044529227472987
31792,Marvellous Lady,0.2742056658385198
31792,Villazon,0.0552041245939201
31793,Daaris,0.15282271301142264
31793,Grand Scheme,0.12117266193038367
31793,Ezmerellda,0.10954231559230909
31793,Sophosc,0.15052059982738344
31793,Mamdoh,0.1835330005882636
31793,Two Plus Two,0.09235048230093838
31793,Trackman,0.19005822674929912
31794,Line Of Force,0.10643597743881507
31794,Master Technician,0.361486350687096
31794,Sweet Fantastic,0.28368057066848723
31794,Camera Shy,0.14690327922205396
31794,City Of God,0.10149382198354778
31795,Soi Dao,0.12696238962261858
31795,Mr Fustic,0.007088355179323907
31795,Shot Of Love,0.1040013723762454
31795,Waistcoat,0.12683275688661025
31795,Mariner,0.1405560874917464
31795,Celebrating Ethel,0.09265254807654778
31795,Delta Legend,0.20807534115071644
31795,Charlatan,0.19383114921619113
31796,High Court Judge,0.3748173405525927
31796,Aikhal,0.02396879955448938
31796,Sense Of Worth,0.08387810198236229
31796,Pysanka,0.129421114682892
31796,Cerulean Summer,0.10216417114240098
31796,Night Bear,0.07271436161156143
31796,Douglas Dc,0.08175829743679461
31796,Starfighter,0.1312778130369067
31861,Apache Star,0.3749199460141951
31861,Kento,0.1767095064083257
31861,Under Curfew,0.25439385565512024
31861,Rebel Star,0.19397669192235908
31862,Till It Shines,0.05281185880922274
31862,Flying Star,0.04989699606353847
31862,Galileo Glass,0.06935960256501857
31862,Devasboy,0.07838425309638089
31862,Ravenglass,0.1820809682507253
31862,Voltaic,0.061203641435394696
31862,Candy Warhol,0.03265002492272663
31862,Bold Suitor,0.11987751972173276
31862,Coconut Bay,0.1471237028779576
31862,Ajrad,0.13968907064323732
31862,Lupset Flossy Pop,0.06692236161406492
31863,Nevernay,0.0697394943377752
31863,Dumfries,0.16629716039927286
31863,Pembrokeshire,0.15137409305957425
31863,Bitcoin Profit,0.019915426467243213
31863,Sam's Hope,0.10592683793344063
31863,Pessoa,0.17796520625685433
31863,Match Anthem,0.09613614055045124
31863,Heavenly Fire,0.04714602057458437
31863,Kapparis Kid,0.0050743771701878635
31863,Barney's Bay,0.10254396072643385
31863,Baroque Pearl,0.05788128252418232
31864,Mariner,0.12840529854277255
31864,Young Fire,0.05214367307808442
31864,King Of Speed,0.16358877148619758
31864,Distinction,0.07967135419687309
31864,Visibility,0.0341041175716161
31864,Claxton Bay,0.1212788840147714
31864,Tambourine Dream,0.07083673427808532
31864,Flatley,0.1541604258994847
31864,Charlatan,0.19581074093211498
31865,Bank On Kent,0.14356513157766884
31865,Royal Accord,0.07135399142534708
31865,Rumba Bay,0.1623688853961866
31865,Elland Road Girl,0.0066652613462251315
31865,Causin A Commotion,0.18209795906453027
31865,Woodhay Whisper,0.04421213416824088
31865,College Witch,0.22213363217178966
31865,Due Respect,0.065424298879315
31865,Trust Sergei,0.005451977581968699
31865,Freak Encounter,0.05950715297579987
31865,Hala Joza,0.03721957541292782
31866,Aikhal,0.029829901080427667
31866,Pysanka,0.13202372234081278
31866,Dibble Dabble,0.17408527862010242
31866,Cloudside Rock,0.14114024423142707
31866,Miss Applejack,0.07487475940206487
31866,Starfighter,0.1722264715044855
31866,Silk Bird,0.01782403813216147
31866,Forest Spirit,0.20955434489780536
31866,Harry The Haggler,0.04844123979071287
31999,Way Of Life,0.02659462631165039
31999,Charlie's Choice,0.022646326591407487
31999,Civil Law,0.04499274982056656
31999,High Court Judge,0.08305369761275466
31999,Patch's Bond,0.09263687914368281
31999,Shahbaz,0.06319812014795659
31999,Raintown,0.09995304206332407
31999,Party Island,0.07281401496474513
31999,Bearaway,0.06619301620485972
31999,Sun Dancer Girl,0.07140768749782195
31999,Obsidian Knight,0.09118575312087027
31999,Tortured Soul,0.07322927965716769
31999,Caramay,0.03636480442418443
31999,Destinado,0.08603798678275722
31999,Bulldog Spirit,0.034964102198331244
31999,Buxted Too,0.03472791345791978
32000,One More Dream,0.05189105566561453
32000,Charlie Mason,0.13882098097610207
32000,Dapperling,0.06547234955154363
32000,Dicko The Legend,0.10262963220147092
32000,Nogo's Dream,0.11089839453677126
32000,Blue Force,0.04655512153813107
32000,Maharajas Express,0.05403502235358518
32000,Honour Your Dreams,0.034565213072623426
32000,Secret Handsheikh,0.08281828876412106
32000,Merrimack,0.1575742576222086
32000,Angle Land,0.08550141664719212
32000,Aces Wild,0.06923826707063614
32001,So Darn Hot,0.06250278500720235
32001,Good Banter,0.054262614471471356
32001,Carbine Harvester,0.08694496816530439
32001,Berkshire Whisper,0.08575101125784182
32001,Dark Ace,0.02417062868855161
32001,Hello Zaman,0.06836239977865036
32001,Humam,0.13745534314361033
32001,Marchogion,0.09019446348928756
32001,Don Pacifico,0.05208206659399354
32001,Cyclonite,0.09533498888507053
32001,Megaphone,0.0221058064304855
32001,Master Technician,0.0784781397617953
32001,Leadenhall Street,0.10952369689206337
32001,Tuco Salamanca,0.032831087434672036
32002,Mr Baloo,0.10805886316873758
32002,Kind Of Kiss,0.025466672536544634
32002,Koy Koy,0.02730764226804887
32002,Arcadian Nights,0.13610337193717395
32002,Beraz,0.04316641081020088
32002,Silent Age,0.06311095189179387
32002,Son Of Man,0.02396753312356297
32002,Rogue Encore,0.08747325972235565
32002,Lordsbridge Blu,0.09553390967803552
32002,Cephalus,0.1309119507166819
32002,Paradoxical,0.10061410152912488
32002,Bajan Bandit,0.04733954027715472
32002,Hitched,0.04305415498116768
32002,Tribal Wisdom,0.06789163735941682
32003,Cloud Cover,0.14790738624552574
32003,Aramis Grey,0.05743260559858643
32003,Powdering,0.054931277173581566
32003,Gaiety Musical,0.05758969037254722
32003,Shallow,0.10560994506751469
32003,Viennoise,0.1297222793979235
32003,Quandary,0.1546035685448099
32003,Pasha,0.06134309290530457
32003,Brazilian Rose,0.0801157210527308
32003,Callianassa,0.020739639349948852
32003,Delicacy,0.011585440993340764
32003,Biplane,0.025154139423731115
32003,Too Much,0.0814923685790551
32003,Heavenly Heather,0.011772845295399875
32004,Blue Prince,0.10575912015145149
32004,Sterling Knight,0.05913978139293488
32004,Farasi Lane,0.021417550625201422
32004,Legal Reform,0.09661877547682725
32004,Dragon Icon,0.214078450276108
32004,Dembe,0.1027017908678984
32004,Sous La Neige,0.06733026320932337
32004,Bravo Zulu,0.07450000806447549
32004,Kalamunda,0.10551724772919738
32004,Longlai,0.028754800991058666
32004,Helm Rock,0.09483490936618592
32004,Dingle,0.02934730184933775
32005,Zu Run,0.050941035829038105
32005,Sir Maxi,0.1098043393546048
32005,Bint Havana Gold,0.15075843221923124
32005,Call Glory,0.028201644228349747
32005,Rhythmic Acclaim,0.17764432313086967
32005,Split Elevens,0.03409725319075161
32005,Harry Magnus,0.015322881607264962
32005,Capuchinero,0.028773542412500103
32005,Forever Proud,0.16654521036127623
32005,Thomas Equinas,0.0535892148860878
32005,Charlatan,0.09553867029796398
32005,Delta Legend,0.033508930356904006
32005,Spirit La Adelita,0.055274522125157835
32006,Valiant Force,0.08581625683621566
32006,Symbol Of Light,0.029936063428159777
32006,Roi De France,0.09875985109807846
32006,Kingdom Come,0.08277147322069679
32006,Popmaster,0.08207428327243266
32006,Destructive,0.0727223314479168
32006,Apiarist,0.08114050571494999
32006,Brewing,0.08904184124515041
32006,Storm Star,0.1514200481037472
32006,Fantastic Fox,0.035859491290701415
32006,Cracking Gold,0.07400123378023274
32006,Exquisite Acclaim,0.03217793678772243
32006,Final Voyage,0.05630229775750657
32006,Nikovo,0.027976386016489108
32007,Prince Of Pillo,0.06789310482292767
32007,Mums Tipple,0.13121955105279123
32007,Silky Wilkie,0.11010720052530522
32007,Cajetan,0.21750169014639695
32007,Cinque Verde,0.06936272117434081
32007,Crimson Sand,0.07480882113770784
32007,Pals Battalion,0.07572965367465603
32007,Westmorian,0.11214114246446137
32007,Moulin Booj,0.07849147895367736
32007,Diamondonthehill,0.06274463604773535
32008,Dark Dreamer,0.004816088529374422
32008,My Mate Mike,0.039036033341417226
32008,Enpassant,0.08392519137698466
32008,Amaysmont,0.1020339079347549
32008,Macanudo,0.02692444657629183
32008,Bellagio Man,0.025225044134355647
32008,Once Adaay,0.16375146922747522
32008,Antiphon,0.028935798339344992
32008,Kondratiev Wave,0.10720713309636921
32008,Twitch,0.12905064197721472
32008,Triggered,0.04606006227763161
32008,Windsor Pass,0.0576504245291847
32008,Lilkian,0.12731211910810947
32008,Lord Danielson,0.025980443025397315
32008,Venus Slipper,0.03209119652609388
32009,Marshman,0.03188652217679075
32009,Diligent Harry,0.05354622133626115
32009,Willem Twee,0.08423371957775504
32009,Fivethousandtoone,0.029633580453959866
32009,Apache Outlaw,0.031298803238953364
32009,Golden Mind,0.043706277129391825
32009,Saint Lawrence,0.1140188094779412
32009,We Never Stop,0.14042642642593622
32009,The Caltonian,0.09382703878861702
32009,Coachello,0.0476491119709887
32009,Daamberdiplomat,0.057657799004114
32009,Heathcliff,0.1077386019772285
32009,Run Boy Run,0.09710948057175364
32009,Badri,0.06726760787030846
32010,Dark Lyric,0.15067873214254643
32010,Get Jiggy With It,0.04091194050753407
32010,Alcazan,0.06475491135156766
32010,Liv My Life,0.12103266849821497
32010,Blufferonthebus,0.05246372725646533
32010,Eazy On The Eye,0.038966222779313525
32010,Handle With Care,0.08267239779764228
32010,Scattering Light,0.07214454773990582
32010,Baileys Jubilation,0.07410439218385713
32010,Lady Manzor,0.05400612811149321
32010,Party Bear,0.11186786519629424
32010,Mayo County,0.052235064069884575
32010,Dandy Magic,0.04591454265113642
32010,Naughty Eyes,0.03824685971414436
32011,Vino Victrix,0.08947867264765429
32011,Liam Swagger,0.07772062211873729
32011,Cello,0.050659873401678136
32011,Knockbrex,0.09444088297632346
32011,Java Raja,0.06184122835016589
32011,Steel Tiger,0.0642033838711069
32011,Sixpack,0.12531301498137037
32011,Don Simon,0.11592394793837542
32011,Cock And Bull,0.08651940455704737
32011,Rakki,0.050319712767551
32011,Sugarloaf Lenny,0.127691156851277
32011,Clansman,0.03314706841775159
32011,Simiyann,0.01976175466238888
32011,Alright Sunshine,0.0029792764585723796
32012,Savvy Victory,0.08773912385672192
32012,Hooking,0.0045585355519927335
32012,Paradias,0.05288497275248852
32012,Charlotte's Web,0.11408027951451527
32012,Old Harrovian,0.18959889288565618
32012,Glen Buck,0.05667996045600199
32012,Penzance,0.020382782953796818
32012,Claymore,0.021095942138031443
32012,Smart Hero,0.11686835386305834
32012,Salamanca,0.021943105744659987
32012,Power Of Destiny,0.11162729557308285
32012,Dark Moon Rising,0.12821453917603529
32012,Andaleep,0.05963567541530889
32012,Dream Harder,0.014690540118649748
32013,Tides Of War,0.03821993674193185
32013,Rogue Tornado,0.1230280185517132
32013,Optician,0.07852543984442864
32013,Dreams Adozen,0.04298536423910369
32013,Red Flyer,0.020273985489795997
32013,Pearl Jewel,0.12701886467031748
32013,Road To Wembley,0.07125849414668131
32013,Comte De Loir,0.18879903233941225
32013,Upepo,0.056291257424161065
32013,The Craftymaster,0.045695621184386956
32013,Gallant Lion,0.07828034322205664
32013,Poncho,0.07784058567171119
32013,Further Measure,0.005445226959753381
32013,Dance Time,0.046337829514546416
32014,Roaring Legend,0.08458949724788578
32014,Wonder Legend,0.09667908404733697
32014,Duke Of Oxford,0.07487357642660536
32014,Plage De Havre,0.12082570096194356
32014,Tritonic,0.060496374454145116
32014,Heathen,0.06520723772457654
32014,Tribal Star,0.03554260928789042
32014,Humble Spark,0.0666383575013455
32014,Midnight Lion,0.06760911494334665
32014,Circuit Breaker,0.1011866669537153
32014,King Chaos,0.08592337477064872
32014,Wonder,0.11661235104423931
32014,Weddell Sea,0.00787762286738484
32014,Chillhi,0.015938431768936022
32015,Kiniro,0.1361635746192286
32015,Coul Angel,0.12184081411469293
32015,Tattie Bogle,0.05724698354738274
32015,Backspin,0.2424103638078538
32015,Rock Hunter,0.08933364499465674
32015,The Flying Seagull,0.09271103538574804
32015,Ay Gee Ell,0.06374269862555193
32015,Soldiers Star,0.08087635418077593
32015,McIntosh,0.047428788631396886
32015,Vocal Legend,0.06824574209271246
32016,Gunlock,0.025199774372561358
32016,Midnight's Dream,0.05748289004009857
32016,Westernesse,0.06038118156664421
32016,Lessay,0.05883483652075707
32016,Lord Rapscallion,0.1219506802815571
32016,Savvy Exchange,0.021276460510335184
32016,Billy Mill,0.07758687299846892
32016,A Major Payne,0.07493668168332444
32016,Charming Whisper,0.08417538862169918
32016,Commander Of Life,0.09494422370633787
32016,Mr Swivell,0.02276390012566021
32016,Mister Mojito,0.06690392562172175
32016,Mr Mistoffelees,0.08524287902213329
32016,City Of York,0.04765982878887873
32016,Cill Mocheallog,0.027758692818849073
32016,Star Pupil,0.07290178332097302
32017,Caspian King,0.13763383683940394
32017,Notimeforchitchat,0.0952563947493537
32017,Cristo,0.07857144683032018
32017,Scarlet Sunset,0.0739823288689373
32017,Dalmally,0.10374999037973318
32017,Jiff's Army,0.10805864183754964
32017,Magna Gee Gee,0.02629991748607079
32017,Dapper Gee Gee,0.06951870352611747
32017,Golden Garden,0.029717917375506466
32017,Say What You See,0.05082276594565851
32017,Anthropologist,0.07781662551011764
32017,Navid,0.04515253569259019
32017,Is I Right,0.01679066301075122
32017,Glenridding,0.0866282319478898
33600,Roman Emperor,0.1038001545401793
33600,Zepparella,0.21623772044614112
33600,Mond,0.01632672412915658
33600,El Hibri,0.09250735037832361
33600,Smasher,0.0616779707660995
33600,The Cola Kid,0.09315061116042085
33600,Phoenix Star,0.1584293558408955
33600,Don't Fight It,0.1070583947843046
33600,Lupset Flossy Pop,0.15081171795447892
33601,Mighty Gurkha,0.10053758366264456
33601,Arlecchino's Gift,0.20863411630971548
33601,Man On A Mission,0.2942890323225747
33601,Shalaa Asker,0.042830827807246584
33601,Radiant Angel,0.15232070871992853
33601,Tilsworth Turf,0.08125755007523455
33601,Midnightattheoasis,0.12013018110265566
33602,Cristalino,0.14214159096085374
33602,Dr Ali,0.06314639106187284
33602,Cosmic Force,0.43827250804316603
33602,Mister Knockout,0.15532256305750808
33602,Penelope Valentine,0.12729158354309664
33602,Helaali,0.0738253633335026
33603,Mesaafi,0.212669049076322
33603,Shallow,0.12830638641155714
33603,Supreme King,0.07476700704126917
33603,Invincible Speed,0.10634773217975546
33603,Grenham Bay,0.24525900956889762
33603,Hiatus,0.0682420019092509
33603,G'Day Mate,0.033312302916662616
33603,G'Daay,0.131096510896285
33604,Local Hero,0.18544000637598734
33604,Sterling Knight,0.12480614830226874
33604,Silent Age,0.03438875046617151
33604,Cracking Gold,0.14948023275902927
33604,Silent Move,0.03720742258971939
33604,Brasil Power,0.18185729604514914
33604,Road To Wembley,0.12400244770218946
33604,Rhythm N Rock,0.017922857333757296
33604,Zoffandia,0.14489483842572778
33605,Antelope,0.16676232477965436
33605,Bouboule,0.24552379574569724
33605,Hi Ya Mal,0.20632470436924746
33605,Ray Gun,0.15099824134479564
33605,Bruce Banner,0.04680920912051507
33605,Sydney Whistler,0.05957298307176491
33605,Captain Brett,0.1240087415683253
33667,Rock Hunter,0.11858143551437002
33667,Captain Kinsella,0.12451225239497517
33667,Invincible Crown,0.15703826198656037
33667,Havana Gila,0.10774285373061827
33667,Blinky,0.06486530678278779
33667,Until Dawn,0.09762352240178228
33667,Thurso,0.1287347286859085
33667,Early Release,0.20090163850299758
33668,Caballo De Mar,0.32358422354353666
33668,Swinging London,0.09273201983296234
33668,Con Te Partiro,0.15565592879379134
33668,Sun Dancer Girl,0.06290048080370214
33668,Ribba Hill,0.16673050828959288
33668,Star Legend,0.19839683873641462
33669,Bearaway,0.20139995012463932
33669,Tortured Soul,0.2228413362569279
33669,Gozo,0.13060089073325928
33669,Without Compromise,0.07077897127942795
33669,Ocean Heights,0.015343826700643605
33669,Trapper John,0.1485845037670108
33669,Bulldog Spirit,0.1885651447925934
33669,Bunker Bay,0.021885376345497667
33670,Cracking Gold,0.14747917829326226
33670,Rhythm Master,0.0238109616283733
33670,Barnaby,0.20873534055571724
33670,Sovereign Sea,0.1586186173144876
33670,Bajan Bandit,0.1574942693066972
33670,Longhaired General,0.139487984028744
33670,Shimmering Spin,0.12540192878129766
33670,Silver Trumpet,0.038971720091420796
33671,Chief Mankato,0.18414121340573644
33671,Westmorian,0.32791144752036633
33671,Dashing Harry,0.10140991593863248
33671,Ultramarine,0.08728103103683243
33671,Hierarchy,0.21072818488312098
33671,Blackjack,0.08178590554004515
33671,Dark Dreamer,0.006742301675266165
33785,Castle Stuart,0.15650576898169993
33785,Thunder Wonder,0.08016070064783548
33785,Invited,0.22555289703811518
33785,Zowal,0.06934138755816478
33785,Wiltshire Lad,0.07764364525523382
33785,We Dare To Dream,0.15428596018268273
33785,Our Mighty Mo,0.16702684987460323
33785,Hot Dancer,0.0694827904616649
33786,Alzahir,0.09910944189774343
33786,Lord Bertie,0.1147421891435245
33786,Gweedore,0.08998930761290622
33786,Lexington Belle,0.08121968987604215
33786,Persuasion,0.1580146960547774
33786,Rockymountainway,0.08016173104614066
33786,Diligent Resdev,0.06225133398049687
33786,Dain Ma Nut In,0.23116728935516548
33786,Benacre,0.08334432103320331
33787,Genuine Jim,0.022798963651316825
33787,Hemight,0.04986633364256131
33787,Royal Pippen,0.20101805693480648
33787,May Night,0.0063830178244907955
33787,Notforalongtime,0.03757225656079377
33787,I'Ve Been Dreaming,0.07777568576928927
33787,Higher Kingdom,0.06251917679024568
33787,Feature This,0.12036673746924534
33787,Harry The Rogue,0.20663346866628207
33787,Manhattan Dandy,0.037769069542848754
33787,Han Solo,0.027164169247581794
33787,Sofia Tesoro,0.040641132760750764
33787,So Messi,0.06494809682109925
33787,Swiss Army Officer,0.013363045442263365
33787,Share The Treasure,0.0063870190575614424
33787,Chou Chou,0.02479376981886321
33788,Cover Up,0.08940057729526789
33788,Vintage Clarets,0.1316442437794404
33788,American Affair,0.22910340820608116
33788,Jm Jungle,0.06194626593131775
33788,Jer Batt,0.31527969653364646
33788,Mon Na Slieve,0.1186187546280894
33788,Vince L'Amour,0.0540070536261569
33789,Aimeric,0.22383834521903867
33789,Wise Eagle,0.009374992678517971
33789,Kihavah,0.05580357825782622
33789,Align The Stars,0.053981730660888134
33789,Wild Waves,0.050550651063118915
33789,Chillingham,0.1816279207131935
33789,Intinso,0.030361801420056747
33789,Laafy,0.08704050546717863
33789,Lieber Power,0.03701772128192894
33789,Emiyn,0.018996028667299675
33789,Loughville,0.049790530516763964
33789,La Pulga,0.04389140160779541
33789,Faylaq,0.11424072621786176
33789,Struth,0.043484066228531446
33790,Westminster Moon,0.06581603049130356
33790,Star Harbour,0.04229914397273264
33790,Mashhoor,0.054562013870941756
33790,Take Heart,0.05234580118658823
33790,Lope De Lilas,0.14703025561852318
33790,Walhaan,0.0411877635011514
33790,Presence,0.08125172525841888
33790,Apercu,0.060856992659427185
33790,Lady Lunette,0.03680166527825646
33790,Bruant,0.06356387620707829
33790,Slieve Binnian,0.07953670543608815
33790,Money Dancer,0.024611230051081186
33790,Rock Of Ireland,0.06426537839592751
33790,Sylkie,0.05860265944021826
33790,Joe Masseria,0.07556393002482603
33790,Razdan,0.05170482860743726
33791,Reach,0.18783234358350426
33791,Zapphire,0.426509535884407
33791,Samra Star,0.1313712974399589
33791,Alessia Fernanda,0.09894301999804592
33791,Epidavros,0.15534380309408388
33792,William F Browne,0.1983333099675822
33792,Happiest,0.052595155559838264
33792,Mocking,0.08245739511863726
33792,Junkyard Dog,0.12508497701777838
33792,Pallatine Hills,0.029561980513778077
33792,What's Your Game,0.05368057241028988
33792,Birdie Time,0.13526632262038404
33792,Booklight,0.12590660357491726
33792,Georg Zhukov,0.024524395844449206
33792,Glinka,0.09264246341832191
33792,Nakatomi,0.023577351079309944
33792,Enziya,0.0563694728747136
33793,Moonstone Boy,0.05340457055222295
33793,Balon D'Or,0.11479841964068185
33793,Zarzyni,0.15240255560580565
33793,Arecibo,0.017162602379249377
33793,Profitable Edge,0.10903042973452388
33793,Water Of Leith,0.06167774242366748
33793,Eternal Sunshine,0.10112482107240607
33793,Our Absent Friends,0.030729778084345776
33793,Knicks,0.046178482078369956
33793,Only Spoofing,0.22209173055820275
33793,Zaphea,0.03379050495654979
33793,Classy Al,0.05760836291397427
33794,Billy McGarry,0.15875972293949422
33794,Wyvern,0.04380398920073688
33794,Enzos Angel,0.04300437442594463
33794,Northbound,0.07752520291060955
33794,Dappled Light,0.20981676003782576
33794,King Of The Dance,0.061681210262244254
33794,Olympic Quest,0.09626097865577876
33794,Genta,0.14074638670659417
33794,Gatsby Cap,0.125494356805809
33794,Rebel Cove,0.004123904536941601
33794,Juan Cool Dude,0.008103101877680405
33794,Mykonos St John,0.03068001164034088
33795,Arthur Rose,0.07163055816193142
33795,Fascinating Shadow,0.21124722773507898
33795,Grizabella,0.12475619280734111
33795,Crypto Crash,0.07384387015616928
33795,Noble Andy,0.06782989977502178
33795,Plunkett Street,0.04969842464239739
33795,Gardone,0.09347570520447197
33795,Tatum,0.045571665567111445
33795,No Memory,0.08006940616666773
33795,Tyder,0.18187704978380892
33796,Gincident,0.3427010742793378
33796,Novak,0.1281858777739619
33796,How's The Guvnor,0.15716003403281276
33796,Double Time,0.013561250952821872
33796,Perennial,0.06685527519428136
33796,Enthused,0.26063302901179497
33796,Harbour Vision,0.03090345875498928
33797,I'Ll Give It A Go,0.30620857769583454
33797,Magic Runner,0.11076169163108585
33797,Zaraquelle,0.10563338604154093
33797,Silent Affair,0.05199860111846241
33797,Romantic Spirit,0.39977936119141044
33797,It's Life,0.02561838232166577
33798,Slowdownbarney,0.28983387338790123
33798,Emaculate Soldier,0.12439555562526353
33798,Laser Focus,0.2068825989844834
33798,Payment Plan,0.05403424685935879
33798,Grand Duchess Olga,0.06835156689662901
33798,Moon Over The Sea,0.1310292027484492
33798,Black Smoke,0.12547295549791487
33799,Saffredi,0.06616631591361137
33799,Aljezur,0.10830472914363445
33799,Kensington Agent,0.15018443855461724
33799,Nazca,0.012984759925926233
33799,Southbank,0.057956524214601964
33799,Radiant Angel,0.14152853508188556
33799,Agent Mayfair,0.13813087063120227
33799,Heartrate,0.1398864974963239
33799,Candy Warhol,0.03350364549938198
33799,Black Cab,0.01643114393165146
33799,Miss Moonshine,0.11166859820791664
33799,Stoneacre Girl,0.023253941399246945
33800,Royal Accord,0.21437950227791625
33800,Auntie Jo,0.23989606849836206
33800,Watkins,0.11886265872248333
33800,Wee Mary,0.12575459390028826
33800,Hidden Verse,0.08861184013061657
33800,Trust Sergei,0.018761428959901637
33800,Miss Campanella,0.19373390751043182
35318,Cinque Verde,0.14756742582296792
35318,Just A Spark,0.17015698167199328
35318,Pure Angel,0.1023666197773723
35318,Shallow,0.4023524052715896
35318,My Awele,0.17755656745607695
35319,Stella Hogan,0.21951901386694248
35319,River Wharfe,0.12984300930713796
35319,No News,0.09801702514767527
35319,Villalobos,0.017060147171878773
35319,Heerathetrack,0.16001084566958784
35319,Reverberation,0.01877909796280255
35319,Dourado,0.05485288228032797
35319,Dors Delight,0.30191797859364716
35320,Prince Of Bel Lir,0.5000709012415088
35320,Dream By Day,0.01088789730965087
35320,Scarlet Lady,0.1874754076894084
35320,Big Time Rascal,0.03351836245449753
35320,Brunel Charm,0.026782565864422517
35320,McCauley's Tavern,0.08560426027561117
35320,El Hibri,0.047465972186057276
35320,Savannah Smiles,0.0582752563344816
35320,Voodoo Ray,0.049919376644361795
35321,Court Drive,0.13588676605231553
35321,Mond,0.015184487847920085
35321,Mighty Gurkha,0.04271026850781567
35321,Man On A Mission,0.17837215629444367
35321,Smasher,0.04788911731777631
35321,Maith An Farhh,0.36353197401285414
35321,The Smiling Wolf,0.03432554998532681
35321,Alshimali,0.0975927072597381
35321,Revolucion,0.0845069727218096
35322,Berkshire Phantom,0.14877273075068764
35322,Fools Rush In,0.16071992497783288
35322,Port Erin,0.12841422035304853
35322,Zu Run,0.17694447847600808
35322,No Saint,0.17805956050391458
35322,Kalganov,0.02955215756461454
35322,H Key Lails,0.121226720698573
35322,Showhound,0.05631020667532069
35323,Distant Rumble,0.1337271620096191
35323,Sabrimento,0.19265189057565335
35323,Dr Ali,0.06452424584012685
35323,Berning Hot,0.029391365411480498
35323,Rage Of Thunder,0.06815861130286464
35323,Rogue Endeavour,0.06538286747983839
35323,Rotation,0.24350538025039825
35323,Bank On Kent,0.2026584771300188
35324,Max Of Stars,0.08820377048556267
35324,Starfighter,0.20229100901892202
35324,Avarice,0.0252231640574773
35324,Mhajim,0.052336220114530554
35324,Sparkling Belle,0.03137505554829441
35324,Esticky End,0.10415921346215794
35324,Hawa Jumeirah,0.1067121549617541
35324,Virtual Hug,0.0852739479580206
35324,Walk The Moon,0.12229006415403464
35324,Abstract,0.07618496503776656
35324,This Time Maybe,0.10595043520147929
35325,Jane Garfield,0.00693729008293151
35325,Foro Romano,0.08936844186803065
35325,Marvelously,0.06619960025608247
35325,Piranha Rama,0.11819735085074583
35325,Commendation,0.24719397383163597
35325,Cosmic Force,0.1863347923812983
35325,Miakoda,0.15639553183844812
35325,Apple's Angel,0.12937301889082725
35326,Mumayaz,0.0951002393311542
35326,That's For Sure,0.045650394445725766
35326,Gogo Yubari,0.2960647657517495
35326,Tyke,0.16034987016238744
35326,Em Jay Kay,0.06110443994627412
35326,Hallowed Time,0.11487002217549841
35326,Beauzon,0.14080988581887535
35326,Not Just Yet,0.046926884681074144
35326,Professor Tickle,0.039123497687261054
35327,Port Road,0.10631209187780848
35327,G'Daay,0.14485976893914795
35327,Arctician,0.07640068736238761
35327,Bell Shot,0.03343701510461785
35327,Dion Baker,0.0476282082665378
35327,King Of Ithaca,0.2725163528258532
35327,Groovy Baby,0.13916620920019976
35327,King David,0.14809631470690895
35327,Soar Above,0.03158335171653839
35328,Guiteau,0.03036887033339664
35328,Whiteley Way,0.05224403328240226
35328,Kitaro Kich,0.17170345657810823
35328,Al Baahy,0.06807881268746308
35328,Carey Street,0.10897205880162633
35328,Port Noir,0.1156850912024421
35328,Viva Voce,0.07382352314145904
35328,Pessoa,0.19273140626895519
35328,Marinakis,0.18639274770414715
35329,Paulie Two Lockers,0.04688053906856495
35329,Missile Mac,0.14436750717094454
35329,Rumba Bay,0.07156019464455482
35329,Go Steelers Go,0.03340371923043702
35329,Aneedah Hero,0.3122830673283153
35329,Manton Road,0.30283526607976
35329,Invincible Love,0.08388803226802038
35329,Brown Gold,0.0047816742094030345
35330,Jester Queen,0.033311331672484394
35330,Camden Flyer,0.14518387492101054
35330,Kaleidoscope Eyes,0.24732741939153768
35330,Leading Star Girl,0.11064356057368864
35330,Swizzle,0.11186721219974569
35330,Maid Of Killybegs,0.09511408505120235
35330,Born Too Run,0.1175423349836244
35330,Diligent Madam,0.1390101812067063
35331,So Obsessed,0.05506154648489121
35331,Alafdhal,0.05586828641187233
35331,Desert Master,0.10694170028640479
35331,State Of Madness,0.1232829505017136
35331,Sir Benedict,0.11584603440402497
35331,Hastily,0.19800880671834445
35331,Second Collection,0.1687440415621792
35331,Next Second,0.17624663363056933
35414,Cusack,0.3129560747905213
35414,Rock Armour,0.057501914600308845
35414,Bird Of Play,0.15605791460510993
35414,Susiesparkle,0.12845526947144728
35414,Hot Team,0.10112622847266978
35414,Rampant,0.24390259805994305
35415,Doddie's Impact,0.12666288997720204
35415,Lady Nunthorpe,0.09177312319728544
35415,Inanna,0.08675215648035091
35415,Beneficiary,0.1420529284808849
35415,Sugar Baby,0.12372887309109361
35415,Show Me Show Me,0.09347378451573908
35415,Desert Master,0.19543102328078055
35415,Sixcor,0.14012522097666347
35416,The Caltonian,0.14702500625515078
35416,Spartan Arrow,0.16087858480416758
35416,Badri,0.09447242026876301
35416,Master Of My Fate,0.03759772381694217
35416,Mondammej,0.093160855033212
35416,Elegant Erin,0.06044818925710408
35416,Paddy's Day,0.05783857403574373
35416,Mon Na Slieve,0.16583247577532995
35416,Dark Kestrel,0.11658166415773015
35416,Water Of Leith,0.06616450659585646
35417,Likeashadow,0.03239230594735978
35417,Concert Boy,0.0198907059983045
35417,Odd Socks Havana,0.11133187032787877
35417,Pilgrim Of Culture,0.0794410490276722
35417,Balqaa,0.07521701609235544
35417,Wheres The Crumpet,0.16893981108276207
35417,Just Typical,0.06894537443231816
35417,On The Bubble,0.1159960402300974
35417,Urban Dandy,0.0938555290127172
35417,Martin's Brig,0.1871480314913728
35417,Pop Favorite,0.046842266357161905
35418,Tasever,0.24164456571730744
35418,Mereside Madness,0.2916181793793598
35418,Streak Lightning,0.16859127769352603
35418,Havana Prince,0.06357784308676863
35418,Bobby Joe Leg,0.1268516238374852
35418,Bowman,0.10771651028555287
35419,Tomorrow Day,0.30389496027786583
35419,Bellagio Man,0.10527419039893543
35419,Kats Bob,0.14307743780985946
35419,Just Ten High,0.2300361439455156
35419,Captain Vallo,0.04616102829804581
35419,Mayo County,0.035776276710522546
35419,Hurstwood,0.06017112476928536
35419,Doon The Glen,0.07560883778997
35420,Rebecca's Girl,0.20651699217332994
35420,Profit Street,0.06009835321988388
35420,Piloto Pardo,0.05005303970829185
35420,King's Crown,0.10742443204434256
35420,Asadjumeirah,0.10589274865035518
35420,Conquest Of Power,0.3873026752911527
35420,Fircombe Hall,0.08271175891264387
35474,Reginald Charles,0.18538368185116963
35474,Keep Me Stable,0.2565406185667226
35474,Spartan Fighter,0.11142994164883256
35474,Yorkstone,0.17734602369400287
35474,Art Fantastique,0.2692997342392722
35475,Asgard's Captain,0.2285427066263173
35475,Cougar,0.0844441255085732
35475,Beraz,0.0604912605873702
35475,Lord Protector,0.06838102669878714
35475,Harappan,0.0292136708275594
35475,Charlie's Choice,0.16116444804447713
35475,Saturn Five,0.033308483512168446
35475,Midnight Lion,0.17878669314476592
35475,Value Added,0.0052271554522530395
35475,Simple Star,0.08713448365056639
35475,Elemental Eye,0.06330594594716187
35476,Frankies Dream,0.2773133568900054
35476,Platinum Crystal,0.2930633486291523
35476,Diamont Katie,0.10445934331016538
35476,Tolerance,0.08077910573521227
35476,Tarlac,0.021467736983478578
35476,Laurens Dream,0.1650518680975009
35476,Kitten In The Sky,0.05786524035448509
35477,Miss Attitude,0.22013361059597264
35477,Prince Of Pillo,0.11329793240212918
35477,Bergerac,0.25136660165675745
35477,Paddy's Day,0.06744455605231642
35477,Ventura Express,0.06047612753282699
35477,Mondammej,0.09719643504426882
35477,Fahrenheit Seven,0.19008473671572845
35478,Manton Road,0.12452577925553898
35478,Mayor Of Maghera,0.04458275810170562
35478,Antiquity,0.08151619031283167
35478,Hock Eye The Noo,0.14665135392487283
35478,Orchestral Wave,0.04530288903951328
35478,Salaria,0.08450721349964493
35478,Stay Around,0.2004246755759148
35478,Harry Palmer,0.2724891402899779
35635,Harlington,0.14925966566272497
35635,Khangai,0.246981555575631
35635,Fiddlers Green,0.04134431972756356
35635,Guinness Lad,0.05177378949560805
35635,It's Tim,0.20653783620530655
35635,Angel On High,0.056580714300862485
35635,Miss Dubai,0.14716178654728157
35635,Formal Address,0.04880279519769113
35635,Ladypacksapunch,0.05155753728733075
35636,Cavalry Call,0.13365710520898882
35636,Polling Day,0.039091808733303986
35636,Golden Circet,0.25388935891873937
35636,Thapa Vc,0.08414203926904197
35636,Ice Opera,0.09410365777083876
35636,Chicago Storm,0.2369450711406939
35636,Soi Dao,0.15817095895839314
35637,Morlaix,0.08071738693521958
35637,Eva Rosie,0.18124005934626924
35637,L'immortale,0.18836298245106808
35637,Irv,0.007650577642086599
35637,Absolutely Not,0.16058583563296028
35637,Sun Festival,0.10164205749263218
35637,Aye Spyed,0.09294906823303435
35637,Sunset In Paris,0.02960930235467827
35637,Rampant,0.05596112354187031
35637,Anticipating,0.007036191044374363
35637,Anificas Beauty,0.0942454153258066
35638,Kinetic Force,0.011806512681651482
35638,Think Of A Name,0.22220291189664637
35638,Sunshine Soul,0.13270114819727896
35638,Alashos,0.1782147039298591
35638,Solar Edge,0.14534039659200923
35638,Monomyth,0.04210675349692803
35638,Beautiful Things,0.03559236855961629
35638,Lady Dorchester,0.033286951597385976
35638,Toolatetonegotiate,0.14262286661431872
35638,Over Spiced,0.05612538643430575
35639,Lednikov,0.0817059929677021
35639,The Pug,0.0947210261586254
35639,Trusty Scout,0.02497148266170934
35639,Lhebayeb,0.01585396726081032
35639,Ring Fenced,0.012663840184443134
35639,Nasim,0.020728181628377952
35639,The Ormer Gatherer,0.34301309132265645
35639,Bay Of Naples,0.09899012390583856
35639,Aeroplane Mode,0.2807639385113735
35639,Exceptionality,0.026588355398463364
35640,Lil Guff,0.21234513690764076
35640,Miss Show Off,0.1644371496730769
35640,Alexi Boy,0.24658426442091544
35640,The Thames Boatman,0.12932130054875082
35640,Kiss And Run,0.047802593547931024
35640,Phoenix Beach,0.050577873228120865
35640,Connie's Rose,0.0727798508752848
35640,So Smart,0.07615183079827938
35641,Enchanted Way,0.311635182653227
35641,Threatening,0.2784501626830028
35641,Dr Ali,0.043702334159676906
35641,We've Got This,0.0627914623289405
35641,Adelaide Bay,0.30342085817515285
35642,Arc Shadowfax,0.12892706134100912
35642,King Sharja,0.1034286414643195
35642,Rusheen Boy,0.08434466029883403
35642,Thanks Dad,0.04532331937399692
35642,Al Suil Eile,0.14770685017510723
35642,Al Baahy,0.0836055065255962
35642,Lady In Havana,0.04478540119367915
35642,Aspire To Glory,0.17596037990721655
35642,Royal Justice,0.03163054883639601
35642,Balmy Breese,0.03782429722916699
35642,Barney's Bay,0.015293923784491981
35642,Tilsworth Max,0.029858524203476705
35642,Rainbow Mirage,0.07131088566670955
35643,Thiscouldbefun,0.08321546016694732
35643,Red Admiral,0.3657372585015754
35643,Yellow Card,0.03306153525240389
35643,Opening Bat,0.15417462819561378
35643,Phaedra,0.1425844533853344
35643,Belabambina,0.054475779235121306
35643,Captain Cess,0.07514561204553148
35643,Beaune,0.023857259293490977
35643,Havana Club,0.06774801392398154
35644,Rambuso Creek,0.09709506716499369
35644,Jesse Luc,0.042061033019131715
35644,Swiss Ace,0.1410136528053521
35644,Sibyl Charm,0.5000194271782269
35644,Yoshimi,0.10325976837731515
35644,Profit Street,0.09888582766794239
35644,Madame Fenella,0.01766522378703793
37131,Phone Tag,0.06671045792774627
37131,Young Fire,0.22349819456343864
37131,Jewel Maker,0.05884068353755438
37131,Urban Road,0.061875031174749906
37131,Joolianoss,0.1196417477846297
37131,Orange N Blue,0.10110631858233636
37131,Rainwater,0.1610609863978907
37131,Annandale,0.16027252995224808
37131,Rock Armour,0.046994050079405984
37132,Tees Harriet,0.027718987519723636
37132,Raft Up,0.23721530412593514
37132,Bungle Bay,0.09586378251465506
37132,She'Sashambles,0.06813732577501767
37132,Urban Dandy,0.11184709652251264
37132,Noble Captain,0.0186664711780902
37132,Asadjumeirah,0.10975656522225924
37132,Mr Stanley,0.11841978563935691
37132,Secret Daay,0.1402155248482334
37132,Sacred Melody,0.07215915665421618
37133,Giselles Izzy,0.08063208322475522
37133,Athollblair Boy,0.04375483087321381
37133,Fircombe Hall,0.1847154585160965
37133,Tommytwohoots,0.0539143072097999
37133,Hurstwood,0.048648241636417996
37133,Kranjcar,0.10103285012025934
37133,Pockley,0.30248248790164817
37133,Too Much Too Young,0.011898586771438227
37133,Tathmeen,0.15389757154707637
37133,Zebra Star,0.019023582199294488
37134,Time Tested,0.06413668020574466
37134,Cusack,0.18746943506808864
37134,Breakwater,0.11113315490402025
37134,Electric Avenue,0.0650001251356939
37134,L'Ennemi,0.029907963056826522
37134,Hartswood,0.0636537212640134
37134,Mariner,0.032164999076356914
37134,Miners Gamble,0.037485185786793614
37134,Wyvern,0.09330612234421398
37134,Yorkstone,0.056543062328842264
37134,Parish Councillor,0.11629118930300907
37134,Volenti,0.1429083615263968
37135,Penelope Valentine,0.28474963549946125
37135,Bantz,0.08648285376481764
37135,Magic Topissima,0.049645161571191
37135,Final Angel,0.18059553236902454
37135,A Fine Claret,0.1865029401338249
37135,Black Sky,0.168825531143475
37135,General Gordon,0.043198345518205686
37136,Quandary,0.1308054138019789
37136,Dream Show,0.044390071688703375
37136,Brazilian Rose,0.2225993416816753
37136,Petra Celera,0.017469986863714586
37136,Super Hit,0.04229445321432782
37136,Alreet Cha,0.034808446726215754
37136,Streak Lightning,0.11262242518764634
37136,Tasever,0.16383507257221822
37136,Bobby Joe Leg,0.0963091374990443
37136,Ahamoment,0.1348656507644753
37137,Roselily,0.2861558252332752
37137,Hardlass,0.06651494460068215
37137,Sun Keeper,0.24215931988311887
37137,Until Dawn,0.06995180002055612
37137,Frankies Dream,0.2724183557944052
37137,Cuban Lynx,0.04701483942297092
37137,Baby Rover,0.015784915044991587
37226,Big Gossey,0.08421792213867624
37226,Dontspoilasale,0.125914002404185
37226,Jered Maddox,0.21526880300410894
37226,Laugh A Minute,0.10063697978851215
37226,Sporting Hero,0.10714886463190898
37226,Genesis,0.038535923697042944
37226,Never Shout Never,0.12077836943742033
37226,Ohmyviette,0.2074991348981455
37227,Sorbus,0.1413549338180973
37227,Zarathos,0.11341895149204782
37227,Panama Black,0.1876043961648018
37227,Lady Mariko,0.14939327785493275
37227,Rokuni,0.004917275396177079
37227,Noble Phoenix,0.03588276661266853
37227,Fernando,0.1557133401442566
37227,Orchestral Wave,0.102595802775796
37227,Whizz By,0.10911925574122226
37228,Little Empire,0.03063950994964537
37228,Little Keilee,0.08618093207002517
37228,Punk Poet,0.03453213875775049
37228,Thompson Gunner,0.00990905530272943
37228,Nika Pika,0.028865993801881117
37228,Brains,0.03609849426844637
37228,Clonmacash,0.2392614127618538
37228,Senado Square,0.04046362458702484
37228,Jazzy Dancer,0.15285467505720843
37228,Hemight,0.05192885144799714
37228,Winemaker,0.22327614872645946
37228,Sarmiento Power,0.06122319648158984
37228,An Laochmor,0.0047659667873885606
37229,Rohaan,0.11422600686809938
37229,Many A Star,0.186151110525993
37229,Twilight Romance,0.16701983237559404
37229,Cairn Gorm,0.04971290204739497
37229,Flying Fletcher,0.049718949958885116
37229,Chief Mankato,0.12817805696243162
37229,Intervention,0.026124352237852484
37229,Ormolulu,0.1868374491752558
37229,Fools Rush In,0.09203133984849363
37230,I Am Superman,0.08808486616135847
37230,Hightimeyouwon,0.1063381198768992
37230,Final Voyage,0.1458196800136373
37230,Perfect Judgement,0.09992039269753605
37230,Exquisite Acclaim,0.12545355005737055
37230,Catch The Paddy,0.03164050309695203
37230,Cheers Again,0.14005447743842364
37230,Bucaneer's Spirit,0.13976440034736273
37230,Proleek Prince,0.05097937162065183
37230,Migdam,0.06810415643245013
37230,Glen Princess,0.0038404822573581
37231,Global Warning,0.1330371619701835
37231,Portoro,0.07012184892079355
37231,Pinjarra,0.24966852655686303
37231,Bomb Squad,0.10500748118001509
37231,Yorkstone,0.13355843713103652
37231,Autumn Angel,0.06827905055833651
37231,Clyde Bay,0.1519296528759471
37231,Create,0.022573195495837674
37231,Lion's Dream,0.014772571180742721
37231,Melsmay,0.051052074130244283
37232,Signor Ferrari,0.08295428748711227
37232,Jazz Forever,0.16121715577274096
37232,Ranko Express,0.08370249852373289
37232,Doctor Grace,0.12954364937909574
37232,Highland King,0.07283840326771886
37232,Darkened,0.053028088369919686
37232,Latin,0.08979741967788908
37232,Rock Basher,0.2184423389772957
37232,Streetscape,0.008814795970767274
37232,Tyder,0.03158704144644669
37232,Zahee,0.04571369995044413
37232,Sayfa Fad,0.005332791218939938
37232,Albion Princess,0.006418319323447185
37232,Ali's Court,0.010609510634449476
37233,Romanovich,0.2039028150429462
37233,Windsor Pass,0.3744042190797617
37233,Billy McGarry,0.12027550134233593
37233,Made All,0.043498432243508356
37233,Embarked,0.03401810107230186
37233,Devasboy,0.05349931291530939
37233,Mickey Mongoose,0.11348085361317398
37233,King Of York,0.0451545005487637
37233,Barney's Bay,0.011766264141898922
37234,Humble Spark,0.058518051444032396
37234,Super Superjack,0.01776126629337147
37234,Swinging London,0.13898570122205547
37234,Tortured Soul,0.07115297091861171
37234,See The Green,0.1799813459949546
37234,Kinetic,0.18063877792176752
37234,See Paris,0.03390765020070612
37234,Whatacracker,0.0311618526687307
37234,Night Horn,0.28789238333577005
37235,Satono Chevalier,0.19093270992440042
37235,Pavilion End,0.2698660292909364
37235,Solar Breeze,0.11189874522933425
37235,Sir Callisto,0.3486354662381652
37235,Theophilos,0.05599903265748852
37235,Redwood Queen,0.011590464554585452
37235,Rene Artois,0.011077552105089837
37278,Sporting Hero,0.11816558142528902
37278,Jered Maddox,0.1944294744939291
37278,Beauty Queen,0.07406494748159628
37278,Never Shout Never,0.114911338678768
37278,Dontspoilasale,0.11407924842177367
37278,Crystal Luna,0.14402988404341566
37278,I'm Spartacus,0.19819625378965874
37278,Hero Of The Hour,0.04212327166556951
37279,Come On John,0.2562800340111601
37279,The Cooleen,0.15932191612678767
37279,Alvesta,0.08281349848713686
37279,Busby,0.059740034726506006
37279,Fen Tiger,0.07209529767735846
37279,Lednikov,0.05359223286578025
37279,Forglen,0.07295934737670089
37279,Spartan Times,0.17584938156385974
37279,Lucky Question,0.05969408578250588
37279,Wath Court,0.007654171382203991
37280,Amemri,0.19411673125999374
37280,Senado Square,0.04130316128921909
37280,Pub Talk,0.04476975962334845
37280,Winemaker,0.22038444704506918
37280,Hasiyna,0.058684405894761656
37280,My Girl Sioux,0.06423501726983505
37280,No Speed Limit,0.030623558805408253
37280,Rattletheonionbag,0.20695816443608273
37280,Clifton Light,0.021192915612151638
37280,Havana Notion,0.04625364168339668
37280,Rushes To Riches,0.07147819708073341
37281,King Of York,0.07472844651110627
37281,First Greyed,0.3469796256002922
37281,It's Tim,0.1558567096544669
37281,Heretic,0.08982461122110394
37281,Mickey Mongoose,0.13804843145691345
37281,Headshot,0.1006149292405531
37281,Beautiful Dawn,0.019468183900466535
37281,Van Zant,0.07447906241509758
37282,Scarlet Widow,0.024517673936722342
37282,Sunriseontheboyne,0.05097337061030456
37282,Happy For Evva,0.06948248036782602
37282,Hugo's Girl,0.006464666831375851
37282,Brigid's Cloak,0.22629060795906242
37282,Merchants Arch,0.084846189387894
37282,Tam Lin,0.30271597379811577
37282,Annie Lavinia,0.03363438237442955
37282,In The Minus,0.009198307994734605
37282,Chriselli,0.03143539374505177
37282,Endless Dawn,0.16044095299448297
37283,Al Suil Eile,0.23889801640934386
37283,River Wharfe,0.2062467274598814
37283,Billy McGarry,0.16445485324799783
37283,Lockdown Lass,0.010067535042705838
37283,Ring Of Gold,0.1925848844976484
37283,Pop Favorite,0.059057101906232284
37283,Mr Slicker,0.050902252914856304
37283,Mr Stanley,0.07778862852133406
37284,Catch The Paddy,0.0348087177481558
37284,Proleek Prince,0.0723806410736198
37284,Shoot To Kill,0.1725673128292927
37284,Clonmacash,0.24257348144938493
37284,Comfort Line,0.3624428033005247
37284,Prince Of Eyeries,0.031810706733598114
37284,Imperial Fighter,0.06282226760529255
37284,Kwa Herini,0.0205940692601314
37285,Dutch Kingdom,0.10804362647446583
37285,Blue Prince,0.14998878689170983
37285,Persuasion,0.038387056518041064
37285,Silver Samurai,0.10806361166859926
37285,Aquacell,0.2676286375680601
37285,Legal Reform,0.08569953506832624
37285,Ormolulu,0.2421887458107977
37286,Finsceal Annie,0.06284534606198222
37286,Ferrari Desert,0.31523627151049255
37286,Miss Abby Jools,0.05114619000745925
37286,Mullacash Buzz,0.011040805451351198
37286,Higher Kingdom,0.13701386107190627
37286,Man Is King,0.009406426832480044
37286,Harry The Rogue,0.09307363308674683
37286,Jackandthefox,0.047954256843984536
37286,Master Garvey,0.051739675117613335
37286,Roderick,0.00972868086935682
37286,Royal Tribute,0.05162618093111566
37286,Wild Mountain,0.057292343779582595
37286,Superior Force,0.1018963284359287
37287,Federal Envoy,0.15177500647420836
37287,Narmar,0.11742478519869783
37287,Lessay,0.09150379318164102
37287,Chola Empire,0.11781963388703706
37287,King Of Ithaca,0.18134901065781203
37287,Justcallmepete,0.09100286743070825
37287,Perennial,0.029493459451994792
37287,Milbanke,0.04460885927581531
37287,How Impressive,0.08224458584019533
37287,Mumayaz,0.0343168516159721
37287,King Of Fury,0.03227608362084045
37287,Touchwood,0.026185063365077393
37288,Genoah,0.13975456457668098
37288,Tribal Star,0.11745540734137376
37288,Bucaneer's Spirit,0.09854697852395466
37288,Autocrat,0.033378832571274976
37288,Not Just Any Eagle,0.11064703207125688
37288,Sacred Oath,0.007728278345521129
37288,Benavente,0.014994012016463297
37288,Annaghmccanns,0.005567794323929805
37288,Tribal Moon,0.10884541324232813
37288,Trishuli River,0.20278065813776658
37288,Church Mountain,0.04543529840820808
37288,Picpoul,0.024606880029807567
37288,Darkened,0.033743649267097865
37288,Limestone Red,0.05651520114433638
37289,Sophar Sogood,0.20775512426756867
37289,Balgowan,0.011955072016860477
37289,Fiftyshadesaresdev,0.017850515155530624
37289,Billy Bathgate,0.039724241545827085
37289,Toby Tops,0.1782960287599241
37289,Scylla,0.09860146882805385
37289,Leon Trotsky,0.16575787808219714
37289,Ocean Ridge,0.2509612905663861
37289,Freewheelin,0.009788139228347975
37289,Kitten's Dream,0.019310241549304077
37290,Ranko Express,0.06618185495118371
37290,Nusra,0.10652780079335758
37290,Gallo Dell Cielo,0.12965403349254814
37290,Deed Pole,0.010757919059356014
37290,Doctor Grace,0.14108371969187955
37290,Porsche Lad,0.007761579353165897
37290,Guest Star,0.03642300902338396
37290,Gardone,0.14694303238160647
37290,Tara Power,0.007564740011998705
37290,Lord Talbot,0.053818421930508974
37290,T Or Coffey,0.12919309967336426
37290,Sarmiento Power,0.0411813272115864
37290,Waystar,0.06663538552135483
37290,Fine Print,0.05627407690470553
37291,Moulin Booj,0.24385434364163214
37291,Sevensees,0.07467636386487
37291,Ready Freddie Go,0.038053526751218994
37291,Good Earth,0.04883544305909049
37291,Tan Rapido,0.09500923237060487
37291,Cloud King,0.2200491278477011
37291,Je Ne Sais Quoi,0.15275162935598272
37291,Rock Of England,0.11050364924220553
37291,Popular Dream,0.016266683866694134
37412,Mrs Trump,0.2178596336390942
37412,Lady Of The Garr,0.11740606737654564
37412,Little Muddy,0.30082534258113425
37412,Supernova Steps,0.07290999694849648
37412,Kranjcar,0.13694751506515573
37412,Posh Maisie,0.006430636690745576
37412,Ustath,0.03683701449078638
37412,Irish Dancer,0.07293120585658386
37412,Birdie Bowers,0.03785258735145802
37413,Boasty,0.13202956759109075
37413,Moon Over The Sea,0.21460241449907672
37413,Pysanka,0.1085005561322955
37413,Bella Veneta,0.11496695882055404
37413,Starfighter,0.102053887982122
37413,Mohave Dancer,0.06649579562768251
37413,Sea Of Charm,0.06864707381664187
37413,Nevendon,0.007650918673101747
37413,Prince Hector,0.006570149500719935
37413,Two Plus Two,0.0761452772764492
37413,Billy Bathgate,0.01072250717790498
37413,Walk The Moon,0.09161489290236084
37414,Wiggins B,0.0809883162126057
37414,Brian The Snail,0.09729825505346033
37414,Dunnington Lad,0.05560099773432429
37414,Stroxx,0.08663925518552026
37414,Tickets,0.18974572004334694
37414,Variety Island,0.035352227619656916
37414,Fast Flo,0.30874208696629113
37414,John Kirkup,0.039869445355397624
37414,Hyrcanian,0.00793610592875499
37414,Miss Rainbow,0.0978275899006418
37415,Lady Mary,0.06193733701743333
37415,What A Nation,0.12137013910569977
37415,Calibos,0.16658108094270693
37415,Synergism,0.14186868660669605
37415,Sweet Cicely,0.06706961425525766
37415,Captious Cantor,0.048989078931283056
37415,Electric Bass,0.06092668031072066
37415,Ballarat Bertie,0.3312573828302026
37416,Media Mogul,0.3757373631374968
37416,Gastronomy,0.11928353451917369
37416,Ribba Hill,0.13713807691816227
37416,Marbuzet,0.18902702268782098
37416,Trojan Sun,0.17881400273734618
37417,Court Drive,0.2815399737929453
37417,Gogo Yubari,0.09557277348227268
37417,Safanah,0.043754343084519594
37417,Four Adaay,0.2770483042012593
37417,Autumn Angel,0.13220837179132497
37417,Rogue Dancer,0.10308425168627253
37417,Psychodrama,0.011322807042576589
37417,Dark Sorceress,0.05546917491882896
37418,Mercury Day,0.10216760703200385
37418,Sky Safari,0.21958596798501026
37418,Atlantis Blue,0.0934476549748766
37418,More Than A Feelin,0.07245647448627333
37418,Top Of The Class,0.28545630181844894
37418,Dramatic Effect,0.18729747146689235
37418,Twirler,0.03958852223649457
37419,Circe,0.10671270591291299
37419,Cruyff Turn,0.1089846671018791
37419,Woodstock,0.03990869713057194
37419,Al Muqdad,0.1779748955911931
37419,Lerwick,0.11417315734829303
37419,Master Richard,0.054092826261345255
37419,The Green Man,0.055056262389392666
37419,Project Black,0.1767192205203928
37419,Livio Milo,0.16637756774401907
37420,Midnightattheoasis,0.08586281908178439
37420,Reigning Profit,0.25653617677906443
37420,Rosenpur,0.13156634223974728
37420,Aces Wild,0.17024564777894668
37420,Recon Mission,0.129976534385892
37420,Buraback,0.10823124205127858
37420,Gustav Graves,0.11758123768328653
37421,Ahlain,0.1670587308123119
37421,Nibras Angel,0.02477507926101225
37421,Tiger Crusade,0.08857460330883066
37421,Metaverse,0.1222879939642615
37421,Dancing Magic,0.042221702977946876
37421,Dapper Valley,0.0602980245310355
37421,Follow Your Heart,0.16982387496491796
37421,Supreme King,0.08706275607045716
37421,Kitaro Kich,0.04312372002147559
37421,Invincible Aura,0.09002488481552169
37421,North View,0.10474862927222875
37422,Rhythm Master,0.04413173995183613
37422,Crimson Road,0.02278935492181198
37422,Cadarn,0.19031183838849602
37422,Barley,0.1529784407655004
37422,Grabajabba,0.19698401959117923
37422,Boy Douglas,0.18776850363537143
37422,Reidh,0.08276874474159072
37422,Yaaser,0.12226735800421404
37423,Bold Suitor,0.14765073662084455
37423,Monsieur Fantaisie,0.04502878057840392
37423,Ravenglass,0.14885275567195927
37423,Fistral Beach,0.09114105066050907
37423,Mudlahhim,0.036314934134180285
37423,Sam's Hope,0.08169792691618737
37423,American Star,0.11359068695466702
37423,Coconut Bay,0.17296579369413484
37423,Outreach,0.12357111913350675
37423,Blue Jay Way,0.0075568252601449825
37423,Marisitta,0.03162939037546197
37424,Coup De Force,0.2550601187375089
37424,Dream Of Mischief,0.09397565521207765
37424,Giant,0.146911534877075
37424,Rebel Path,0.1265030048139223
37424,Dashing Harry,0.03245521630875183
37424,World Of Darcy,0.023572288507928425
37424,Hierarchy,0.24160443293129363
37424,Cypriot Diaspora,0.07991774861144216
37425,Treble Winners,0.055125063877671146
37425,Mwafaq,0.09441501107651909
37425,Flamborough Head,0.12769779647042484
37425,Homeland,0.12486877217657348
37425,Triple Double A,0.05337636754695283
37425,Groundhog,0.07867505204939267
37425,Ottoman,0.1698882204190474
37425,Wondrous Ways,0.07336129739981254
37425,Hurricane Bea,0.02793602166653987
37425,I Can Boogy,0.039694817464900556
37425,Magic Topissima,0.08466261669122647
37425,Mission In Malton,0.07029896316093913
37426,Galel,0.04433193796486404
37426,River Wharfe,0.1478098776531826
37426,Heerathetrack,0.15158001713948627
37426,Till It Shines,0.04706981173301822
37426,Match Anthem,0.09246691610796402
37426,Embarked,0.04789324081821535
37426,Letter Of The Law,0.023977302990798147
37426,Lincoln's Inn,0.08444213521979069
37426,Diamond Cottage,0.1552672649326555
37426,Stoic Syd,0.08505570148400052
37426,Balmy Breese,0.07473867939805794
37426,Red Walls,0.04536711455796669
37427,City Of Strangers,0.06392962291174935
37427,Perfidia,0.10736308706629713
37427,Mayday Mayday,0.0718193099977575
37427,Unthinkable,0.0439513185798897
37427,Lady Diesel,0.1301535058533204
37427,Andalseeyagraham,0.031340828687199215
37427,Sanbona,0.1500936185445454
37427,College Witch,0.08936655424317504
37427,Hardlass,0.06458446082101017
37427,Crimson Lad,0.04597416647960354
37427,Martha Costello,0.06740090905771784
37427,Fregola,0.07515329884864697
37427,Aria's Dream,0.027189983737415466
37427,Ziva's Star,0.01245188866815244
37427,Diamond Dude,0.019227446503519728
37428,I Can't Believe,0.10381203274141838
37428,Strategic Fortune,0.0505038588288373
37428,City Escape,0.1984652279512569
37428,Life On The Rocks,0.07474505614785638
37428,Star Delta,0.07353891976854383
37428,River Alwen,0.10259853240879505
37428,Danehill Star,0.14153522531266655
37428,Heretic,0.1404539987248462
37428,Port Noir,0.10920683757216298
37428,Tarjamah,0.005140310543616437
37429,Cinnodin,0.21562365647625303
37429,Grey Fox,0.131497453579981
37429,Tradesman,0.10073451347886
37429,Moel Arthur,0.006750717597453274
37429,Orchestra,0.07461353488856953
37429,Believitanducan,0.09808848190829197
37429,Legacy Power,0.24548943135679505
37429,Alex The Great,0.03751619830578551
37429,French Martini,0.021439619766993333
37429,Blenheim Lad,0.06824639264101716
38920,Annexation,0.05805988223812735
38920,Foreseen,0.03887902254702997
38920,Con Te Partiro,0.17315316406815065
38920,Obsidian Knight,0.12650051880474217
38920,Hello Miss Lady,0.15275894244277605
38920,Ellexis,0.07995517189086071
38920,Eton Blue,0.020549707103884374
38920,Meadram,0.19257163670164465
38920,Blue Yonder,0.09215259293034035
38920,Mr Jetman,0.05848661688413527
38920,Rolypolymoly,0.006932744388308517
38921,Diamond Dreamer,0.11434256842108576
38921,Level Up,0.09777621229495786
38921,Merrimack,0.2466982622535321
38921,Harry Brown,0.21567919969323554
38921,Recon Mission,0.12833216118995305
38921,Mick's Spirit,0.07055310307153001
38921,The Defiant,0.08880569892085832
38921,Thismydream,0.03781279415484726
38922,Lady Diesel,0.11811281068740735
38922,Made The Cut,0.06457440544287162
38922,Rumseg,0.07192261566625348
38922,Herkeios,0.16924269591532606
38922,Specified,0.06902853505225043
38922,Majestic Heights,0.10779319560890807
38922,Antiquity,0.025208288863435777
38922,Take The Boat,0.04025153915634039
38922,Jonny Garlic,0.1635005111544712
38922,Sandhill Dancer,0.10142349503455785
38922,Freak Encounter,0.06894190741817773
38923,Claxton Bay,0.0865384053689304
38923,Overnight Oats,0.1690345837542672
38923,Kondratiev Wave,0.09231750553819854
38923,Colorada Dancer,0.027104466304074433
38923,Devasboy,0.12728955178529916
38923,First Greyed,0.02327840304175698
38923,Raqraaq,0.14324704595974821
38923,Delta Legend,0.1510421648190089
38923,Takeover Target,0.08590072016290996
38923,Charlatan,0.09424715326580635
38924,Tyger Bay,0.1661524976342738
38924,Hierarchy,0.07429943596819388
38924,Master Dandy,0.12641211055727747
38924,Whenthedealinsdone,0.16023776215324292
38924,Lequinto,0.19440313382959423
38924,Harb,0.11871201154716196
38924,Sisters In The Sky,0.15978304831025578
38925,Royal Observatory,0.13299101468574281
38925,Major Major,0.11932504860977618
38925,Deep Blue,0.04374297755748345
38925,Fascinating Lips,0.15542042561831262
38925,Sunset In Paris,0.03168654742576674
38925,Mapogo,0.011876501863463186
38925,Villalobos,0.009120957786914683
38925,Mr Trick,0.1602881981630232
38925,Danehill Star,0.1157205097800805
38925,Laurentia,0.007209018957005202
38925,King's Conquest,0.1287163684295339
38925,Emperor Dream,0.0839024311228975
38926,Dubai Harbour,0.2710835698496664
38926,We'renotreallyhere,0.13055143621540016
38926,Empress Of Hope,0.0309241176755681
38926,Foinix,0.039251276564349284
38926,Baikal,0.050288126657804265
38926,Indian Romance,0.02452357258915624
38926,Sir Laurence Graff,0.16312224766840613
38926,Crazy Maisie,0.045400714250074393
38926,Limelight,0.20216748710702753
38926,Rivas Rob Roy,0.04268745142254753
38927,Classic Speed,0.09425659278906855
38927,Beauty Generation,0.16639137987521266
38927,Lunarscape,0.167481422766617
38927,Chourmo,0.07061883718996365
38927,Enpassant,0.18587873281614103
38927,Fihrayn,0.16087198938446579
38927,Egoiste,0.11130611985586507
38927,Night Arc,0.005236666092344877
38927,The Pug,0.03795825923032132
38928,Next Trick,0.06546590001089778
38928,Midsummer Music,0.10046533141522423
38928,Mammy,0.2853929858416869
38928,Capuchinero,0.08674152568692249
38928,Forever Proud,0.3636208847483102
38928,Lahina Bay,0.06045255452699334
38928,Ashford Hill,0.037860817769965
38929,Sex On Fire,0.18703040104718716
38929,Misty Sky,0.2709898495635774
38929,Art Market,0.3365622078473815
38929,Kiniro,0.07790077479463588
38929,Master Technician,0.12751676674721812
38930,Artistic Star,0.19636122922136728
38930,Paradias,0.12254633935222203
38930,Haku,0.18670588990470305
38930,Civil Law,0.05385640123268895
38930,Dream Harder,0.047718254842525946
38930,Gaassee,0.03796685276456443
38930,The Glen Rovers,0.35484503268192835
38931,Percy Jones,0.23161900041328864
38931,The Craftymaster,0.04680277863484432
38931,Orchestra,0.0642250789201365
38931,Haliphon,0.04455495138536898
38931,Yorksea,0.016419452619802676
38931,Comte De Loir,0.34805262978230794
38931,Le Rouge Chinois,0.02954489251059872
38931,Doublethetrouble,0.04208321864889373
38931,Zivaniya,0.17669799708475842
39015,Intinso,0.05686568775290661
39015,Glen Buck,0.10618095424556592
39015,Dream Harder,0.03361785120470995
39015,Victory Shout,0.13447187617128456
39015,Tides Of War,0.08098535064624551
39015,Arqoob,0.1554586698323204
39015,Knockbrex,0.0982075164856527
39015,Cello,0.06480233222229953
39015,Path To Dubai,0.14042138773670854
39015,Wind Your Neck In,0.06229968559446329
39015,Humble Spark,0.06668868810784298
39016,Feel The Need,0.03771842142039118
39016,Judgment Call,0.023588188745751127
39016,Narmar,0.1570644741083133
39016,He's A Gentleman,0.14190012727686027
39016,Lir Speciale,0.10301206442487747
39016,Golden Strike,0.019913414551046095
39016,Justcallmepete,0.11565783497256389
39016,Giorgio M,0.1589057326546277
39016,Federal Envoy,0.12777431323707794
39016,Power Of Zeus,0.0627580891373538
39016,Abruzzo Mia,0.03950908425770458
39016,Golden Pharaoh,0.01219825521343271
39017,Bajan Bandit,0.10394796579707698
39017,Abduction,0.057846724023594934
39017,Enola Grey,0.17665933523926297
39017,Powdering,0.04566290906934003
39017,Beattie Is Back,0.03790833473257579
39017,Where's Freddy,0.0719063378993993
39017,Benavente,0.0393427442227195
39017,How Impressive,0.10783888877711402
39017,So Quiet,0.14695437971529063
39017,Swiss Ace,0.08498819683558495
39017,Lessay,0.09662707703977147
39017,Straight A,0.030317106648269452
39018,Circuit Breaker,0.011537664881780976
39018,Alrazeen,0.09444046349229018
39018,Legendary Day,0.14352216896423609
39018,Hot Fuss,0.1857417223551204
39018,Robusto,0.08087033034170131
39018,Dreams Adozen,0.2448754401829125
39018,Marble Sands,0.07102711408206609
39018,Tradesman,0.15927431074571305
39018,Alright Sunshine,0.008710784954179525
39019,Wallop,0.10462181163279216
39019,Port Erin,0.1597355215372873
39019,Wilde And Dandy,0.08861389945609897
39019,Enpassant,0.2094381078866951
39019,Dynamic Talent,0.15217015360554792
39019,Prefer The Sister,0.13263081473803745
39019,Drifts Away,0.147665480114688
39019,Velvet Vortex,0.0051242110288530285
39020,Value Added,0.010356139555042318
39020,Mr Baloo,0.05025165747161822
39020,Commander Of Life,0.08774164548316006
39020,Eligible,0.07145503569875655
39020,Kingdom Of Time,0.1432183515399632
39020,Ghaihaban,0.07948957579205357
39020,Flag Of St George,0.12242832150253033
39020,Serenity Dream,0.0415599941959315
39020,Midnight's Dream,0.15160281197876607
39020,Charencey,0.04096129426059113
39020,Cousin Shay,0.08409470197157796
39020,Sisterandbrother,0.11684047055000908
39021,Dion Baker,0.06667115089796231
39021,Lequinto,0.20935035074553698
39021,Profit And Loss,0.12004379421055268
39021,Dicko The Legend,0.17563518613857954
39021,Temple Bruer,0.009843160672720463
39021,Land Lover,0.07536900852605787
39021,Em Jay Kay,0.06611616421966679
39021,Brunel Charm,0.04478919367966067
39021,Bibendum,0.23218199090926275
39022,Cephalus,0.22203814634865252
39022,Grabajabba,0.027946392497670405
39022,The Cookstown Cafu,0.0806132282432774
39022,Master Of Combat,0.03502421879300166
39022,Mr Mistoffelees,0.1206833933446091
39022,Delicacy,0.15687270695778435
39022,Starliner,0.03623564573346983
39022,Shahbaz,0.04620416661479691
39022,Kracking,0.0620937529000152
39022,Shaw Park,0.026443596618833578
39022,Forever Proud,0.18584475194788905
39023,Monsieur Beaulieu,0.13461126685341865
39023,Dashing Harry,0.07405550026475619
39023,Bang On The Bell,0.06760904335356947
39023,Rebel Path,0.45168436454309535
39023,El Bufalo,0.11856913640804777
39023,Alafdhal,0.090942959081827
39023,Buraback,0.06252772949528568
39024,Auguste Lumiere,0.10689340832289371
39024,Sant Alessio,0.13150699398162566
39024,Liberated Lad,0.17051867305894117
39024,Fihrayn,0.1635133896021419
39024,Boasty,0.08366306174890698
39024,Fillyfudge,0.08582776686478386
39024,Elterwater,0.25807670642070674
39025,Rising Force,0.03497232975017689
39025,Forest Haze,0.017190832904891984
39025,Kessaar Power,0.036130752439239085
39025,Ballybaymoonshiner,0.16969357808326316
39025,Artificer,0.1735552582506852
39025,Headshot,0.12554225178550985
39025,United Force,0.06082490884332958
39025,Dash Power,0.24355764849826525
39025,Poles Apart,0.1385324394446392
39088,Daaris,0.10434436508230978
39088,Grand Duchess Olga,0.09848434169888845
39088,Arc Zoosve,0.17171241103549534
39088,Somebodycomegether,0.009236000947760848
39088,Courageous Gold,0.11591085766216458
39088,Mamdoh,0.21281976346515383
39088,Prince Hector,0.014486552959648366
39088,Lumberjack,0.16151687634780335
39088,Abstract,0.11148883080077548
39089,Newyorkstateofmind,0.1518341606170151
39089,Level Up,0.14402696267429532
39089,Phoenix Beach,0.07973095911904629
39089,Wedgewood,0.22651627634709556
39089,Gustav Graves,0.16574175809460945
39089,The Defiant,0.04766134113970685
39089,Port Hedland,0.1844885420082313
39090,Aiming High,0.1858153828545746
39090,Kinetic,0.32702276788395873
39090,Bajan Blue,0.15230021101611715
39090,Nowhere,0.0674832346078466
39090,Bella Veneta,0.1935409871397598
39090,Mrs Meader,0.0738374164977431
39091,Too Much,0.16484720096074226
39091,Code Purple,0.22532829016777614
39091,Pallas Lord,0.24001773724483463
39091,Cusack,0.08865901286327485
39091,Trais Fluors,0.10489289537485237
39091,Wait And Hope,0.04398289436302386
39091,Broken Spear,0.05085985465762045
39091,Bellagio Man,0.08141211436787536
39092,Flamborough Head,0.08706549986513082
39092,Triple Wishes,0.09669539878035018
39092,Call Me Audrey,0.07766289000232363
39092,Hardlass,0.06992545605783565
39092,Falaise Blanc,0.02064031658371713
39092,Miakoda,0.18128822284258778
39092,Crimson Lad,0.0733922566729719
39092,Precious Spartan,0.08498968915092046
39092,Sandinyourshoes,0.055617054568047324
39092,Nave Force,0.16793607527402513
39092,I Can Boogy,0.05896333503025465
39092,Ziva's Star,0.025823805171835433
39093,Blue Empress,0.11571120190352618
39093,Mini Mac,0.11062269244382635
39093,Maids Head,0.09093219781398029
39093,Bad Habits,0.08876037844179348
39093,Kathleen's Glory,0.1632657752820003
39093,Pageant,0.1816752912580988
39093,Beta Reader,0.08039071927802298
39093,Party Bear,0.06697008970027017
39093,Sovereign Class,0.0646313083039762
39093,Fortunas Dream,0.03704034557450528
39094,Court Drive,0.12683213825973796
39094,Rebecca's Girl,0.1746582386364811
39094,Lord Abama,0.13829125233745204
39094,Run This Way,0.11739749194388978
39094,Nazca,0.12667715656055328
39094,Match Play,0.0733676583265577
39094,Mighty Power,0.0781768153092488
39094,Danzart,0.047539745695818716
39094,Mayo County,0.06259716168281552
39094,Little Muddy,0.05446234124744511
39095,Prince Ali,0.12075005997303268
39095,Mr Nugget,0.16479634529205078
39095,Next Trick,0.08992813258054419
39095,It's A Love Thing,0.14839384999016464
39095,Golspie,0.04310350436078331
39095,I Can't Believe,0.11619266250180356
39095,Init Together,0.18135729701957323
39095,Sceptic,0.1354781482820476
39096,Dark Kestrel,0.15866384353307758
39096,Filly One,0.07490757076821236
39096,Above,0.09739677457250165
39096,Frank The Spark,0.09504018191894932
39096,Ganesha,0.05771468096056221
39096,Darlo Pride,0.0995449955396542
39096,Fierce,0.05395707032011917
39096,South Shore,0.06388532942469768
39096,Wrestling Revenue,0.10041655247645045
39096,King's Crown,0.08530357217417706
39096,Golden Rainbow,0.11316942831159832
39222,Spartan Arrow,0.09902044468549492
39222,Michaela's Boy,0.1267633964219824
39222,Almaty Star,0.07973418748058018
39222,Jumbeau,0.05198364515225586
39222,Twilight Fun,0.13066616476978463
39222,Fidelius,0.1506192659901197
39222,One Night Stand,0.03435201613053612
39222,Existent,0.0802230330664405
39222,Faustus,0.10783429005709533
39222,El Bufalo,0.07976218116688871
39222,The Coffee Pod,0.059041375078821554
39223,Latona,0.11425530300117093
39223,Amber Honey,0.06289776252337298
39223,Me Tarzan,0.16128882382614218
39223,Makes Me Wonder,0.06637874914733324
39223,All Cost,0.06957291849045577
39223,In The Sunshine,0.09665653104034405
39223,Sir Kenny,0.09805765246765856
39223,Tiana Rose,0.13523200054365997
39223,Zappata,0.03442522569044199
39223,No Gain,0.04362005619754035
39223,Runnindown A Dream,0.016579814061289885
39223,Late Star,0.10103516301059023
39224,King's Code,0.10652531171956835
39224,Stressfree,0.15730469520177412
39224,Magico,0.0900838893436062
39224,Warda Jamila,0.3071177313488674
39224,Rathgar,0.11111958561354801
39224,City Of Delight,0.22784878677263606
39225,Miller Spirit,0.13486723875293247
39225,Master Builder,0.16814014037409544
39225,Roberto Escobarr,0.04582988341403795
39225,Arqoob,0.0371692993927025
39225,Asgard's Captain,0.04011193521364193
39225,Kotari,0.11953106109838003
39225,Small Fry,0.14829380725470773
39225,Sugar Road,0.11631695974425421
39225,Carnival Day,0.030104981374405336
39225,Tryfan,0.059126068882200226
39225,Dashinwhitesargent,0.10050862449864227
39226,Babylon,0.07967330820482586
39226,Sonic Pioneer,0.06545740079047728
39226,Georginio,0.06428189369947462
39226,Divot,0.20823143273466546
39226,Keble Spirit,0.16358216691808436
39226,Requiem,0.25736494258883397
39226,Something Splendid,0.07066319701502685
39226,Hamdani Cruiser,0.03215309560739683
39226,Beachborough Girl,0.04392998147192587
39226,Squires Treaty,0.014662580969288927
39227,Cabeza De Llave,0.06777927481004027
39227,Hint Of The Jungle,0.30018040313745686
39227,Coolagh Magic,0.06638708450327631
39227,It's Showtime,0.18056288747191934
39227,Rebel Star,0.2666784405929891
39227,Sir Rodneyredblood,0.06462886956240665
39227,Banana,0.05378303992191146
39228,Abate,0.2131728275730934
39228,Late Arrival,0.14272473068196154
39228,Kats Bob,0.07871901716208833
39228,Lord Abama,0.23599798063556937
39228,Patontheback,0.08832315569048618
39228,Runninwild,0.045653457624670234
39228,Profiteer,0.04730695039778383
39228,Happier,0.035564797733417954
39228,Inanna,0.11253708250092916
39229,Celeborn,0.10654782651749273
39229,Sir William,0.18917355812612663
39229,Your Lordship,0.04606669308062916
39229,Excellent Echo,0.07399946397166825
39229,Bulletin,0.06911946210752073
39229,Geo,0.04443684146041046
39229,Mayday Malone,0.12547578938984225
39229,Louie The Legend,0.05547293664687929
39229,Best Adventure,0.17759217325232196
39229,Soy Loco,0.022148791384296575
39229,Connie Moon,0.03747236666709958
39229,Play Me,0.031846968983304656
39229,Turpin,0.020647128412407734
39230,Maelstrom,0.2707898672981023
39230,Blue Empress,0.08684871368083663
39230,Maids Head,0.22384146418254278
39230,Sands Of Havana,0.06150424562071147
39230,Up The Monk,0.06714520404762965
39230,Rokuni,0.011347676680828384
39230,The Feminine Urge,0.05891735376543171
39230,Cooramook,0.060383312248797345
39230,Gorgeous Mr George,0.15922216247511972
39231,Revich,0.05669008400037819
39231,Mafnood,0.1943066265973345
39231,Hodler,0.030451111670425895
39231,Mostawaa,0.17246112863515353
39231,Tribal Rhythm,0.07172373082697027
39231,Port Road,0.07329623817314677
39231,Orbaan,0.1732404927238085
39231,Uncle Dick,0.08561861386819082
39231,The Bitter Moose,0.06297009407060218
39231,Kracking,0.07924187943398929
39232,Gincident,0.45275352231964083
39232,Corundum,0.07304567002672965
39232,Berry Clever,0.16640384820512402
39232,La Fleur Petrus,0.21694964967481775
39232,Zariela,0.09084730977368778
39233,Temper Trap,0.11068932879886673
39233,Wilde And Dandy,0.1584822056535942
39233,Highland Olly,0.12984027881382107
39233,Makalu,0.06491618763219295
39233,Jez Bomb,0.260295752335106
39233,Coolree,0.1673909670687163
39233,Mount King,0.053890341665347966
39233,Straya,0.054494938032354674
39234,Harlem Nights,0.16967338993113626
39234,Super Hit,0.260017473855971
39234,Swift Salian,0.2123369812596913
39234,Tees George,0.1851441351899628
39234,Crownthorpe,0.02481203946611593
39234,Ravishing Beauty,0.08034417670200827
39234,Copper And Five,0.03303043448503648
39234,Little Ted,0.03464136911007793
39235,Perfectly Timed,0.0459329886689349
39235,Path To Dubai,0.07101502518882993
39235,Ludo's Landing,0.10130131828979344
39235,Cavern Club,0.21024018155848045
39235,Letsbefrank,0.190317753490929
39235,Pergamon,0.08461833569035147
39235,The Crafty Mole,0.17139743031834942
39235,Titainium,0.0573724913742275
39235,Kitsune Power,0.036819516914101305
39235,Masekela,0.03098495850600259
39236,Fuji Mountain,0.04682056700247261
39236,Balzarini,0.04960275057995787
39236,Against The Wind,0.09704648322438937
39236,Desert Champion,0.08802199471689423
39236,Naana's Sparkle,0.05037532990555213
39236,Do It Now,0.1432015377991392
39236,Educating Rita,0.2861158659617304
39236,Nad Alshiba Green,0.07361841487623598
39236,Farandaway,0.07939465976130532
39236,Neytiri Te Tskaha,0.08580239617232296
39237,Ribble Radiant,0.05841440626730995
39237,Heroism,0.1443430099097964
39237,Captain Vallo,0.04138316295865928
39237,Falcon Nine,0.10314017914497492
39237,Without Delay,0.03596406564162336
39237,Lumenbourg,0.1401533477635799
39237,Emerald Army,0.03586212015050037
39237,Desert Dream,0.050999577352163435
39237,Kalganov,0.18509037848125146
39237,Juryman,0.010340358502827631
39237,Odd Socks Havana,0.09186146814643466
39237,Dumfries,0.04093118681569515
39237,Dandy Lichious,0.06151673886518355
40709,Humble Spark,0.2905307073016592
40709,Percy Willis,0.299941237529142
40709,Elemental Eye,0.11689239810118655
40709,Ashington,0.06637660582532617
40709,Federated,0.10658016767732356
40709,Wanderlust,0.11967888356536246
40710,Beaumadier,0.10667062767006419
40710,Beneficiary,0.2995041323772389
40710,The Gay Blade,0.14397370856053246
40710,Lady Of The Garr,0.06132498461193984
40710,Phoenix Star,0.23293281290360143
40710,Hard Nut,0.15559373387662317
40711,Howzak,0.0938034287932296
40711,Biplane,0.04137335103998294
40711,Bella Kopella,0.10169356284742441
40711,Wee Fat Mac,0.18398814663009544
40711,Sir Maxi,0.14204699007389485
40711,Captain Vallo,0.12380530104554031
40711,Nights Over Egypt,0.11319435710612803
40711,Spartan Fighter,0.15384676067528216
40711,Blackcurrent,0.04624810178842221
40712,Mondammej,0.13033853035750062
40712,Alzahir,0.060910449751264584
40712,Bright,0.12146687630522056
40712,Flying Fletcher,0.14399280294614727
40712,Pals Battalion,0.20976689792366413
40712,Neapolitan,0.048823221638889885
40712,William Dewhirst,0.21828528821295076
40712,Modern Times,0.06641593286436223
40713,Edge Ofthe Unknown,0.21341604538852238
40713,Hippocratic Oath,0.3761926316573689
40713,Magna Gee Gee,0.20892844761855173
40713,Spirit Of Jura,0.2014628753355569
40714,Ash Wednesday,0.25157657982877607
40714,Vixey,0.13884436200586653
40714,Billy McGarry,0.08659531433501443
40714,King Of York,0.09030242572459202
40714,Flash The Dash,0.14095644134310842
40714,Laura's Breeze,0.1555946995346572
40714,Vivency,0.1141648321893234
40714,Queen For Adaay,0.02196534503866186
40715,Valadero,0.08938935361393116
40715,War Memorial,0.07554732483536333
40715,Portoro,0.11127289728451971
40715,Angel Of The Bay,0.10393721942883023
40715,Reginald Charles,0.249407548618075
40715,Devilwala,0.017492915827242942
40715,Available Angel,0.2232470754431319
40715,Fistral Beach,0.12970566494890584
40716,Bowood,0.025858281728156497
40716,Encourageable,0.047529444189254734
40716,Lerwick,0.11471109795480951
40716,Hitched,0.19780584910815388
40716,Grabajabba,0.02196950727240431
40716,Cavalry Call,0.17743340294342982
40716,First Kiss,0.014835068992596753
40716,Bajan Bandit,0.0933513731844795
40716,Chuzzlewit,0.08839347462332894
40716,King's School,0.09776248805911011
40716,Gincident,0.03109214340977339
40716,Flag Of St George,0.08925786853450261
40717,Hiya Maite,0.22663940750872014
40717,Blind Beggar,0.03567465191291672
40717,Jumbeau,0.2519183534464106
40717,Master Of My Fate,0.362668116821285
40717,Dashing Harry,0.07608689220214271
40717,Dark Kestrel,0.047012578108524945
40718,Kinetic Force,0.016146164251881
40718,Winchurch,0.04741839251654802
40718,Em Four,0.1903147869332961
40718,Blinky,0.2144026206378517
40718,Star Chorus,0.09560769128953973
40718,Kiss Me My Love,0.24326322959395894
40718,Fallen Soldier,0.1928471147769246
40719,Forge Valley Lad,0.20169837284213088
40719,Addosh,0.2516400621146125
40719,Dark Agent,0.037181367736753575
40719,Young Endless,0.13388670630509192
40719,Further Measure,0.015212636169144544
40719,Edna E Mode,0.05431559670287924
40719,Arch Legend,0.12054933473654453
40719,Sir Joseph Swan,0.10725438954032354
40719,Two Plus Two,0.0782615338525192
40887,White Clover,0.14300124386888735
40887,Catherine Chroi,0.14334506160135593
40887,Rathbranchurch,0.024229020450749088
40887,Escape Act,0.10189680136691205
40887,Loingseoir,0.022879417685730295
40887,Velvet Skies,0.028184843848384492
40887,Run Forrest Run,0.10043790971960584
40887,Distillate,0.049145097833996815
40887,Devil's Angel,0.02203254061306237
40887,Sakakawea,0.03946636915483926
40887,Noble Nation,0.1967122758082815
40887,Times In Oz,0.003197000613125716
40887,Senado Square,0.06516669190371177
40887,Step Back In Time,0.04491162321870446
40887,Lismacbryan Hill,0.01539410231265325
40888,Island Girl,0.34576912831676426
40888,Stiorra,0.07038730952030384
40888,Unique Journey,0.23180397243423245
40888,Charanda,0.11940734876829338
40888,Tilly's Company,0.008126407709085143
40888,Sarahmae,0.02432813275071875
40888,Kayamite,0.0593048523247457
40888,Eric Lock,0.040461254831750414
40888,Dance For Chester,0.019495496972968186
40888,James The Second,0.03151551086519126
40888,Historical Fact,0.04940058550594658
40889,Chicago Fireball,0.07163831394318555
40889,En Or,0.11297677782950079
40889,Hurricane Ivor,0.017313002058719846
40889,Love Billy Boy,0.18575572152004882
40889,Fast Tara,0.04892245655600046
40889,Sara Valentina,0.0062407054576707815
40889,Mercurial,0.08854564634513318
40889,Quatre Bras,0.1815086934776903
40889,Money Dancer,0.011303379348465733
40889,Facethepuckout,0.10928439875097788
40889,Heart Of Darkness,0.024990986612795797
40889,Gerrit's Gem,0.055966995122127175
40889,Una Matata,0.03235420276197339
40889,Storm Averted,0.01028327770411408
40889,Secret Magician,0.042915442511596194
40890,Kodilicious,0.04680915589667001
40890,Serengeti,0.07886434082207551
40890,Viking Invasion,0.15821409033911452
40890,East Hampton,0.11839525206330244
40890,Tangapour,0.16461239211743867
40890,Monotone,0.03059855511328129
40890,Manhattan Chute,0.23016300967485245
40890,Wizard Of Odds,0.08853534195380722
40890,Gloriously Glam,0.03992836967240518
40890,Sir Jeremy,0.043879492347052636
41040,Glory Fighter,0.11312576538596188
41040,Birkenhead,0.09407740772555981
41040,Hurt You Never,0.05529012565777372
41040,Crocodile Power,0.10035129885945701
41040,Let's Go Hugo,0.1435529144084615
41040,Fortunate Star,0.07296190601284934
41040,Refuge,0.026388899614941227
41040,Kyber Crystal,0.11655662183202789
41040,Langholm,0.03143666883632025
41040,Jamie's Choice,0.037277790273403694
41040,Dash Gordon,0.0396449490527287
41040,Ifonlytheycudtalk,0.0970505550257237
41040,Golden Prosperity,0.07228509731479112
41041,Jm Jhingree,0.07710376537320267
41041,Rock N Roll Rocket,0.19422735522574328
41041,Commander Atkinson,0.15077250664431854
41041,I'm Next,0.23815349240355646
41041,Military Girl,0.08543057496256344
41041,Tees Aggregates,0.0719795433256019
41041,Lucius Aurelius,0.12163032425570353
41041,Indy's Angel,0.06070243780931018
41042,Animate,0.11658264107751148
41042,Speeding Bullet,0.19297727913811183
41042,Capital Guarantee,0.18119429579915217
41042,Outrun The Storm,0.057466078795633486
41042,Another Baar,0.07613638024662554
41042,Jenni,0.1785602696263527
41042,Leap Day,0.15061584948555717
41042,Misemerald,0.02239787618125227
41042,Petra Celera,0.02406932964980331
41043,Dance For Chester,0.1681398404234196
41043,Khutulun,0.107680204678913
41043,Weegeebear,0.2481087961235424
41043,Handmedownmybible,0.05296355485955551
41043,Kilgharrahs Love,0.010733074050004614
41043,Therussiancomposer,0.08808106203903233
41043,James The Second,0.030839104524154358
41043,The Black Stuff,0.03104854846554524
41043,Historical Fact,0.10925920654690907
41043,Rushes To Riches,0.15314660828892393
41044,Magnetic North,0.2295082985484512
41044,An Bradan Feasa,0.12004915840895439
41044,Stellarmasterpiece,0.27744742158272806
41044,Lawmans Blis,0.178006051630567
41044,Somebodycomegether,0.009458383442120353
41044,Dubai Venture,0.06697098790679956
41044,Sassy Glory,0.10863038799233912
41044,Rajawail,0.009929310488040341
41045,Joycean Way,0.08465742685391091
41045,Crafter,0.201800401780743
41045,Palazzo Persico,0.09443144468558422
41045,Cathedral Peak,0.13183790838945458
41045,Beauld As Brass,0.06167050158628317
41045,Roi De Baviere,0.04655539494650665
41045,Visibility,0.14020954401215113
41045,Yarborough,0.11482247521313986
41045,Dubai Immo,0.007642373593376878
41045,Chico Dulce,0.10968560039929659
41045,Star Of Sussex,0.006686928539553045
41046,Si Senior,0.03918376371988904
41046,Still She Blooms,0.19112426123697757
41046,The Fog Horn,0.02328998996067156
41046,Half Nutz,0.12666923708518357
41046,Asisaid,0.0302604420233834
41046,Hastily,0.05814996530505464
41046,Akeela,0.16035191197769763
41046,Happy Henry,0.035209796707947605
41046,Lisabetta,0.06876911097954037
41046,Finito Bonito,0.018068654959214447
41046,Navorrosse,0.02508323834017878
41046,Dinamine,0.02357796179882939
41046,Serengeti Sunrise,0.12692350581076114
41046,Deuteronomy,0.02765859627064731
41046,Shimmerz,0.0456795638240234
41047,Soul Seeker,0.057125349955587545
41047,Daytona Lady,0.062206830159138735
41047,Mojomaker,0.24841847830660402
41047,Running Cool,0.1879788755105844
41047,Sacred Falls,0.057691850124631
41047,Protest Rally,0.05354530355156315
41047,Twelfth Knight,0.14394171431331143
41047,Quercus,0.03723973919629792
41047,Dream Deal,0.1518518588822818
41048,Indigo Five,0.12315313877572197
41048,Independent Expert,0.1016087021943827
41048,Shavasi,0.15788550116621597
41048,Bellaphina,0.11054802114525449
41048,Fast Tara,0.0701830116512457
41048,Mataariki,0.11596106445562991
41048,Sara Valentina,0.062209218275307065
41048,Marakesh,0.14006938465820723
41048,Heart Of Darkness,0.11838195767803492
41049,Naasma,0.21734290210302856
41049,Kinetic,0.17173380086172652
41049,Cerulean Summer,0.2478496316723735
41049,Golden Dove,0.07792281947977811
41049,Raqisa,0.057685414899014964
41049,Innisfree Pearl,0.19784533252508454
41049,Certain Style,0.029620098458993722
41050,Annie's Angel,0.06618105054772497
41050,The Marty Party,0.05701116601410445
41050,Desmond Castle,0.05560655613809614
41050,Guilty Pleasure,0.06945356208146423
41050,Wish This,0.08975747327013606
41050,School Of Athens,0.04813135362592152
41050,Scott Key,0.07877765493632174
41050,Eagles Dream,0.03285479288591549
41050,Stiorra,0.04232319251884183
41050,Refreshment,0.07698442039913944
41050,Tam Lin,0.07820389901194864
41050,Ribee,0.012611502118021778
41050,Vega's Muse,0.1017360182225099
41050,Ohmali,0.05303216506378027
41050,Merchants Arch,0.06646330969350128
41050,Breath Of You,0.07087188347257217
41051,Spring,0.35200830475116623
41051,Startling,0.08191602728679297
41051,She Went Whoosh,0.15642972664272933
41051,Jagetme,0.1602644987676391
41051,Watkins,0.04738236765512168
41051,Kameko Spirit,0.15407766297867714
41051,Sunny Time,0.04792141191787351
41052,Your Honor,0.00689636564902418
41052,Elle Dorado Rock,0.16225524833084534
41052,Enquire Within,0.08475343272569397
41052,Spring Evening,0.012203133477980695
41052,Dumb Love,0.19322656497665053
41052,Esticky End,0.05523229644521075
41052,Pegasus Of Harry,0.043382861304428554
41052,Sea The Sunset,0.18107217793674213
41052,Bynx,0.034665098704572475
41052,Brilliant Question,0.22631282044885145
41053,Master Dandy,0.1400937815649571
41053,Daisy Roots,0.11695182313478052
41053,Newfangled,0.1364589309739405
41053,Thoughtful Gift,0.04333147911291121
41053,Union Island,0.11885223435082061
41053,Raqraaq,0.26562859133857386
41053,Eloso,0.05284881215803594
41053,Monks Mead,0.08342215889428214
41053,Tatmeen,0.04241218847169828
41054,Just Ten High,0.1811613588978916
41054,Prince Of Bel Lir,0.11322870571812442
41054,Big Bard,0.1391205486081868
41054,Knockout Blow,0.00828064233803696
41054,Harry Brown,0.07494199898976096
41054,Okami,0.02388193452632706
41054,Phoenix Moon,0.22460155433031462
41054,Unavailable,0.1800172088227668
41054,Poet,0.05476604776859071
42454,Lord Danielson,0.09732417557158501
42454,Art Fantastique,0.11569695255966277
42454,Bear To Dream,0.03925809590589992
42454,Time Patrol,0.2236896678230727
42454,Lilkian,0.1713536922812893
42454,Savalas,0.09245064165433162
42454,Miss Moonshine,0.13657420645114982
42454,Apple A Dey,0.08290483273516802
42454,Company Minx,0.04074773501784085
42455,Flicka's Girl,0.050670022979750096
42455,Toolatetonegotiate,0.09127424613697913
42455,Inconspicuous,0.12109887446544142
42455,Dubai Magic,0.09078566893479842
42455,Bank On Kent,0.19144860974246275
42455,Best Of All,0.15381852981856925
42455,Frankies Dream,0.30090404792199893
42456,Charlie's Choice,0.10724505238578817
42456,Caustic,0.06623823887828056
42456,Patch's Bond,0.16861372658955115
42456,Brodie's Boy,0.012738777157768182
42456,Early Morning Dew,0.02897420172792599
42456,Tortured Soul,0.10902582548986305
42456,Star Time,0.29861876347862953
42456,Kinetic,0.1251016755322319
42456,Sabyinyo,0.08344373875996156
42457,Sol Cayo,0.28605227018873663
42457,Pleasant Man,0.009559484507929822
42457,Schmilsson,0.05895053922866892
42457,Junkanoo,0.1772979579583701
42457,Miss Paloma,0.14654048992074578
42457,Fast Fred,0.12322435617648309
42457,Liberated Lad,0.09015196941052063
42457,Annandale,0.10822293260854497
42458,Star Pupil,0.26320740344171545
42458,Jump The Gun,0.15643503781256946
42458,Profitman,0.09339781477263458
42458,Rich Rhythm,0.19286105439206724
42458,Turbo Command,0.07042799849401307
42458,Embarked,0.02208319372678392
42458,Timebar,0.18887298180903314
42458,Beautiful Dawn,0.012714515551183055
42459,Many A Star,0.18199544743580953
42459,Lucky Man,0.06852389130178137
42459,Lir Speciale,0.049633300666010134
42459,Ormolulu,0.12086721352114994
42459,Bulldog Drummond,0.01926443843091043
42459,Mahato,0.13518015820626442
42459,Admiral D,0.031500126313610974
42459,Filly One,0.12894575261510868
42459,Minnesota Lad,0.04176268626332919
42459,Counsel,0.02137491146502147
42459,Harry Did,0.05284095550263022
42459,Mojomaker,0.14811111827837364
42460,Big Bard,0.1481789875171796
42460,Shamardia,0.08432866556646015
42460,Cooperation,0.03823225214213244
42460,King's Crown,0.08960896095417487
42460,Bomb Squad,0.11149370347487685
42460,Lion's Dream,0.010496489529096448
42460,Hello Zabeel,0.3422033025611542
42460,Liv Lucky,0.1540788749711798
42460,Gypsy Nation,0.021378763283745602
42461,Lihou,0.0651053876012459
42461,Jeans Maite,0.1671105375170331
42461,Miggy Magic,0.43462175275575093
42461,Castan,0.1538494961870186
42461,Nelson Gay,0.07093641667480569
42461,Ana Emaraaty,0.10837640926414581
42462,Swinging London,0.09418950376673552
42462,Nala The Lioness,0.10509620554113783
42462,Currumbin,0.29042240868421265
42462,Carlton,0.20307024805310622
42462,Lawmans Blis,0.03832680612242029
42462,Hill Station,0.10317297436198157
42462,Alfheim,0.16572185347040594
42559,Show Biz Kid,0.08457701166376634
42559,Annexation,0.09690399627832605
42559,Destinado,0.18848692862398547
42559,Urban Road,0.05331868076414331
42559,Repertoire,0.20989431313098983
42559,Ellexis,0.062041744952945475
42559,Visibility,0.048889135230699536
42559,Northern Cracksman,0.14969985622797974
42559,Blue Yonder,0.10618833312716415
42560,Ecclesiastical,0.10419242065482814
42560,Aces Wild,0.1142727409189778
42560,Miggy Magic,0.2120110183543479
42560,Rosenpur,0.1440633353867318
42560,Level Up,0.0880616039717199
42560,Dark Side Prince,0.021267484526034577
42560,Maharajas Express,0.11584033480718531
42560,Nelson Gay,0.032407886655647686
42560,Wedgewood,0.059795395936858606
42560,Gustav Graves,0.10808777878766809
42561,She Went Whoosh,0.07348499143541219
42561,Auntie Jo,0.1326703905279683
42561,Dubai Magic,0.11720495641439069
42561,Addendum,0.053661209783900814
42561,Sarafina Mshairi,0.47993853569923617
42561,Elland Road Girl,0.0057637014082556025
42561,Woodhay Whisper,0.03436503481959096
42561,Pastoral Way,0.10291117991124532
42562,Sonic Pioneer,0.17412775019628135
42562,Herkeios,0.07829585280085297
42562,Stay Around,0.11685811052837206
42562,Boundless Poet,0.0784235006627796
42562,Latona,0.04541250461178751
42562,Majestic Heights,0.03807790284095583
42562,Backer Bilk,0.05117496721691267
42562,Zadkiel,0.09932233735868107
42562,Manton Road,0.17438971226094147
42562,Unfortunate Heir,0.09530393378308825
42562,Master Milan,0.04861342773934717
42563,Ray Gun,0.1646472216505817
42563,Return With Gold,0.11960747966380193
42563,Gemmari,0.10024297186048263
42563,Flaine,0.08640577217281392
42563,Sydney Whistler,0.1163457547699364
42563,The Kamikaze King,0.4127507998823834
42635,Alcazan,0.06619745187906667
42635,Baileys Jubilation,0.06857705304801581
42635,So Sassy,0.2460395798160387
42635,Spiritualism,0.10326032246564644
42635,Toughly,0.19091854920843518
42635,Handle With Care,0.1089085983097724
42635,Beautiful Things,0.02031934952081634
42635,Commendation,0.19577909575220853
42636,Etretat,0.05423518844391616
42636,Prince Rasam,0.11881088084479652
42636,Obsidian Knight,0.1650640343537749
42636,Foreseen,0.062352804145157203
42636,Ellexis,0.08416127128164237
42636,Risen Again,0.07864569482020381
42636,Imperial Cult,0.03241886700673927
42636,Crafter,0.2107756885080559
42636,Newfangled,0.07151610822709559
42636,Coolree,0.0792067005184804
42636,Molly Valentine,0.04281276185013795
42637,Saturnalia,0.13327106034822248
42637,Lincoln Legacy,0.0398267487088619
42637,Love Your Work,0.09501032870661927
42637,Mister Mojito,0.13083972638419328
42637,South Kensington,0.015647995102661686
42637,Francesi,0.14354079989936375
42637,Masterofgreygoose,0.10882089854854436
42637,Fat Gladiator,0.049345828437754403
42637,Rabinal,0.15402732786705167
42637,River Alwen,0.03294015015378303
42637,Taskheer,0.09672913584294417
42638,Royal Jet,0.12416064262243742
42638,Mount Mogan,0.04524744028035504
42638,Ya Rayah,0.05132926803721292
42638,Kessaar Power,0.04676407316708067
42638,Ashford Hill,0.10553302669701113
42638,Lord Danielson,0.07410456878528426
42638,Blue Collar Lad,0.13958577233457448
42638,Seas Of Elzaam,0.2867149459230239
42638,Alyara,0.10978884272058996
42638,Repartee,0.01677141943242998
42639,Neptune Legend,0.17424282674017344
42639,Ravensbourne,0.4001677213894086
42639,Porfin,0.034706637177499076
42639,Bear To Dream,0.039159463556848406
42639,Mashaan,0.15910795069676426
42639,Outreach,0.06605906090916731
42639,Comedian Leader,0.03652735228142968
42639,Edergole's Gift,0.0630216959762649
42639,Regal Glory,0.027007291272444407
42640,Wannabe Brave,0.3091735306349807
42640,Green Team,0.2506869258322046
42640,Show No Fear,0.06165661006189737
42640,Sea Appeal,0.15284446303705357
42640,Incan Empire,0.21159838911941467
42640,Fashionelle,0.014040081314449187
42641,Tuscan Star,0.2509598040476033
42641,Kate O'Riley,0.2712960846277972
42641,Magna Gee Gee,0.37012268148551525
42641,Ray Gun,0.10762142983908426
42642,Shelbourne,0.0647326145951349
42642,Straight A,0.10539376217504605
42642,Bobby Joe Leg,0.1599745669695198
42642,Thapa Vc,0.03929951144083418
42642,Chifa,0.07894450011420091
42642,G'Daay,0.07865601213311525
42642,City Cyclone,0.13629884569869366
42642,Ash Wednesday,0.12755297903185162
42642,Rebelsontherun,0.03709410830462728
42642,Zu Run,0.1475623867525963
42642,Harbour Vision,0.024490712784379972
42643,Many A Star,0.06118429449260055
42643,Gunfighter,0.05369494359147075
42643,Blind Beggar,0.10372872636856996
42643,Twilight Romance,0.10518280176062861
42643,Ziggy's Condor,0.08137238813473016
42643,Supreme King,0.18883979442766335
42643,American Bay,0.10322905684947012
42643,Jungle Land,0.21853420891910402
42643,Rebel Path,0.08423378545576254
42644,Gis A Sub,0.055426797306751305
42644,Southbank,0.0723050244507129
42644,Shamardia,0.10644259390584733
42644,Radiant Angel,0.16076180680576008
42644,Papa Don't Preach,0.10394181899033565
42644,Carmarthen,0.01929936901551237
42644,Raft Up,0.23833459819032496
42644,Heartrate,0.19514347777680288
42644,Red Walls,0.04834451355795259
42645,Mr Baloo,0.075225089621126
42645,Way To Dubai,0.11387122741302194
42645,High Point,0.1415210704198522
42645,Paradoxical,0.32115129835522094
42645,Hitched,0.14752338469225357
42645,How's The Guvnor,0.13020369283044228
42645,Caelan,0.01732242477112903
42645,Eden Storm,0.05318181189695418
42807,Burning Cash,0.10375712546006809
42807,Thankuappreciate,0.06697662759593695
42807,Brummell,0.12921285265209012
42807,High Opinion,0.055388386533261266
42807,South Parade,0.08128304690098025
42807,Digital,0.05658154985607456
42807,Minnesota Lad,0.1539785990390831
42807,Copper Knight,0.03792369807020497
42807,Thunder Star,0.0980705276670654
42807,Fierce,0.11023413531421251
42807,Ticktyboo,0.018856397937401816
42807,Project Dante,0.05994830678644021
42807,Zuffolo,0.027788746187180722
42808,Territorial Knight,0.1769395623529955
42808,Hot Property,0.17685222306475815
42808,Hyperchromatic,0.26728787866153286
42808,Bowen Island,0.2548851097255107
42808,Fool Again,0.12403522619520292
42809,I Can't Believe,0.17883631375846906
42809,Zous Juice,0.09854087506141596
42809,Thats My Boy Luke,0.052860012923503875
42809,Al Suil Eile,0.05484586721197364
42809,Wait And Hope,0.08059272048018469
42809,Panama City,0.03263694730755921
42809,Mr Jetman,0.10847595242353994
42809,Two B Tanned,0.2673214404235099
42809,Hey Crackers,0.11643722198600708
42809,Mr Heinz,0.009452648423836765
42810,Toronto Raptor,0.06329860654340347
42810,Ballsbridge,0.10349470315502904
42810,Bizarre Law,0.1267342146686814
42810,Hostelry,0.17541797815185967
42810,Alfie Boy,0.06207129679976603
42810,Greenlightforgo,0.060079123733431966
42810,Light Up Our Stars,0.047997455294555104
42810,Balqaa,0.07777560289448208
42810,Calcutta Dream,0.1742020723545889
42810,Likeashadow,0.06643769932374512
42810,Haaf A Diamond,0.04249124708045721
42811,Mister Daydream,0.24168562972402316
42811,Kaaress,0.09910714068740106
42811,Right Now,0.2956844749259647
42811,Freddy Robinson,0.09410591849276806
42811,Bay Dream Believer,0.19088865348414252
42811,Sisterandbrother,0.07852818268570028
42812,Tomarlo,0.28465908449517
42812,Widely Acclaimed,0.18237556331244123
42812,Sarahmae,0.1353511798445301
42812,Raising The Flag,0.2145947412533313
42812,Steel Magnolia,0.09421799062524734
42812,Harlem Playgirl,0.0888014404692802
42813,French Haven,0.13413369548088622
42813,Blue Tempus,0.06788250085585303
42813,Arie Gordye,0.06168997178702042
42813,Salaria,0.08544675595823273
42813,Staffordshire,0.23484265414855982
42813,Kimeko Glory,0.09085205288224077
42813,Darla's Secret,0.06473466691032093
42813,Grizzieblanca,0.14377631224925777
42813,Wayward Daughter,0.11664138972762832
42814,Dancing Bay,0.06796108759879957
42814,Esque Elegance,0.01487221542336842
42814,Whats New,0.06590089162109714
42814,Onemoredance,0.10233198623182621
42814,Cala Bonita,0.04785326638972671
42814,Highway Sixty One,0.15889086642636535
42814,Movin And Groovin,0.09529787093536989
42814,Letters Of Love,0.0947152158752909
42814,Roaming Eyes,0.0960594286559211
42814,Coulstys Way,0.11817802522972765
42814,Vovatia,0.055877367613427036
42814,The Black Stuff,0.0820617779990802
42815,Future Cutlet,0.024519818455571125
42815,Rogue Soldier,0.1043427438945667
42815,Flag Of St George,0.18706790611625063
42815,G'Daay,0.11314808582706547
42815,Secret Strength,0.08091365417018848
42815,Vinatera,0.13071611286819937
42815,Chifa,0.08864912412145366
42815,Rich Rhythm,0.06830086888669613
42815,Nammos,0.2023416856600085
42816,O'Reilly,0.11584239462118545
42816,Solomon,0.02366566376634846
42816,Mo Ghille Mar,0.05084489746223906
42816,Ceallach,0.06410867551197572
42816,Cheeky Wink,0.1564338104773671
42816,Cloud Seeker,0.06961981589263185
42816,Acotango,0.05642057924888959
42816,Catena Zapata,0.036575102825905
42816,The Names Jock,0.025933680525174842
42816,Rock Of Ireland,0.06704396155825171
42816,The Banger Doyle,0.17877041672902325
42816,Robbies Rock,0.07701141746547319
42816,Sir Callisto,0.04214391692865482
42816,Ard Na Mara,0.009513798337191822
42816,Calzaghi,0.026071868649688225
42817,South Kensington,0.017512692666980453
42817,Overlooked,0.054023295187016186
42817,Mashaan,0.03923685180553931
42817,Mitigator,0.015536855272705067
42817,Shot Of Love,0.0500783669654646
42817,Thomas Equinas,0.06787162178312252
42817,Stacey Racey,0.20092116452058423
42817,Fat Gladiator,0.05591321820562799
42817,Scarlet Lady,0.22851107159645975
42817,Dashing Donkey,0.23057433051795287
42817,Kessaar Power,0.03982053147854683
42818,Elvington,0.055495532117447
42818,Merry Minister,0.1156842125132141
42818,Smokey Malone,0.14094353361859652
42818,National Health,0.12663762953499083
42818,Forglen,0.28229891326066203
42818,Unification,0.03532805408456912
42818,Yakhabar,0.1311250146670314
42818,Trackman,0.112487110203489
42819,Castellina,0.15349624782230675
42819,Woodhay Whisper,0.15859020488901582
42819,Duffus Castle,0.16310709402738555
42819,Hala Joza,0.04601888699384264
42819,Sarabi,0.06593485702839028
42819,Top Biller,0.0947827811569159
42819,Metamora,0.11297186175763083
42819,She's A Dark Horse,0.0764031774678986
42819,My Boy Harry,0.12869488885661357
42820,Ninth Life,0.10330923154063407
42820,Crystal Mariner,0.07384634039729293
42820,Saturn Five,0.12432708830268985
42820,Dr Waksman,0.0070250480572034615
42820,Fox Avatar,0.09898731986792642
42820,Cavalry Call,0.24130429891898297
42820,Caelan,0.13040227139059482
42820,Always A Star,0.2207984015246755
44243,The Bobster,0.1745615114710423
44243,Zousca,0.2169717008061483
44243,Fifty Sent,0.05813147134717562
44243,Eva Rosie,0.09998503025833015
44243,Stand Free,0.13971162628275546
44243,Visitant,0.2192483148591131
44243,Our Noble Lord,0.0380817269171495
44243,Wath Court,0.017160780597459315
44243,The Muffin Man,0.03614783746082628
44244,Pysanka,0.18345932663832357
44244,Sisterandbrother,0.04813624127641426
44244,Incan Empire,0.10211171643659263
44244,Cerulean Summer,0.25605201800122485
44244,Prince Ali,0.13960639729138366
44244,Mr Nugget,0.12894719070376406
44244,Harry The Haggler,0.07256625807188591
44244,Send In The Clouds,0.06912085158041108
44245,Emperor's Son,0.13100385195925296
44245,Monks Dream,0.027912330921869954
44245,Paddy's Day,0.06427684664723707
44245,El Bufalo,0.26633583676989553
44245,Our Absent Friends,0.030126052541176646
44245,Above,0.09315595110568517
44245,Winter Crown,0.04298892238185
44245,Princess Karine,0.06675046135076033
44245,Water Of Leith,0.13565749963744494
44245,Brian The Snail,0.14179224668482746
44246,Tasmanian Legend,0.20526635088283837
44246,Union Island,0.18221952665750826
44246,Bella Veneta,0.2603433683627838
44246,Douglas Dc,0.13833712815628543
44246,Meet Me In Meraki,0.14756440650351224
44246,Juan Solo,0.007026402987463036
44246,Mostly Mozart,0.059242816449608875
44247,Brewing,0.3663087873096861
44247,Society Man,0.1981780118390063
44247,Tropez Power,0.05322646572644053
44247,Empirestateofmind,0.050956732890627715
44247,Zip,0.21069021215186653
44247,Daring Legend,0.046591586943748244
44247,Enola Grey,0.07404820313862456
44248,Equilateral,0.1872404252899081
44248,Kylian,0.28557201705883356
44248,Bedford Flyer,0.21265543478274818
44248,Michaela's Boy,0.23864402652315445
44248,Brooklyn Nine Nine,0.07588809634535568
44249,Ravensbourne,0.17681804220700614
44249,Impeach,0.23928884274088028
44249,Concert Boy,0.03366845657892864
44249,Just Typical,0.13554588238841722
44249,Northern Cracksman,0.39083114077923914
44249,Masham Moor,0.023847635305528553
44250,Giant,0.15777879661364042
44250,Billy Mill,0.16881682333126768
44250,Aljari,0.03683636370860704
44250,Riot,0.09088267779687746
44250,Follow Your Heart,0.10112344090531904
44250,Lessay,0.06776219274930555
44250,Thapa Vc,0.05097197487933318
44250,Revolutionise,0.02595070804791735
44250,He's A Gentleman,0.11031780245281012
44250,Starshiba,0.18955921951492236
44251,Parisiac,0.05178474046428675
44251,Mesaafi,0.11880565502221903
44251,Northcliff,0.03524684281921812
44251,Havana Sky,0.13637246902832803
44251,Dicko The Legend,0.10879741124483507
44251,Emily Post,0.0686917119626936
44251,Moyola,0.03247213962815889
44251,Tomorrow Day,0.281902556840456
44251,Bazball,0.07721579833825125
44251,Rory,0.08871067465155329
44252,Repertoire,0.22479176610947324
44252,Harlem Nights,0.07462425572444324
44252,Saturnalia,0.07938231024873534
44252,Calanthe,0.1534613054099289
44252,Straight A,0.16535734426005672
44252,Visibility,0.06747396036505088
44252,Outrace,0.07059845745287828
44252,Distinction,0.16431060042943346
44253,Kracking,0.1026238864503386
44253,African Spirit,0.10201115788859812
44253,Onslow Gardens,0.05588189041482373
44253,Timetobenice,0.1344483158434954
44253,Ciotog,0.2642617831302838
44253,Jersey Rocs,0.22049122380448513
44253,Sense Of Worth,0.07908646197238964
44253,Life On The Rocks,0.04119528049558558
44321,Al Baahy,0.09830640179913352
44321,Whiteley Way,0.11281246528548038
44321,My Brother Mike,0.07107082335314283
44321,Khangai,0.30396752174702885
44321,Simply Red,0.03452189655054694
44321,Port Noir,0.14072354721117114
44321,Star Of Jupiter,0.14437787406266528
44321,Mykonos St John,0.04102556564247983
44321,Tancredi,0.0531939043483513
44322,Harlington,0.24465066917623654
44322,Fazen,0.032993903303071954
44322,Pomeriggio,0.043466095964231496
44322,Olympic Quest,0.17118076517427466
44322,Back From Dubai,0.03602228519243079
44322,Opticality,0.008153912791411597
44322,City Escape,0.20163254068839662
44322,Come On John,0.2618998277099464
44323,Arts Of War,0.15132001653542737
44323,Next Trick,0.1749412249518884
44323,Granary Queen,0.16717211141979849
44323,Runaround Sioux,0.2872249854560086
44323,Storm Valley,0.07293944750381882
44323,Lockdown Lass,0.00665128506889891
44323,Beautiful Dawn,0.13975092906415942
44324,Thismydream,0.08654635626230417
44324,Shamardia,0.0896786198856305
44324,Sisters In The Sky,0.04568640039560684
44324,Papa Don't Preach,0.07442700802540417
44324,Eldeyaar,0.04693408684908027
44324,Autumn Angel,0.20554452070535836
44324,Under Curfew,0.1404124897570139
44324,Radiant Angel,0.14562344129128124
44324,Porfin,0.07035789383167618
44324,Timebar,0.04662802556405083
44324,Red Walls,0.04816115743259353
44325,Just Typical,0.2534174531048639
44325,Plumette,0.02313756321285831
44325,Light Up Our Stars,0.024117636821582595
44325,Charlatan,0.1385932738642153
44325,Carey Street,0.10463660839071871
44325,Pessoa,0.16731390741121616
44325,Inexplicable,0.0344860319093763
44325,Alyara,0.09041413725686852
44325,Aspire To Glory,0.1274048425071281
44325,Mr Slicker,0.036478545521172204
44326,Chase The Dollar,0.040252954892048914
44326,Emaculate Soldier,0.10454767833740207
44326,Early Morning Dew,0.04046403032604734
44326,Miss Paloma,0.06052168929688668
44326,Aiming High,0.17337073715268334
44326,Star Time,0.15104871496553665
44326,Sense Of Worth,0.10531517372205934
44326,Upepo,0.14360034271583053
44326,Init Together,0.18087867859150522
44416,Sandret,0.27212896550180515
44416,Rubellite,0.11054087941783
44416,Neddies Boy,0.05889907527208821
44416,Ana Emaraaty,0.276514002775041
44416,Made All,0.21539599443982574
44416,Hijo De La Luna,0.01786118999855338
44416,Victoria Legend,0.04865989259485655
44417,We Still Believe,0.037422854912492025
44417,Skilled Warrior,0.09975627299839702
44417,Life On The Rocks,0.20287985808494538
44417,Calcutta Dream,0.19997377727110757
44417,Violeta,0.20542001587547806
44417,Eva Rosie,0.07416529951860187
44417,Rampant,0.17262763932658723
44417,Mr Coco Bean,0.007754282012390874
44418,Market House,0.1730009201733885
44418,Val Bassett,0.13673228380412203
44418,Alex The Great,0.36663588086280613
44418,Zephlyn,0.04436512939755579
44418,Quercus Robur,0.010936782563041711
44418,Star Of Markinch,0.14621341595442114
44418,Typewritten,0.03762099937910511
44418,On The Bubble,0.08449458786555956
44419,Wyvern,0.2863714920312425
44419,Just Typical,0.07460261525089017
44419,Drakeholes,0.15675305929293354
44419,Concert Boy,0.0179385774057533
44419,Odd Socks Havana,0.10211304613082889
44419,Impeach,0.13998239779795177
44419,Coramento,0.15533635977244206
44419,Barney's Bay,0.06690245231795788
44420,Sun Keeper,0.24975790744519918
44420,Atherstone Beau,0.040472949914601014
44420,Love Rock,0.14201484377221468
44420,Pastoral Way,0.23146386784313475
44420,What What What,0.2511749410052409
44420,Bothy Park,0.04437504085942005
44420,Miss Campanella,0.04074044916018949
44421,Pop Dancer,0.21326921919880004
44421,Sixcor,0.10993359670905378
44421,Dash Gordon,0.03587023239769681
44421,Midnightattheoasis,0.1228758179837752
44421,Sir Benedict,0.04350899224404386
44421,Henery Hawk,0.13796767185399147
44421,Phoenix Star,0.12417834630677635
44421,Kipp Kelly,0.05941409607957755
44421,Rockley Point,0.008295024914162395
44421,Stallone,0.057045077456323465
44421,Mews House,0.08764192485579901
44422,Saisons D'Or,0.30586987875862237
44422,Cloch Nua,0.10573449756260034
44422,Starlight Stanley,0.09744584715721742
44422,Bomb Squad,0.18813045750977794
44422,Rooska,0.07957739360483924
44422,Aspire To Glory,0.22324192540694265
44606,Zayer,0.04930306509044767
44606,Lightning Bear,0.0672294312075885
44606,End Of Story,0.09255069569795606
44606,Brosay,0.23438860260504948
44606,Redorange,0.09112494108027948
44606,Queen All Star,0.19419277724506304
44606,Ardennes,0.052525304037854624
44606,Captain Kinsella,0.07542981822384749
44606,Star Chorus,0.1432553648119136
44607,Dividend,0.07818451846304915
44607,Seraph Gabriel,0.2485913035312262
44607,The Lost King,0.08483636106651739
44607,Thunder Wonder,0.05766381100563039
44607,San Juanito,0.10970182373630194
44607,Fifth Column,0.1731723650777781
44607,Tilted Kilt,0.17890187736360683
44607,Penfolds Grange,0.06894793975589006
44608,City Landscape,0.08867287520334968
44608,Zarathos,0.12245351921516764
44608,Master Of Zest,0.028644465042951272
44608,Captain Harry,0.18863716597549882
44608,Antiquity,0.07824519137383935
44608,Private Island,0.25686933945263785
44608,Maywedance,0.04096876154476463
44608,Seed Investor,0.07806146461307972
44608,Harswell Ruby,0.03251518991105777
44608,Space Raider,0.08493202766765323
44609,Marmoga,0.09918091133517047
44609,Clipsham La Habana,0.04747302979914413
44609,Gamblers Kitty,0.23693671934553673
44609,Danzart,0.05674386824548421
44609,Travis,0.030982496088674167
44609,Carlton And Co,0.06168107758917919
44609,Ratafia,0.10061784808093796
44609,Spanish Mane,0.12928446292852366
44609,Diligent Henry,0.11496501371780686
44609,Tough At The Top,0.023468180208372116
44609,Create,0.09866639266117037
44610,Migdam,0.038086531891024955
44610,Vierson,0.10647495060155811
44610,Everylittlestep,0.12293062526087076
44610,Summer Snow,0.031276255438877715
44610,Thrifty Of Digby,0.03222693511448772
44610,Secret Magician,0.1672511369613604
44610,Alto Sax,0.06375313991942701
44610,Martinelli,0.07299294017615073
44610,Church Mountain,0.021126486599187894
44610,Starting Monday,0.14672934196470308
44610,Carvalhal,0.12015792781545895
44610,Felicity Smoak,0.07699372825689275
44611,Jersey Rocs,0.07119024273263155
44611,Prefer The Sister,0.082819928500135
44611,King Of York,0.15028909873825644
44611,Perianth,0.13610675430635405
44611,Berkshire Phantom,0.2061785524622004
44611,Beltane,0.11423401533025304
44611,Cloch Nua,0.0939251356483042
44611,My Honey B,0.02893471539765864
44611,Amayretto,0.04804169285939034
44611,Bobby Joe Leg,0.04273162246766498
44611,Brazen Rascal,0.025548241557151394
44612,Chavajod,0.05532868096279679
44612,James Henry,0.10471744007152237
44612,Loingseoir,0.10127235186462592
44612,Escape Act,0.07181376640730947
44612,Free Solo,0.16665873765188383
44612,Nahori,0.05973445595501443
44612,Nezeeh,0.022645085909543873
44612,Relevant Range,0.1289613899419358
44612,Takeachancejimmy,0.13259815866941477
44612,Venetian,0.00862947849078343
44612,Is That Love,0.09888765138458222
44612,Faoladh,0.04875280269058735
44613,Titanium,0.05158727187753156
44613,Evening Blossom,0.09401646689214803
44613,Masoun,0.09874300007908067
44613,Mr Rango,0.057075268464159966
44613,Usuario Amigo,0.15005983531987316
44613,Lord Church,0.10866629677198121
44613,Merisi Diamond,0.03304892128470533
44613,Bill Silvers,0.024749595072609175
44613,Fort Vega,0.11016929247202485
44613,Action Plan,0.02703072248157299
44613,Mercurial,0.0397607872823314
44613,Oriole,0.027700041123874822
44613,Artful Approach,0.041528437081012594
44613,Bucaneer's Spirit,0.024589148715472367
44613,Quatre Bras,0.05309705451671116
44613,On A Session,0.05817786056491071
44614,Sing Us A Song,0.09894576297073598
44614,Perfect Life,0.03144304293061748
44614,Hot Cash,0.08755472958257297
44614,Circus Of Rome,0.08124795305385045
44614,Urban Glimpse,0.07262969498656614
44614,Gunship,0.18298840249313497
44614,Many Men,0.07637620419490035
44614,Patrol,0.11192587651250999
44614,Moon Sniper,0.0816163016074748
44614,Mighty Boy,0.07954267198924626
44614,Eupator,0.03720071942668136
44614,Stormy Monday,0.058528640251708994
44615,Singoura,0.30882771784805596
44615,Honved,0.34262740780140144
44615,Frankies Dream,0.24938508010888386
44615,Florida Dawn,0.04404159320619416
44615,Mecca's Symphony,0.05511820103546471
44616,Pont Neuf,0.09750572465783876
44616,Invincible Crown,0.04013052541719401
44616,Fiorella Princess,0.08285169223633852
44616,Dothan,0.3559934778177558
44616,Blue Lakota,0.2276770723343719
44616,Acrisius,0.049642590315234984
44616,Alondra,0.0844947562869693
44616,Brazilian Belle,0.061704160934296697
44617,Metamorpheus,0.1457809316772095
44617,Out For A Stroll,0.15947877655956236
44617,Nibras Rainbow,0.0407286522308341
44617,Master Garvey,0.13020291834323366
44617,Dynamite Defense,0.037376077161668436
44617,Magic Charm,0.06856537512689279
44617,Mr Mills,0.08404771333641081
44617,Cu Chulainn,0.02813842079339185
44617,Game Phoenix,0.12823159834431586
44617,Slieve Bearnagh,0.07836008062790319
44617,Tyder,0.09908945579857746
46114,National Voice,0.12464845579449077
46114,Ballsgrove Boy,0.11308500712910918
46114,Miakoda,0.21237335944127442
46114,Take The Boat,0.022711494749670193
46114,Mystical Elegance,0.01203027446217813
46114,No Release,0.3237752685579653
46114,Magna,0.08101377008396275
46114,Lily's Symphony,0.009154694089402272
46114,Clipsham Noble,0.10120767569194687
46115,Lady Diesel,0.035210047026271854
46115,Helaali,0.03803109411640804
46115,Rumba Bay,0.14523799204171545
46115,Manton Road,0.08050961812340131
46115,Missile Mac,0.1828140464581402
46115,Freak Encounter,0.22443642579015896
46115,Baileys Value,0.03493296846117868
46115,Arctic Mission,0.12189235415759922
46115,Ballarat Bertie,0.1369354538251264
46116,Tiger Crusade,0.1053671375984507
46116,Batal Dubai,0.0631050427674628
46116,Zero Carbon,0.030857654555065374
46116,Lerwick,0.21148018538542981
46116,Hieronymus,0.04079460608276387
46116,Giant,0.1475384096616987
46116,Follow Your Heart,0.2466587556987787
46116,Billy Mill,0.06354351508711566
46116,Ultramarine,0.09065469316323434
46117,Partisan Hero,0.13341734662685067
46117,Mister Mojito,0.3644144938507283
46117,Swatch,0.07499011220106017
46117,Kaaranah,0.06228408158576886
46117,Jersey Rocs,0.11878757447818139
46117,That's For Sure,0.06930370194739406
46117,Flying Star,0.14154023685027398
46117,Lovely Jubly,0.03526245245974261
46118,Laser Focus,0.09315491030355434
46118,Timetobenice,0.1284705853529455
46118,Top Of The Class,0.20368730596287973
46118,Masterofgreygoose,0.1999753495594954
46118,Got No Dollars,0.12798039553313317
46118,Al Suil Eile,0.12713593293736922
46118,Treasure Bay,0.11959552035062272
46119,Royal Alliance,0.3799219065819991
46119,Tuscan Star,0.37987724489965624
46119,One Horse Town,0.012230155262677731
46119,Magna Gee Gee,0.0736087878602909
46119,Spirit Of Jura,0.06910989607390318
46119,Northwest Passage,0.08525200932147285
46120,Orchestra,0.0680951023658768
46120,Vin Rouge,0.010411951137651063
46120,Currumbin,0.061575654016435145
46120,Further Measure,0.4339532076562428
46120,Alex The Great,0.07044454515915703
46120,The Colorist,0.1465186531230277
46120,Toby Tops,0.06330530208809328
46120,Edna E Mode,0.1456955844535163
46210,McIntosh,0.04686329372854985
46210,Lady Manzor,0.08519076561352525
46210,Noble Guest,0.08650946397795953
46210,Notimeforchitchat,0.16843916586215668
46210,Final Night,0.02090629502985329
46210,Standput,0.1777796110579945
46210,Packetofbiscuits,0.1903957116129017
46210,Bermuda Princess,0.1688105426473239
46210,Psychodrama,0.055105150469735166
46211,Solar Army,0.08407969951425018
46211,Macedonian,0.1205668754955571
46211,Pietro,0.17817652042957716
46211,Queue Dos,0.02752993127536384
46211,This Farh,0.05433745637267355
46211,Sabrimento,0.20761875689327847
46211,Whizz By,0.07473361245645575
46211,Knights Gold,0.09255350194936048
46211,Dios De La Guerra,0.11731642242833933
46211,Jack Andrea,0.043087223185144005
46212,Willem Twee,0.06964247645861857
46212,Mount Athos,0.1999476722788819
46212,Roi De France,0.1275797577392864
46212,Golden Mind,0.028418497603605503
46212,Popmaster,0.19300063232499048
46212,Nikovo,0.05974529198739005
46212,Heathcliff,0.07633838095902817
46212,Local Hero,0.13426930121792444
46212,King's Lynn,0.11105798943027435
46213,Best Rate,0.167933096862618
46213,Brindavan,0.09499167696946573
46213,Kameel,0.05049451213377356
46213,Spirit Lead Me,0.15615374398979762
46213,Sweet Fantastic,0.21184435543301103
46213,Invited,0.16988692017367418
46213,Berkshire Smudge,0.14869569443765976
46214,Port Erin,0.03242349768916159
46214,Collusion,0.11225316755644167
46214,First Company,0.23190294879604573
46214,Kodi Red,0.05330619888573609
46214,Four Adaay,0.07857651535315542
46214,Arlecchino's Gift,0.07351485209379108
46214,Ten Club,0.06593605524436506
46214,Harry Brown,0.12407336269909643
46214,Rusheen Boy,0.08397870307221846
46214,Sonmarg,0.09221031502952251
46214,El Hibri,0.05182438358046596
46215,Golden Flame,0.05377261257152823
46215,Legacy Power,0.4530560667944071
46215,Grey Fox,0.2856109701148858
46215,Naasma,0.06696224110996048
46215,Donald Llewellyn,0.04662980202169871
46215,Doublethetrouble,0.09396830738751971
46398,Twotolose,0.07351992665721481
46398,Catherine Chroi,0.00709306776023491
46398,Mary Shoelaces,0.034629266800680146
46398,Verified,0.14346335364815693
46398,Tawaazon,0.020976802194904637
46398,Aurora Nova,0.011454037418066085
46398,Inishmot Prince,0.03417065089374538
46398,Velvet Skies,0.014955369049538567
46398,Platino Bianco,0.01804093763142553
46398,Hero Of The Hour,0.03129176476501051
46398,Distillate,0.04903515616157324
46398,La La Lucrative,0.03764112034705502
46398,She's Smart,0.04865797042559398
46398,Green Valentine,0.043091466617099165
46398,My Girl Sioux,0.08597807373923556
46398,An Laochmor,0.07954105646074888
46398,Beano Power,0.05308236498956548
46398,Step Back In Time,0.0408621051663251
46398,Shoebox King,0.057335973218698086
46398,Prada's World,0.11517953605512796
46399,Individualism,0.05019177340558233
46399,Into Battle,0.27860570492568887
46399,Pol Roger,0.049072610387401044
46399,Woodstock City,0.07363612579150743
46399,Whathappensinvegas,0.07050774585758235
46399,Yokohama,0.05849165873026243
46399,Salamanca City,0.26445613978917354
46399,Perseus Way,0.06846739013431208
46399,Elemental Eye,0.08657085097849002
46400,Commanche Falls,0.05073599295572615
46400,Strike Red,0.028121896802452792
46400,Sergeant Wilko,0.1324177291278829
46400,Germanic,0.05094294217399496
46400,Fivethousandtoone,0.1545873885030445
46400,Completely Random,0.05945838748349119
46400,Billyjoh,0.02899062286658348
46400,Akkadian Thunder,0.09404372318797093
46400,Trilby,0.11854918382910799
46400,Havana Pusey,0.18921497175145233
46400,Rousing Encore,0.09293716131829276
46401,English Oak,0.13426505269066424
46401,Ramazan,0.02427373427428347
46401,Cerulean Bay,0.18391260612611995
46401,Rhoscolyn,0.10334581566057408
46401,Yorkshire,0.14097155173480772
46401,Blue For You,0.1382641423562628
46401,Skukuza,0.07297666557947163
46401,Divine Libra,0.032233990806269985
46401,Gorak,0.02365999247079806
46401,Myal,0.1460964483007481
46402,Myna,0.17079848963679992
46402,Sceptic,0.16906469249928452
46402,Green Power,0.10151346689038972
46402,Little Tiger,0.13954102108154154
46402,Guendolen,0.08601026316917293
46402,Muhib,0.012010998146470362
46402,Magna Vega,0.015714269842930884
46402,Douglas Dc,0.17914700863657676
46402,Star Of Jupiter,0.03667493976751825
46402,Temur Khan,0.08952485032931516
46403,Night Breeze,0.09918335678313885
46403,Hamlet's Night,0.1536815039964689
46403,Azahara Palace,0.23465406341898662
46403,Afloat,0.11741969557442883
46403,Dayzee,0.24455250507412285
46403,Roland Garros,0.0876500804673285
46403,Giselles Defence,0.06285879468552535
46404,Knights Gold,0.08500026825992721
46404,Cardinal Point,0.05015966992209426
46404,Juba,0.10614386461206607
46404,Ornately,0.2402757079371163
46404,Coeur Jaune,0.04666760509384323
46404,Standput,0.04287304380432404
46404,Blewburton,0.09559248312116653
46404,Tolerance,0.14684595685899632
46404,Penelope Valentine,0.11216811834307078
46404,Rokuni,0.007022744687875599
46404,Sofian,0.027966473046929993
46404,Hush Puppy,0.03928406431258964
46405,Wichahpi,0.08529765317506087
46405,Annie Edson Taylor,0.04560978876503147
46405,Arnaz,0.14294310718362843
46405,Muscika,0.11240889252298057
46405,Ziggy's Queen,0.019979534767991608
46405,Parisiac,0.029279147929999496
46405,Roaring Ralph,0.048364128731029465
46405,Back Before Dark,0.053641812975178574
46405,Asinara,0.050009416298529244
46405,Roundhay Park,0.01919276352325395
46405,Belsito,0.06197138001725642
46405,Sioux Warrior,0.03525946408311534
46405,Bear Rock,0.016527194263590297
46405,Vaunted,0.039964026287021476
46405,Call Time,0.09896651903205457
46405,Papa Cocktail,0.07083319324555526
46405,Safari Dream,0.069751977198723
46406,Ziggy's Condor,0.06005443705220637
46406,Invincible Speed,0.04697906872507313
46406,Twilight Romance,0.05407946116708659
46406,Dashing Dick,0.1778245631213088
46406,Sondad,0.09119645840880856
46406,Justcallmepete,0.23603370973004714
46406,Mart,0.12231348608614748
46406,Havana Rum,0.03633777948949888
46406,Momaer,0.042360642628530475
46406,Bay Breeze,0.1328203935912926
46407,Maelstrom,0.25524290563642593
46407,Lord Capulet,0.05612709289909222
46407,Amor Cordis,0.05686830628994484
46407,Laurens Dream,0.028531630728108055
46407,Gesundheit,0.07750695934406664
46407,Boyne Lady,0.021100187580186117
46407,Power Of Twins,0.033100122398179666
46407,Fear And Fast,0.0444513158225914
46407,Vault Of Heaven,0.14944865683596367
46407,Bust A Moon,0.0713133284370533
46407,Summer Rain,0.11044438454253755
46407,Rose Of New Jersey,0.09586510948585054
46408,Mariner,0.1306372475348668
46408,King Of Speed,0.14519360592440567
46408,Berkshire Phantom,0.21513100952505596
46408,Braes Of Doune,0.2420993140929195
46408,Born A Rebel,0.05176414600363941
46408,Artificer,0.08416064033144358
46408,Embarked,0.13101403658766908
46409,Newyorkstateofmind,0.04514905692295549
46409,Ideal Guest,0.11756136815846745
46409,King Of The Jungle,0.08691673048598159
46409,Raft Up,0.1947421025536033
46409,Waistcoat,0.10257966614530412
46409,Grand Citadel,0.26225849110430666
46409,Starsong,0.02714449421246264
46409,Pembrokeshire,0.029339087915239703
46409,Shark Two One,0.04468129414412383
46409,Magic Fluke,0.06380865332073654
46409,Tilsworth Silver,0.025819055036818875
46410,North Winterfell,0.003937787580167844
46410,Abbey Actress,0.060352465611352504
46410,Barrogstown Girl,0.1691553980965928
46410,Bringsty,0.15332355627448585
46410,Thatwilldoso,0.0415912730391733
46410,The Real Screamer,0.09527690949036244
46410,Victor's Choice,0.018146495083257805
46410,Duke Of Leggagh,0.006652330849752335
46410,Dont Do Dramas,0.005148447692560568
46410,Gotta Catch'em All,0.03320571314873875
46410,Goldsmith,0.07759416769514353
46410,Cordouan,0.11271514916400918
46410,Doctor Grace,0.05066053949594923
46410,Barretstown,0.0632713827760254
46410,Fleetfootsoldier,0.016464009544101328
46410,Flier,0.01794498442066187
46410,Miss Australie,0.026510348040841545
46410,Picpoul,0.02172351176962337
46410,Harseva,0.02632553022720026
46411,Forza Orta,0.14826320780412483
46411,Artisan Dancer,0.07159470191204505
46411,Zimmerman,0.10817040998067257
46411,Surrey Belle,0.13015908241310456
46411,Little Peter,0.38838446305383634
46411,Diamand De Vindecy,0.15342813483621676
46412,Pearly Squirrel,0.08644959958662887
46412,Tarlac,0.021087176637559754
46412,Atomic Mass,0.02570834129191378
46412,Francis Drake,0.15455749586995515
46412,Eighteen Fourteen,0.027226897926313085
46412,Queen Of Good News,0.0237596290430247
46412,Vesperado,0.041557937782557945
46412,Sherlock,0.1286555556902112
46412,Yehudi,0.07357639852743489
46412,Bantz,0.12254271317933192
46412,Dovey Moon,0.12616779224023503
46412,Miss Cast,0.020046039736406403
46412,Miakoda,0.14866442248842734
46413,Tremolo,0.08516489570305193
46413,Sex On Fire,0.0843304262143921
46413,Imperial Trooper,0.1012720648288703
46413,Royal Alliance,0.0833629711188448
46413,Yabher,0.14965987822259183
46413,Well Enough,0.076564037105023
46413,High On Hope,0.15097458695865662
46413,Urban Sky,0.017509170272305037
46413,Arbitration,0.12053267582962685
46413,Boston Run,0.07677729235467229
46413,Carron,0.053852001391965124
46414,Matt Connor,0.04199772140704682
46414,Black Gem,0.009784521600726924
46414,Miss Gitana,0.05955289123042761
46414,The Truant,0.058856471170357944
46414,Scott Lang,0.050656247109913816
46414,Rockview Consort,0.023120366477688913
46414,Disco Boy,0.06745106366109371
46414,No Big Deal,0.06336326014297029
46414,Plains Indian,0.08891632077371117
46414,Pons Aelius,0.1165178355932969
46414,Club Manager,0.07078146161909991
46414,Desert Friend,0.018117046343777823
46414,Sub Rosa,0.07455263916686009
46414,Forlio,0.06696423691286586
46414,Make Good,0.06296448994555492
46414,Glyde Ranger,0.02071233436524803
46414,Elle Dorado Rock,0.1002996472540423
46414,Tara Power,0.005391445225317054
46415,Touch The Moon,0.05631747699782753
46415,Cabrera,0.26444592971790276
46415,Sam Hawkens,0.273152279230868
46415,Percy Shelley,0.16409615651763748
46415,Knightswood,0.043023564976182746
46415,Dancingwithmyself,0.16499366708147872
46415,Flickering Halo,0.033970925478102744
46416,Yeoman,0.14678373284003687
46416,Touchwood,0.1645333493735014
46416,Zu Run,0.15984320811355546
46416,Sibyl Charm,0.09758802691759565
46416,Rhythmic Acclaim,0.16582649499190005
46416,Eden Storm,0.03958690294087154
46416,Francisco,0.13005915934822754
46416,Autumn Festival,0.09577912547431151
46417,Tees Spirit,0.04417252306080467
46417,Pilgrim,0.07110532902697703
46417,Vintage Clarets,0.25089449359482263
46417,Venture Capital,0.141547635471777
46417,Manila Scouse,0.042120842201196045
46417,Ventura Express,0.32803077152428384
46417,Mondammej,0.12212840512013884
46418,First Folio,0.043733430111437245
46418,It Just Takes Time,0.06764642407937661
46418,Silver Samurai,0.15939625855483341
46418,Dorney Lake,0.20814927929484803
46418,Almarada Prince,0.07082232394468045
46418,Kodi Lion,0.07042047646390796
46418,Flying Fletcher,0.10111369669350259
46418,Count D'Orsay,0.025547767068387857
46418,Smart Vision,0.09476176771994539
46418,Call To Action,0.02592193769613617
46418,Oriental Prince,0.13248663837294436
46419,Urban Sprawl,0.043130066640600886
46419,Pisanello,0.07694543092948027
46419,Good Morning Alex,0.06483023235787566
46419,Drink Dry,0.23601038596170848
46419,Garden Oasis,0.07564004418791699
46419,Mudamer,0.03498694078554544
46419,Stockpyle,0.09010647372215211
46419,Spioradalta,0.07571224785279455
46419,Poet's Dawn,0.028439955732843417
46419,Enthused,0.12265654023030624
46419,Volenti,0.15154168159877598
46420,May Blossom,0.029543560692404384
46420,Sea Emily Run,0.12824123890967165
46420,Raneenn,0.23339837097476201
46420,Mostar Dreams,0.0896856178863427
46420,Beronia,0.06255091567783833
46420,Miss Collada,0.08002623991560098
46420,Galaxy Zoo,0.2696394759474823
46420,Dark Rosa,0.10691457999589772
46421,Ziggy's Ariel,0.08560419165467
46421,Beaujolais Nouveau,0.27712434161310545
46421,Rogue Bullet,0.11983151502698362
46421,Macedonian,0.06082336593551178
46421,Chuti Manika,0.05144727045241688
46421,Sundiata Keita,0.18520059554540358
46421,East Tyrone,0.13026703611685206
46421,Toota,0.08970168365505664
46422,Candy Warhol,0.08105153242343062
46422,Due Date,0.20754989122717887
46422,Mehmo,0.10488987859537309
46422,Vitalline,0.1699526972023788
46422,Supernova Steps,0.06171573460905056
46422,Bankrupt,0.04756405238254047
46422,Araifjan,0.1072982663964822
46422,Black Cab,0.04047214713886842
46422,Rain Cap,0.013794906570294205
46422,May Remain,0.0849237370696476
46422,Snow Boots,0.08078715638475534
46423,Our Absent Friends,0.12383746517839837
46423,Honour Your Dreams,0.04595980359932374
46423,Ancient Times,0.1563005752184711
46423,Betweenthesticks,0.04858648994836918
46423,Dandy Dinmont,0.040358642274696085
46423,Taygar,0.03316705276652017
46423,Toptime,0.1630031338127044
46423,Glendown,0.03782087925951875
46423,Herakles,0.05426055704827038
46423,Gis A Sub,0.03455523585334667
46423,Opal Storm,0.262150165040381
46424,Threatening,0.25101839234020884
46424,Unforgetable Belle,0.19449626233731365
46424,Crest Of Light,0.24889226825244368
46424,Blue Seeker,0.2033803511778506
46424,Boubou,0.07026487456842466
46424,Little Bittern,0.03194785132375857
46425,Tazaman,0.1520427246570135
46425,Man Of Riddles,0.04581602832702213
46425,Razzo Italiano,0.009448224381628715
46425,Sophar Sogood,0.03654576926032455
46425,Courageous Gold,0.14945729174225497
46425,Fine Print,0.39812037224746893
46425,Chef De Troupe,0.00869301666365349
46425,Scylla,0.19987657272063358
46426,Aphrodites Rock,0.0742547823306777
46426,Riyadh Gem,0.16242700520595738
46426,Zizi,0.2955335200229376
46426,Phrygia,0.13869773199843252
46426,Must Believe,0.1477852944540482
46426,Crackalackin,0.08793614392405781
46426,Rory's Gold,0.014451679262324638
46426,Zabeel Rain,0.0789138428015641
47890,Kitaro Kich,0.20997613683440985
47890,Al Suil Eile,0.023700125420466445
47890,King Of Speed,0.13351652345157977
47890,Falcon Nine,0.13925464801165138
47890,Fior Di Bosco,0.08962603780456468
47890,Marioento,0.06792054329196641
47890,My Brother Mike,0.033065525652759144
47890,Light Up Our Stars,0.028978252912484438
47890,I Can't Believe,0.10508434861146485
47890,Pessoa,0.168877858008653
47891,Cuban Grey,0.04641414866603407
47891,Sam's Xpress,0.12840010475034921
47891,Happy Henry,0.029251478059549287
47891,Havana Notion,0.05581455905282509
47891,Livingston Range,0.06626156008732603
47891,My Girl Sioux,0.05156295226105889
47891,Turn Up The Beat,0.17357930537431057
47891,No Speed Limit,0.033287430285086295
47891,Babyface,0.03843037454515077
47891,Nordic Passage,0.03548081755410138
47891,Rattletheonionbag,0.24228548739582845
47891,Clarabell,0.006224181633824132
47891,Magna Beauty,0.09300760033455573
47892,Zandita,0.11065835793968812
47892,Signora Bellissima,0.18622670366010863
47892,Gaiety Musical,0.23338520673557325
47892,Top Of The Class,0.24544887424174003
47892,Celebrating Ethel,0.22428085742288997
47893,Sir Callisto,0.26730298680279607
47893,Gracesolution,0.11473240027888366
47893,Rhythm And Tyne,0.012468362820215613
47893,Koniag,0.19455545309973019
47893,La Tulipe Noire,0.010519895998299882
47893,Vivacious Lady,0.12422826833137854
47893,Someone's Wish,0.09403678430009342
47893,Darkened,0.06055328993868402
47893,Gregorina,0.11385598758913404
47893,Sing A New Song,0.007746570840784591
47894,Galileo Glass,0.17090225749910495
47894,Bossy Parker,0.376220569708052
47894,Till It Shines,0.08232084023883816
47894,Plumette,0.08027341205452775
47894,Alice's Impact,0.11439254455120366
47894,Copper Mountain,0.07527781148197236
47894,Trois Blancs,0.008513090861875532
47894,The Toff,0.0920994736044255
47895,Free Solo,0.062486698418875164
47895,Juyush,0.04231520018463425
47895,Daonethatgotaway,0.3200029533119621
47895,Ivasecret,0.005644206220943147
47895,Eastern Wind,0.08227917996968925
47895,Camachero,0.021933373749333775
47895,Villemacho,0.07529549216379547
47895,Bungle Inthedesert,0.06386015031715979
47895,Harry The Rogue,0.07261489891107949
47895,Master Garvey,0.04218018046087416
47895,Turbo Sprint,0.08601554842517288
47895,Never Thought,0.08346798366526419
47895,Nikki Swango,0.041904134201216435
47896,Ravenglass,0.14256226191731705
47896,Sam's Hope,0.08309754512940808
47896,Big Narstie,0.09500591623710898
47896,Bernie The Bear,0.03963976763527025
47896,Kranjcar,0.2560153586205204
47896,Ajrad,0.252639444954172
47896,Sea The Buckthorn,0.09131412266946
47896,Peachey Carnehan,0.039725582836743316
47897,Iowntheball,0.10618770737994516
47897,Gran Habano,0.04819016414278233
47897,Fortuna Vera,0.23884772306445864
47897,Saint Brandon,0.10668690062086178
47897,Habari,0.07884467894222279
47897,Lost President,0.1333939095206787
47897,Amber Blossom,0.2878489163290507
47898,Royal Musketeer,0.08457897714282858
47898,City Cyclone,0.169439523923476
47898,Angel Of England,0.03602549734911844
47898,Bill Plumb,0.05369933039579557
47898,Jackson Street,0.12353728784422564
47898,Land Lover,0.16759391900182902
47898,Papa Cocktail,0.0997759579333794
47898,Jimmy Knocker,0.007964088407950447
47898,Evocative Spark,0.009228195441935762
47898,Charlie Mason,0.198991367217415
47898,Bibendum,0.04916585534204607
47899,Hawa Jumeirah,0.18554338375001433
47899,Mirabello Bay,0.16923306618289205
47899,Starfighter,0.30707895075026787
47899,Rose Light,0.00859387606913528
47899,Bloodhound,0.23835489622307057
47899,Tancredi,0.05816322687100259
47899,Bramble Jelly,0.03303260015361739
47985,Strategic Fortune,0.06319510821786269
47985,Chantilly Moon,0.057398353851010435
47985,Billy Bathgate,0.05885558362249906
47985,Rubellite,0.09193368813428658
47985,Fiftyshadesaresdev,0.01362802121239536
47985,Hijo De La Luna,0.014238530057603687
47985,Yakhabar,0.1333545088352029
47985,Duchess,0.17075837568987504
47985,Visitant,0.15310379409768912
47985,Wath Court,0.008720284062951505
47985,Cookie Queen,0.05551863407330061
47985,Curious Mrs Fox,0.17929511814532303
47986,Show No Fear,0.2832172997404427
47986,Annandale,0.1684563580449993
47986,Payment Plan,0.10355260327126584
47986,Reel Her In,0.3249779384781802
47986,Man Of Riddles,0.05439399110277623
47986,Zephlyn,0.054389350890221254
47986,Quercus Robur,0.01101245847211438
47987,Royal Pleasure,0.07868167327283926
47987,Mersea,0.03838223441258295
47987,Brian The Snail,0.09661555840407281
47987,Tomorrow Day,0.21653766146237183
47987,Bellagio Man,0.06738678291119271
47987,Too Much,0.10417288599792623
47987,Call Glory,0.018904081902615708
47987,Inanna,0.042886538477823005
47987,Just Ten High,0.18378932351153754
47987,Tickets,0.09971426126815883
47987,Asadjumeirah,0.052928998378879086
47988,Dark Kestrel,0.1798730978068459
47988,Our Absent Friends,0.04039401814677648
47988,Castan,0.10432755881158078
47988,Above,0.09647209271135417
47988,Leodis Dream,0.07218382481813718
47988,General Assembly,0.19158925044829872
47988,Match Play,0.054822335169187934
47988,Maharajas Express,0.06699287812792336
47988,Golden Rainbow,0.07419082349719897
47988,Oriental Prince,0.11915412046269658
47989,Barnaby,0.3159071225520856
47989,Flying Fletcher,0.12550280971459488
47989,William Dewhirst,0.2964956069216988
47989,Longhaired General,0.04983565437133674
47989,King's School,0.06945325694332882
47989,Danielsflyer,0.14280554949695523
47990,Jimmy Knocker,0.13622057380356498
47990,Love Your Work,0.16085650354210848
47990,Bint Havana Gold,0.17529749338560446
47990,H Key Lails,0.08961191954456929
47990,Kitaro Kich,0.060896804778469794
47990,Forever Proud,0.19189121668555334
47990,Willow's Kiss,0.0038798762538047728
47990,The Spotlight Kid,0.06234971093502463
47990,Thomas Equinas,0.04834262349223455
47990,Beveragino,0.07065327757906566
47991,Francisco,0.04657817364978045
47991,Flag Carrier,0.025269340920839326
47991,Jesse Luc,0.010914632562711026
47991,Southbank,0.24093707541663778
47991,Cooperation,0.02843037439777217
47991,Not Just Yet,0.2086854548117607
47991,Zaman Daar,0.1332228165824605
47991,Lion Ring,0.16534173561774482
47991,Poetic Jack,0.1406203960402932
47992,Vitruvian Dawn,0.004921286520531665
47992,Unification,0.03329165966204088
47992,Virtual Hug,0.22527220949645196
47992,Smokey Malone,0.11183378673500907
47992,Foinix,0.171656336097311
47992,Mhajim,0.12449641963944855
47992,Zooks,0.05625151145682395
47992,The Resdev Way,0.08610508636430941
47992,Mapogo,0.006739763785206879
47992,This Time Maybe,0.11993452871544064
47992,Reason To Pass,0.026834578047901885
47992,Rogue Raider,0.03266283347952428
47993,Dream By Day,0.00899103587388562
47993,Forest Gunner,0.15120274058155336
47993,Sir Rodneyredblood,0.054482477795501374
47993,So Obsessed,0.13004751595233002
47993,State Of Madness,0.13311438668032957
47993,Mehmo,0.09015461227032494
47993,War Zone,0.2639594830864177
47993,Sassy Redhead,0.1680477477596575
47994,Elterwater,0.28459422960342246
47994,The Rain King,0.027145957649922545
47994,Absolutely Buzzing,0.05178363399692785
47994,Cloud Free,0.07956745800003723
47994,Birthday Angel,0.02746488365154394
47994,Green Power,0.11036587652293618
47994,Egoiste,0.1906789199340263
47994,Alvesta,0.11837006762771748
47994,Jenson Benson,0.06688005945462315
47994,The Cooleen,0.00701150118027095
47994,Cracking Filly,0.03613741237857207
47995,Longlai,0.0805655271932927
47995,Helm Rock,0.3052895417663674
47995,Tempus,0.056992214465968916
47995,Urban Lion,0.17150205001869387
47995,Court Of Session,0.03855226795583325
47995,High Point,0.0828475010356895
47995,Charming Whisper,0.16180316665176736
47995,Shimmering Spin,0.10244773091238704
48106,Infantry Officer,0.23047054504969366
48106,Jester Queen,0.20083770749516827
48106,Hawkesbury Legend,0.17951955885846219
48106,About Last Night,0.09149541478214185
48106,Baileys Value,0.09219462339671586
48106,Eva's Eyes,0.20548215041781834
48107,Salamanca City,0.28330678142471855
48107,Caramay,0.24620691326586472
48107,Beatrice Shilling,0.15352611002890218
48107,Elterwater,0.22210071604545967
48107,Celebrating Ethel,0.09485947923505475
48108,Cogital,0.025633884105511998
48108,Naomhi,0.10033013157640208
48108,Upepo,0.14743649161242986
48108,It's A Love Thing,0.2869879528560266
48108,Media Mogul,0.1223398762644435
48108,Come On John,0.31727166358518605
48109,Pessoa,0.3174902751354132
48109,Voltaic,0.1497752372984004
48109,Absolutely Not,0.09046695032295675
48109,Port Noir,0.13171171582040847
48109,Annalee Lass,0.13641405599623563
48109,Possible Ambition,0.006436260870357739
48109,Lhebayeb,0.010484997613588983
48109,Blue Jay Way,0.017994637351925535
48109,Haaf A Diamond,0.07797431528033187
48109,Scarfo,0.06125155431038146
48110,Star Legend,0.32581554952874264
48110,Blue Sky Boy,0.058537300213688775
48110,Payment Plan,0.20816699495919286
48110,The Colorist,0.08684182514338962
48110,Duchess,0.3206383301549861
48111,L'immortale,0.10396781479602843
48111,Evoluir,0.03951290955213001
48111,Tactical Control,0.13729930519039024
48111,Ravenglass,0.22505875677532258
48111,Boujee Gold,0.12308102626339118
48111,King Of The Dance,0.06491242540842611
48111,Making A Move,0.07264899524574116
48111,Van Zant,0.10773944899367163
48111,Stoic Syd,0.11923688025461442
48111,Liege,0.006542437520284142
48112,One For Harvey,0.21031682979153232
48112,Off The Bench,0.06237657930665581
48112,Olympic Melody,0.11535421936165693
48112,Watkins,0.10139281788618844
48112,Dark Sorceress,0.12063949868323101
48112,Tiana Rose,0.3020558795587255
48112,Clipsham Noble,0.08786417541201011
48113,Double Mocha,0.10717971165967387
48113,Bust A Moon,0.23809864632044642
48113,Inconspicuous,0.09043981172035008
48113,Cheeky Stanley,0.09851016057013086
48113,Rock Master,0.11338253796229192
48113,Rhodes Royce,0.0677609222140272
48113,She's A Dark Horse,0.11902040942796437
48113,My Boy Harry,0.16560780012511528
48114,Cinque Verde,0.08761008835438687
48114,El Bufalo,0.2316522596829293
48114,Ecclesiastical,0.2299120389951875
48114,Invincible Speed,0.1226156055567235
48114,Dashing Harry,0.03328923226005566
48114,Bang On The Bell,0.08098893909350156
48114,Catch Cunningham,0.10445421662374012
48114,Reigning Profit,0.10947761943347549
48115,Secret Handsheikh,0.16753611809234362
48115,General Assembly,0.24529505045529168
48115,Leodis Dream,0.06451193987792335
48115,Diamond Dreamer,0.04201541681796389
48115,Angle Land,0.0763215827654466
48115,Birkenhead,0.05478298300305358
48115,Merrimack,0.16987173022375643
48115,Dark Side Prince,0.12112159934433711
48115,Alafdhal,0.058543579419883904
48116,Kracking,0.204956739231216
48116,Stella Hogan,0.0705399832306009
48116,Once Adaay,0.21523825933693763
48116,Francisco,0.06916391676910935
48116,Kondratiev Wave,0.1778313572109367
48116,Got No Dollars,0.13309788042469084
48116,Just Rita,0.027633468495171624
48116,Flag Carrier,0.02977387769504213
48116,Thomas Equinas,0.07176451760629478
48117,Gunlock,0.042943058402943934
48117,Billy Mill,0.10644267588884791
48117,Cill Mocheallog,0.028353337900278053
48117,Lady Flora,0.06355941729616346
48117,Kitaro Kich,0.06432617830446878
48117,Where's Freddy,0.17767381717284886
48117,Charming Whisper,0.11899028861958451
48117,Benacre,0.1381994798499157
48117,Court Of Session,0.01926971448362863
48117,A Major Payne,0.06670328884894153
48117,Flag Of St George,0.13662230947670922
48117,Swiss Ace,0.03691643375566963
48118,Lightening Mann,0.13555620890526782
48118,Lady Chartwell,0.12922468792072506
48118,Jiff's Army,0.15429352204763566
48118,Ruling Master,0.1009972547067979
48118,Must Believe,0.13622786865424052
48118,Lady Mariko,0.08549243119497121
48118,Hibernate,0.10328376343762288
48118,Glenridding,0.13188329128370718
48118,Bellator Bullet,0.023040971849031693
48314,Questionable,0.07052949669872405
48314,Beatrice Shilling,0.10950011278816307
48314,Anjo Bonita,0.13759911677963016
48314,Princess Niyla,0.03834132256922573
48314,Shifter,0.17087083554770466
48314,Bintabuha,0.0591083488180415
48314,Cymbidium,0.22144063125928234
48314,Rock Camelot,0.04980147121103077
48314,Coma Cluster,0.14280866432819767
48315,Brunel Nation,0.051845047943104405
48315,Way To Dubai,0.0137231772027884
48315,Feel The Need,0.020268672039152308
48315,Jimmy Speaking,0.053160318002444425
48315,How Impressive,0.07145010980070407
48315,Quandary,0.08265055693110991
48315,Vince Le Prince,0.05556691077812457
48315,Giorgio M,0.12246113676042475
48315,King Of Ithaca,0.14153671470737342
48315,Chola Empire,0.05530507721966456
48315,Arctic Dawn,0.12581503692838175
48315,Drifts Away,0.14228404051349464
48315,Ten Commitments,0.008358529326219348
48315,Callianassa,0.055574671847013396
48316,Candonomore,0.06437968194058484
48316,Soames Forsyte,0.10983150213487647
48316,Power Of Gold,0.08130676865767307
48316,Commander Of Life,0.07557117513902548
48316,Stratocracy,0.11138496830960558
48316,Paris Lights,0.10032120176388898
48316,Cosmos Raj,0.1636849008965075
48316,Jesmond Dawn,0.14300200764972365
48316,Jazz Scene,0.08784988862013118
48316,Oberon Hill,0.06266790488798317
48317,Tourist,0.14484798460943268
48317,Lil Guff,0.1703233442427086
48317,Ziggy's Missile,0.14640040958729297
48317,Sevensees,0.022755933067538654
48317,Monks Dream,0.07261050620926428
48317,Muker,0.021092885860523495
48317,Sugar Hill Babe,0.08518863963895576
48317,Spirit Of Applause,0.06092747014994722
48317,Tan Rapido,0.04255070529949979
48317,True Promise,0.0774755978840167
48317,Minnie Wildes,0.04846259066870867
48317,Alligator Alley,0.04952506323911493
48317,Illusionist,0.0578388695429962
48318,Mereside Diva,0.21407366813546047
48318,D Flawless,0.13488073326095018
48318,Profit Refused,0.13388754153479332
48318,Del Ray,0.10341409959057567
48318,Actin Like A Diva,0.051856862381822404
48318,Bowerchalke,0.04791925676824916
48318,Never Let Go,0.04270583807913841
48318,Who Wants Me,0.051251682000677846
48318,Manila Thriller,0.09016971704934054
48318,Diamont Katie,0.07439645416264648
48318,Sands Of Indi,0.05544414703634559
48319,Crystal Flyer,0.11731597190175858
48319,Overture,0.15123225457447687
48319,Pique',0.08710758728284354
48319,Russian Crescendo,0.15692725693221501
48319,Lady La Fay,0.12269257248910906
48319,Loving Look,0.058974434079356534
48319,Pretending,0.18750136767209252
48319,Orchard Keeper,0.11824855506814777
48320,Milbanke,0.10492323867139355
48320,Northcliff,0.0510101591744195
48320,Jojo Rabbit,0.1860064436153311
48320,Dark Kestrel,0.075956533046961
48320,Yazaman,0.19247064079564066
48320,Willolarupi,0.04666535177673058
48320,Glory Hyde,0.05391744780869149
48320,Cuban Storm,0.079217099067469
48320,Hail Sezer,0.03810342018660774
48320,First Company,0.1717296658567552
48321,Morrophore,0.16010118840276574
48321,My Margie,0.10061638733276675
48321,Coppull Hall Lane,0.1744393489011617
48321,Lunar Eclipse,0.1417331963428525
48321,Gaiety Musical,0.05575452232316075
48321,Waardah,0.055239563473346534
48321,The Terminus,0.1588060992705452
48321,Bintjeddah,0.15330969395340072
48322,Respiro Solitario,0.09766349926796274
48322,Golden Harmony,0.023667792319352805
48322,West Kirby,0.07539892673770372
48322,Mavetheforcebewivu,0.04646202485532596
48322,Helaali,0.07845631504075563
48322,Transfuse,0.10105894339609979
48322,Penn Avenue,0.04461879450559744
48322,Pretty Spirited,0.15555888312362207
48322,Magic Topissima,0.1637589239377442
48322,Heartened,0.059567220571468876
48322,Cuda Been A Rowlex,0.07476767924605297
48322,Zappata,0.07902099699831391
48323,Northbound,0.15514012709927194
48323,B Associates,0.12204783634787994
48323,Harry Magnus,0.043113579918122674
48323,Queens Road Revue,0.06505332416289299
48323,Bibendum,0.059578297555429094
48323,Going Underground,0.27560494989676665
48323,Martin's Brig,0.1870749968140187
48323,Curious Mrs Fox,0.09238688820561801
48324,Handcuffed,0.050576999857343145
48324,Mythical Composer,0.06630708488980998
48324,Don Pacifico,0.09085692444744548
48324,Mr Fantastic,0.06845033817597385
48324,Hammer The Hammer,0.11373799636061553
48324,Naana's Diamond,0.04405040128129147
48324,Wheels Of Fire,0.03451908862813324
48324,Noble Victory,0.1248833325080764
48324,Bonnie's Boy,0.025557558785863434
48324,Mr Cool,0.12734820563177807
48324,Fan Mail,0.07469916043485479
48324,Scatter Penny,0.06251598418673669
48324,Invitorio,0.11649692481207792
48325,Sophia's Starlight,0.07878209656570402
48325,The Bell Conductor,0.02987718142726316
48325,Dutch Kingdom,0.0526099304138114
48325,Bosh,0.02691869393488137
48325,Badri,0.02722513377888352
48325,Bergerac,0.1162700585112191
48325,Westmorian,0.12400233682299798
48325,Prince Of Pillo,0.024301725698965004
48325,Drama,0.1367541179831464
48325,Many A Star,0.08922780933775665
48325,Rohaan,0.08750989999464379
48325,Northern Spirit,0.12119692499139277
48325,Valentine Catcher,0.0853240905393349
48326,Kyle Of Lochalsh,0.0722537000171412
48326,Postileo,0.029431503392563372
48326,Duke Of Oxford,0.05981749763024541
48326,Charging Thunder,0.1218564732989568
48326,Manxman,0.17195570834507054
48326,Heathen,0.09290369371238369
48326,Wahraan,0.09230236030250692
48326,Blazeon Five,0.10870913992912187
48326,Caballo De Mar,0.18083158331960592
48326,Gibside,0.06993834005240433
49753,Lord Normandy,0.05601412438325337
49753,Lia Rose,0.1276772692963634
49753,Yeoman,0.2864255155828903
49753,Partisan Hero,0.07289862011491897
49753,Bearaway,0.17439003099726796
49753,Sant Alessio,0.10565124792550289
49753,Educate,0.02835966822344167
49753,English Spirit,0.09970151870947982
49753,Covert Legend,0.04888200476688154
49754,Pjanoo,0.14944445476950577
49754,Tempus,0.10025278760547644
49754,Destructive,0.13027516763776378
49754,Fast Society,0.07765150407796977
49754,Narmar,0.1271372170257435
49754,Invincible Aura,0.1452773007802738
49754,Encourageable,0.03187923477149218
49754,Road To Wembley,0.18423067043546223
49754,Quiet Resolve,0.053851662896312706
49755,This Farh,0.04860083205361445
49755,Rokuni,0.17537644492937368
49755,Lovesick,0.13422016793420496
49755,Blue Secret,0.19386094762488132
49755,Thurso,0.11664573274986015
49755,Standput,0.026695826306637443
49755,Bad Habits,0.12999199646046533
49755,Marvelously,0.08991410890802043
49755,Eva Dickson,0.08469394303294217
49756,Packetofbiscuits,0.19580945616624335
49756,Blue Seeker,0.2962868826278744
49756,Panama Black,0.19194546883470745
49756,Blue Empress,0.09420040423272516
49756,Kildonan,0.06302702743915367
49756,Jane Garfield,0.004849957715899183
49756,McKenna,0.1538808029833967
49757,Alafdhal,0.08839377733572619
49757,Galel,0.044981678975175174
49757,Smasher,0.09449126653258437
49757,King's Gem,0.07333757584695731
49757,Radiant Angel,0.15039512001216404
49757,Collusion,0.18725666310881633
49757,Cuan,0.06909542817813916
49757,State Of Madness,0.18384597940352684
49757,Rogue Thunder,0.056447819547725105
49757,Red Walls,0.051754691059185454
49758,Arenas Del Tiempo,0.02949984356390863
49758,Disclosure,0.14289036683924067
49758,Racing Vicar,0.060592650041772486
49758,Cryptos Dream,0.147317147550654
49758,Mykonos St John,0.03717260344111886
49758,Init Together,0.19220571316314713
49758,I Can't Believe,0.21993989359866606
49758,City Escape,0.17038178180149224
49826,Bearaway,0.1402170536237784
49826,Obsidian Knight,0.10708360637455126
49826,Naasma,0.08532527915201821
49826,Solanna,0.13262307198299816
49826,Kingmont,0.060697527531690006
49826,Graffiti,0.07089099867391664
49826,Book Of Life,0.13694215655388953
49826,Meet Me In Meraki,0.09445753686512362
49826,Crafter,0.17176276924203418
49827,Aramis Grey,0.09189112571854184
49827,Romanova,0.09360373241231551
49827,Take A Pull,0.08937280095190483
49827,Rosa Applause,0.12332689347004755
49827,Cinque Verde,0.059184847567956556
49827,Viennoise,0.044102308028981546
49827,Brazilian Rose,0.11452511836192135
49827,Alcazan,0.04033518939321612
49827,Quandary,0.18941490115599827
49827,Liv My Life,0.08857337623990802
49827,Callianassa,0.06566970669920837
49828,Good Banter,0.0722584086703305
49828,Binadham,0.027861190446296556
49828,Majestic Wave,0.1260321880545181
49828,So Darn Hot,0.037302793651722344
49828,Red Evolution,0.062178077301898255
49828,Marchogion,0.16084391288349317
49828,Yes I'm Mali,0.061173609856332634
49828,Carbine Harvester,0.1858864275452545
49828,The Flying Seagull,0.07558441173520779
49828,Cressida Wildes,0.034218009707240794
49828,Motawahij,0.0976861537403591
49828,Coul Angel,0.058974816407346045
49829,Shartash,0.10251576228787489
49829,Emaraaty Ana,0.05949500870166621
49829,Ferrous,0.21505819380959107
49829,Mums Tipple,0.07769878669779968
49829,Prince Of Pillo,0.06744591921594417
49829,Silky Wilkie,0.11129432653948612
49829,Rohaan,0.13494492736653468
49829,The Thames Boatman,0.15334028893859591
49829,Intervention,0.07820678644250738
49830,Roaring Legend,0.09831734656276471
49830,Cool Party,0.09332635124218465
49830,Mr Escobar,0.10026216847215821
49830,Moon Over Miami,0.21121082921718445
49830,Ted Hastings,0.04605093366714319
49830,Red Flyer,0.024429146716254273
49830,The Craftymaster,0.07208310621041356
49830,Golden Flame,0.034517008273041626
49830,Poncho,0.07333401899165026
49830,Givemefive,0.24646909064720518
49831,Cargin Bhui,0.052171262767359936
49831,Ziggy's Condor,0.046436554670969105
49831,Beale Street,0.10414379074776034
49831,Dark Side Thunder,0.09611284012353072
49831,Mumayaz,0.08154306048209149
49831,My Awele,0.13487271237735154
49831,G'Day Mate,0.019634544450066946
49831,Northcliff,0.3528916853346825
49831,Royal Musketeer,0.11219354904618728
49832,Storm Catcher,0.07784958105234513
49832,Charlotte's Web,0.17507495156012956
49832,Penzance,0.06275231282254423
49832,Youthful King,0.019303181964413166
49832,King's Code,0.08556548447526294
49832,Dragon Icon,0.14671081326911198
49832,Genoah,0.03890472268035082
49832,Kind Of Kiss,0.015296906182957846
49832,The Glen Rovers,0.15452631347393955
49832,Royal Approval,0.10115193513493206
49832,Civil Law,0.05271888903504715
49832,Urban Sprawl,0.07014490834896552
49833,Lyle The Crocodile,0.058829837092767956
49833,Sunriseontheboyne,0.05673904176463797
49833,Leblon Girl,0.02798205354073359
49833,Brigid's Cloak,0.18374645507222603
49833,Charanda,0.024002514827221894
49833,Highland Harvey,0.1042613759479853
49833,Beaune,0.021935210161049785
49833,Tam Lin,0.2807918320333536
49833,Madam Zen,0.08922151053019452
49833,Endless Dawn,0.1524901690298293
49834,Dividend,0.1397523585689369
49834,Substitute,0.16675370578473012
49834,Chesneys Charm,0.14605635362721256
49834,San Juanito,0.1943515066981533
49834,City Of God,0.2843420655912519
49834,Jiff's Army,0.06874400972971516
49835,Witch Hunter,0.10183176850130979
49835,I Am Superman,0.04892647986886232
49835,Talis Evolvere,0.13417499711769468
49835,Fantastic Fox,0.1292791965996414
49835,Destructive,0.16273432767603757
49835,Blue Prince,0.0997717529385596
49835,Sterling Knight,0.058371260717159784
49835,Kalamunda,0.10299868457514681
49835,Cynosure,0.16191153200558822
49836,Anvika,0.08233350556904509
49836,Elegant Madame,0.06552528839211635
49836,Shoot To Kill,0.1385010820454932
49836,Volatile Analyst,0.18160909669730166
49836,Clonmacash,0.3414152941221074
49836,El Bello,0.12891497159970694
49836,Catherine Chroi,0.010106426431246438
49836,Solomon Coop,0.0439876429114182
49836,La Tulipe Noire,0.0076066922315646225
49837,Lucky Out,0.24661688707331356
49837,Guy Fawkes,0.08395345434801238
49837,Chola Empire,0.2754110674084157
49837,Soames Forsyte,0.10193988462219185
49837,Onemorenomore,0.2920787065480664
49838,Golden Pharaoh,0.032325232348541684
49838,Cliffcake,0.23315351898439055
49838,King Of Ithaca,0.3123241322923099
49838,Secret Strength,0.08954532161800907
49838,Mereside Madness,0.05481539327971295
49838,Kristal Klear,0.19260197219654912
49838,Bomb Squad,0.08523442928048687
49839,Charlie's Choice,0.3137952359222645
49839,Hitched,0.2965364361344753
49839,Sax Appeal,0.26924828823064123
49839,Ocean Heights,0.010632478522470037
49839,Lexington Knight,0.05703674406781821
49839,Haliphon,0.05275081712233072
49840,Pons Aelius,0.023316521908838626
49840,Nusra,0.20285489988589328
49840,Doctor Grace,0.30913779383077306
49840,Enquire Within,0.06154702200246721
49840,Flier,0.046304158507319414
49840,Lauroline,0.05597181368936486
49840,Omakase,0.014250251900907012
49840,Latin,0.17348605929829253
49840,Bright Start,0.015291845671579122
49840,Spirit Of Paradise,0.06109080694986752
49840,Tara Power,0.017923202022080593
49840,Carslake,0.009075137348058992
49840,Zentopia,0.009750486984557707
49841,Sun Keeper,0.0913275860940502
49841,College Witch,0.00398219859351587
49841,Tiana Rose,0.11132093392473084
49841,Bank On Kent,0.07236924829234057
49841,Love Games,0.14946346421691892
49841,Hype Merchant,0.203745521965491
49841,Due Respect,0.2199081007186225
49841,Martha Costello,0.03189139631516904
49841,Sandinyourshoes,0.10086957065235706
49841,Baby Rover,0.015121979226803908
49926,Piranha Rama,0.07296029699357107
49926,Francis Drake,0.23999342514764166
49926,Summer Of Light,0.060403686697839507
49926,Belabambina,0.0592098456709333
49926,Spoilt,0.014914995762581368
49926,Private Island,0.14241638652271296
49926,Hidden Verse,0.03227848271294496
49926,Risk,0.06355681829723461
49926,Ceira G,0.3142660621945405
49927,Midnightattheoasis,0.11014714662009485
49927,Pop Dancer,0.17508445394617445
49927,Forest Gunner,0.06665829253956129
49927,Rebel Star,0.13066743965938601
49927,Lion Ring,0.21628562642008156
49927,Unavailable,0.1726766341589344
49927,Suanni,0.09231426142142404
49927,Battle Point,0.03616614523434335
49928,Solar Edge,0.20190896467082092
49928,Horus,0.25897226064158196
49928,Commendation,0.3136111525174305
49928,Bow Street,0.05566734137238481
49928,Over Spiced,0.00869193088254954
49928,Natsumi,0.03751268731509858
49928,Kodibeat,0.021134920216029945
49928,Toolatetonegotiate,0.1025007423841037
49929,Popular Dream,0.03265818342058892
49929,Hint Of The Jungle,0.011583178048605355
49929,Havechatma,0.1350565591228206
49929,Nelson Gay,0.08304383380470506
49929,Betweenthesticks,0.08591599314868241
49929,Blue Force,0.06946642844994166
49929,Let's Go Hugo,0.08334247675279233
49929,Classy Clarets,0.041109559671382724
49929,Jeans Maite,0.2563085524477887
49929,Piloto Pardo,0.10864507904874054
49929,Sassy Redhead,0.09287015608395176
49930,Combustion,0.35912987609629443
49930,Silky Robin,0.037104049103917305
49930,Piperstown,0.0867576550954646
49930,Mehmo,0.021682132630007286
49930,Agent Mayfair,0.10224130010279772
49930,Colorada Dancer,0.018994007429825224
49930,Lynwood Lad,0.12947190258947208
49930,Miss Moonshine,0.07129580715398567
49930,Lilkian,0.10344113053383204
49930,Don't Fight It,0.029314221994592417
49930,Barnsnape Boy,0.040567917269811245
49931,Maghlaak,0.07146433855154764
49931,Charging Thunder,0.20926295422126986
49931,Circuit Breaker,0.013592410615631092
49931,Legendary Day,0.17305479634837714
49931,Pergamon,0.15178808061047258
49931,Wonder,0.27261922237207215
49931,The Craftymaster,0.08125701437733418
49931,Further Measure,0.02696118290329535
49932,Diamondonthehill,0.03193744344872875
49932,Batal Dubai,0.22982331907936288
49932,Brasil Power,0.0821109380296603
49932,Lerwick,0.1744419533291117
49932,Rey De La Batalla,0.2551879298326792
49932,Tadreeb,0.07205570811994352
49932,Intervention,0.1008245809552446
49932,My Awele,0.053618127205269026
49933,Macadam's Rock,0.15577666213543598
49933,Hemight,0.08576363473328513
49933,Harriet Eagle,0.21300617092212248
49933,Camachero,0.04887608927941102
49933,Circles,0.04028860102181916
49933,Nikki Swango,0.05822446566864955
49933,Whatswrongnow,0.07193726589538797
49933,Bucky Larson,0.03364284123147799
49933,Manhattan Dandy,0.06571329220823242
49933,Allo Arry,0.0899908317024587
49933,Havana Notion,0.11054207282435073
49933,Blue Wood,0.010092597884897709
49933,Zero Fighter,0.00898834117415457
49933,Feature This,0.007157133318316714
49934,Metamorpheus,0.14646894899586718
49934,Omakase,0.0194539538891473
49934,Slowdownbarney,0.1823313354565705
49934,Tara Power,0.015144503270956787
49934,Billie Frechette,0.1122583468481874
49934,Makaiah,0.12098546048209909
49934,Pegasus Of Harry,0.0389271736960248
49934,Bright Start,0.017366034081604465
49934,Is She Now,0.012382198750298222
49934,Noble Expression,0.04045129415374311
49934,Duke Otto,0.22893738905159394
49934,Uberrima Fides,0.010021405346318497
49934,Knock Flyer,0.0552719559775887
49935,Electric Avenue,0.04881557564628967
49935,Panama City,0.04702033605991901
49935,Waleyfa,0.28260692440252355
49935,That's For Sure,0.32109306091138906
49935,Thats My Boy Luke,0.11374801530794997
49935,Makalu,0.04852292563198676
49935,King Of York,0.04559995254919317
49935,Masham Moor,0.0925932094907487
49936,Timetobenice,0.15577881826677822
49936,Jez Bomb,0.3310371540822248
49936,Vixey,0.15349166138548892
49936,Down To The Kid,0.0784715361215128
49936,Jack Daniel,0.09925772078586217
49936,Tasmanian Legend,0.12481018482132178
49936,Light Up Our Stars,0.05715292453681146
49937,King Sharja,0.10998646540380844
49937,American Star,0.07236110545926457
49937,Global Warning,0.20475410755271028
49937,Thanks Dad,0.03354168308665288
49937,Asadjumeirah,0.08056784522359114
49937,Royal Justice,0.035707387908044196
49937,Embarked,0.03318915321471476
49937,Match Anthem,0.06984825941313899
49937,Fifty Sent,0.2568242321033007
49937,Mr Slicker,0.04673378676826579
49937,Cubanista,0.05648597386650827
49938,Hover On The Wind,0.09326436765032256
49938,Twilight Diamond,0.1167559843379173
49938,Commander Of Life,0.09029530327761481
49938,Dark Side Thunder,0.09867166469420714
49938,Cliffcake,0.17297099479046812
49938,Hierarchy,0.1574255063960052
49938,Kats Bob,0.06819283058757901
49938,One More Dream,0.20242334826588598
49939,Wrecking Ball Paul,0.1396906610978713
49939,Dynamite Defense,0.13861338582638438
49939,Chopsticks,0.014961790749108347
49939,Flier,0.034291369297579234
49939,Gatsby Cap,0.06565319948913516
49939,Our Lucky Lady,0.0065399373457716925
49939,Tyder,0.06100949643603489
49939,Villemacho,0.0786408200713606
49939,Accompanist,0.10512882448867951
49939,Harbanaker,0.09290022576557584
49939,Together Aclaim,0.11341989707986978
49939,Sea Of Beauty,0.12666202397770862
49939,Wonder Spirit,0.02248836837492085
50122,Inanna,0.10325010808645677
50122,Jump The Gun,0.12889830281020442
50122,White Umbrella,0.1618944206561794
50122,Agnes Grey,0.0329278838046844
50122,Ramon Di Loria,0.2680023811044641
50122,Rory,0.10928930969162601
50122,Giselles Izzy,0.09833075395765917
50122,Royal Duke,0.0661530565083385
50122,Bernie The Bear,0.03125378338038726
50123,Doublethetrouble,0.1413355023295938
50123,Easter Icon,0.11296436620938372
50123,Standbackandlook,0.23241690134244355
50123,Turing,0.13390808277903204
50123,The Colorist,0.040681717321599475
50123,Fravanco,0.1420484619602704
50123,Smith,0.19664496805767714
50124,Signcastle City,0.12050543917931077
50124,Navagio,0.03583728726930106
50124,Diamondonthehill,0.07357334369849201
50124,Rey De La Batalla,0.33429548601790565
50124,Society Lion,0.08150887711674976
50124,State Flag,0.22587726137506256
50124,Bell Shot,0.1284023053431782
50125,Youthful King,0.05877644815233761
50125,Kitty Furnival,0.3007588884357133
50125,Rockit Tommy,0.10670787905488018
50125,Sax Appeal,0.11314559091430013
50125,Surrey Fire,0.06222039189709004
50125,Appier,0.2112905159723937
50125,Raintown,0.12898648699880796
50125,Educator,0.018113798574476998
50126,Spirit Of Acklam,0.14889328837662935
50126,Samra Star,0.03145181437677511
50126,Sea Regal,0.168371023015066
50126,Cougar,0.1442136286022998
50126,Cavallo Pazzo,0.07910069654401182
50126,Curran,0.04879465126347569
50126,Can't Stop Now,0.16362802496406367
50126,Chiefman,0.03233254933079361
50126,Sophiesticate,0.08733083544578703
50126,Ayr Poet,0.09588348808109796
50127,Red Mirage,0.04692514383086968
50127,Twilight Diamond,0.13907757286548933
50127,Count Palatine,0.1303903039945664
50127,Beattie Is Back,0.03324913504953148
50127,Freedom Day,0.18860408099509288
50127,Orbital Chime,0.032028110392665995
50127,Starliner,0.04335420466643396
50127,Keep Warm,0.08586702199136502
50127,Yaaser,0.13380209833831566
50127,Iris Dancer,0.023047494771278848
50127,Kode Secret,0.03627191708821607
50127,Our Dagger,0.10738291601617464
50128,Camera Shy,0.0871562723364914
50128,Moostar,0.05981763009995181
50128,Distant Rumble,0.02584888740912451
50128,Pit Boss,0.065203661726506
50128,Style King,0.12378585051758086
50128,Dapper Guest,0.0181538098656551
50128,Sweet Sonata,0.07182175597917152
50128,Forteleza,0.02183163304694528
50128,Sandscreendeliverd,0.05469585599380133
50128,Cupola,0.14193915900792692
50128,Horus,0.05110427046895436
50128,Valsharah,0.1097461714595469
50128,Commendation,0.04051660826600188
50128,Thurso,0.06823255673830254
50128,Step Along,0.06014587708403975
50129,City Of Strangers,0.18962257246749514
50129,Luna A Inbhir Nis,0.027767009049138553
50129,Auntie Jo,0.18091190192957446
50129,Another Bungle,0.1515354270482665
50129,Pastoral Way,0.20350454778759758
50129,Barmyblade,0.04447761127951152
50129,Inertia,0.20218093043841623
50130,General Assembly,0.3345988838003493
50130,Coco Bear,0.13648423720718722
50130,Just Ten High,0.35831648485098017
50130,Libra Tiger,0.026413923780200854
50130,Southbank,0.14418647036128251
50131,Agathon,0.07847404378673382
50131,Glasses Up,0.05181305234962507
50131,Flying Scotsman,0.10745091115270707
50131,Vampire Slayer,0.09980835619815215
50131,Stand Strong,0.16178329613219936
50131,Twoforthegutter,0.18937381439465586
50131,Neddies Boy,0.04259054085421897
50131,Aighear,0.12819988084841455
50131,Crystal Guard,0.13472669097566844
50131,Foshan,0.005779413307624689
50132,King Cabo,0.03034453138990556
50132,Hoornblower,0.1708104525009476
50132,Saturnalia,0.13195664407941946
50132,Calanthe,0.23624079020196095
50132,Darvel,0.1426966838847216
50132,Royal Pleasure,0.020150487831725936
50132,Francesi,0.14999047502760726
50132,Mr Fustic,0.007413520620307372
50132,Union Island,0.11039641446340427
50133,Miracle Beauty,0.10941787793235908
50133,Dmaniac,0.03159735891237665
50133,Gloriously Glam,0.01849419301940549
50133,Ohmyviette,0.03464594242517731
50133,Pickersgill,0.0811433289623165
50133,Island Girl,0.12601877725577385
50133,Billie Be Quick,0.020060767740729665
50133,Elusive Duke,0.010605168844747591
50133,Unique Journey,0.12759950941448212
50133,Asdana,0.0251370393704429
50133,Brigid's Cloak,0.12861792927760096
50133,Rion Rubette,0.05222394680997801
50133,Bluebelardo,0.012544490018980028
50133,Lyra Constellation,0.035792692117746765
50133,Aherla Rock,0.10228181129748291
50133,Paddydaddy,0.03872262930788421
50133,Lisnadill,0.045096537292515934
50134,Faster Bee,0.12335833051839565
50134,Masterofgreygoose,0.1147990968433128
50134,Al Suil Eile,0.04360851103878092
50134,Wyvern,0.06591136593429635
50134,Royal Observatory,0.09811595648453414
50134,King Of The Dance,0.06774079486630424
50134,Mudlahhim,0.026076743693079718
50134,Senseofentitlement,0.00505395075370711
50134,Trusty Scout,0.14742235329756928
50134,Annalee Lass,0.08494673211916252
50134,Change Of Fortune,0.03326250466581158
50134,Mr Trick,0.15398166560846138
50134,Bondi Man,0.03572199417658435
50135,Little Queenie,0.031483673176382794
50135,The Highway Rat,0.07915448724143315
50135,I Am Superman,0.05974882461765035
50135,Stag Night,0.032120323519697264
50135,Four Blondes,0.06835004071418088
50135,Laugh A Minute,0.06427915411752667
50135,Love Billy Boy,0.13313069348678377
50135,Collective Power,0.03576208772956309
50135,Mickey The Steel,0.047642751767608855
50135,Staysound Susie,0.041070621655526336
50135,Verhoyen,0.01638419560001564
50135,Tai Tam Bay,0.033380900871658285
50135,Cuban Grey,0.1820173437054816
50135,Noble Nation,0.15971801170310643
50135,Moltophino,0.01575689009338497
50136,Promethean,0.2567014302612492
50136,He's A Latchico,0.07603755491459896
50136,Xiomara,0.04769977247083446
50136,First Officer,0.14350912614689532
50136,Expert Witness,0.08232754040069112
50136,Robbo,0.06965730969040261
50136,Fast Steps,0.09228700301124054
50136,Morcar,0.09087937540283493
50136,Silver Gunn,0.13105683031130683
50136,Ocean Heights,0.009844057389946004
50137,Freedom Bay,0.09068944951033231
50137,Kilteel,0.12128531463822646
50137,California Fling,0.1379016141424122
50137,Sharon Curly,0.05707248655935515
50137,I Follow Rivers,0.23782353218589122
50137,Hype Merchant,0.043005679783974654
50137,Ardilly Breeze,0.12338993144264024
50137,Tiana Rose,0.1393981566552757
50137,Invincible Storm,0.04943383508189218
50138,Kinetic,0.23350124964448957
50138,Forest Spirit,0.22624225746886317
50138,Queen's Company,0.08673993011950434
50138,Spirit Of The Bay,0.026762665826819267
50138,Dibble Dabble,0.15618662192144586
50138,Cherry Cola,0.20667232054764875
50138,What's She At,0.028120170590953134
50138,Maundy Thursday,0.03577478388027582
50139,Blue Train,0.22270951137974412
50139,Skyelight,0.14595440301328425
50139,Paragon,0.05429890335071245
50139,Arlecchino's Rex,0.09884785374424321
50139,Jack Andrea,0.05509766354871772
50139,Risk,0.052191201771672434
50139,Coiled,0.029863543013675387
50139,Commander Flavius,0.061457002400961136
50139,Herkeios,0.08557265638018711
50139,Tiny Rebel,0.014087153044767478
50139,Mr Ubiquitous,0.08250991301233182
50139,Ceira G,0.06058324542028742
50139,Blackbrook,0.03682694991941551
50140,Tribal Nation,0.1238931546725987
50140,Dignam,0.0626607713039217
50140,Viking Invasion,0.08357542826388456
50140,Wizard Of Odds,0.0630970945999842
50140,Lady O,0.019114941475953596
50140,Mississippi River,0.06213160919248521
50140,Manhattan Chute,0.10824146467926206
50140,Green Icon,0.025909149769300657
50140,Shiota,0.11798179383001839
50140,Spycraft,0.06630961083161618
50140,Scott Key,0.0765504027765281
50140,Sir Jeremy,0.02407341702951205
50140,Bishopton,0.04438573775006849
50140,Sunriseontheboyne,0.013063557813263009
50140,Its All Peachy,0.10901186601160305
50141,Colors Of Freedom,0.23252541821530381
50141,Outer Edge,0.15036751863090986
50141,Elliott,0.05498530895351332
50141,Street Life,0.06346280602579317
50141,War Zone,0.0725102186624635
50141,Henery Hawk,0.04321724370770956
50141,May Remain,0.15805798976244548
50141,Kipp Kelly,0.1825197675897313
50141,Red Walls,0.04235372845212999
50142,Bang On The Bell,0.07952708226312602
50142,Tiger Tulip,0.0276937438724879
50142,Torfrida,0.07905850448573708
50142,Symbol Of Hope,0.04020606428915369
50142,Secret Handsheikh,0.08498013782782295
50142,Harry Brown,0.19877230340072138
50142,Beauzon,0.18958682191257062
50142,Bama Lama,0.07713217050481191
50142,Big Time Rascal,0.12626418720537058
50142,Antiphon,0.0680254841536878
50142,Some Nightmare,0.028753500084509977
50143,Agia,0.03999261402661372
50143,Cherry Pink,0.030194426245051253
50143,Are You In Or Out,0.20033098549971046
50143,Man Is King,0.004177372881396538
50143,Storm Eric,0.06488471168134062
50143,Higher Kingdom,0.026703996232145717
50143,Sneddy Eddie,0.12623151994856965
50143,Share The Treasure,0.07600126149750672
50143,Harry The Rogue,0.0406943160619934
50143,Arthur's Victory,0.003959288336535688
50143,Lady Delila,0.08665161188189253
50143,Prom Queen,0.035388332343786
50143,Roderick,0.08298320599634101
50143,Love Mocha,0.008518125702759274
50143,Zaraahmando,0.041742438728047185
50143,In The Minus,0.0037153633384136965
50143,Swiss Army Officer,0.011151008587279406
50143,Kensington Hope,0.03582569206147434
50143,Second Fiddle,0.07136134556113895
50143,Knockmore Prince,0.00949238338800391
50144,Azure Angel,0.3186972529766143
50144,Al Barez,0.11647288005692683
50144,Nazron,0.20710254287946392
50144,Aberama Gold,0.17196482931699242
50144,Lion's House,0.04362756048926187
50144,Phoenix Beach,0.05393890519497047
50144,Brian The Snail,0.08819602908577016
50145,Tiger Kitten,0.032349834546020126
50145,Aroof,0.21973498351161416
50145,Himself,0.04085882588749089
50145,Crackamour,0.40131037235067535
50145,Battle Stride,0.1343179370167746
50145,Call Me Audrey,0.062047627597720395
50145,Advertorial,0.10938041908970433
51588,Glam De Vega,0.1562454054169938
51588,Eighty Eight,0.28703002293883806
51588,Autocrat,0.1138287135878598
51588,Theophilos,0.0993461752121414
51588,Acheron,0.3211814630974011
51588,Storm Eric,0.02236821974676594
51589,Senado Square,0.04285960957142903
51589,Clonmacash,0.08237772000172089
51589,Pink Oxalis,0.08252673166443755
51589,The Cola Brasil,0.09103898942434674
51589,Ferrari Desert,0.20965873041412203
51589,Still She Blooms,0.011692732746844214
51589,Bucky Larson,0.027830474961033056
51589,Golden Days,0.0491585646683422
51589,Amemri,0.2368304282935558
51589,Blue Wood,0.005688836478673016
51589,Notforalongtime,0.04712140307804791
51589,Danzy Boy,0.029534425391279557
51589,Knockmore Prince,0.05689914189319952
51589,Gimmieminnie,0.026782211412968573
51590,Hightimeyouwon,0.17946136111468106
51590,Exquisite Acclaim,0.2610308930089258
51590,Tarsus,0.03381764990901694
51590,Heart Of Darkness,0.1895247213864002
51590,Anvika,0.08091909543086746
51590,Volatile Analyst,0.16033064714080328
51590,Dynamic Force,0.09491563200930517
51591,Ciotog,0.3522868866784594
51591,Drifts Away,0.2811679507421182
51591,Unreal Connection,0.05435407839524217
51591,Persian Phoenix,0.026805761001124143
51591,Arika,0.18676297811147738
51591,Voltaic,0.035106662488906176
51591,Rising Force,0.06351568258267265
51592,Nezeeh,0.05486288637586977
51592,Sporting Hero,0.10998531617889089
51592,Dream Today,0.07109713947679065
51592,Mint Man,0.05665557191255898
51592,Sarmiento Power,0.04019604743254484
51592,I'm Spartacus,0.08523322693608704
51592,Velvet Skies,0.05773244363274085
51592,Jazzy Dancer,0.06968525407984072
51592,Tommy McJohn,0.1219710815204269
51592,Shelbourne Flyer,0.038779908329130315
51592,Jackie Brown,0.1789285673332689
51592,Task Ahead,0.041912326365811464
51592,Hasiyna,0.05515562921021854
51592,Hezahunk,0.017804601215820122
51593,Northwest Passage,0.054247584734785095
51593,Minelone,0.04051827855903106
51593,The Outlaw,0.37400563106292917
51593,Squires Treaty,0.013079334796804754
51593,Montbeliarde,0.22084338404647114
51593,Mr Ubiquitous,0.23020905336033365
51593,Almutraf,0.06709673343964519
51594,Chola Empire,0.08745811048441263
51594,Havana Force,0.10544961662961513
51594,Monopolise,0.23222116206887955
51594,Imperial Fighter,0.1439810156818244
51594,Soar Above,0.01725414138528525
51594,Willy Campbell,0.03599534307226171
51594,Midnight's Dream,0.04922201566794696
51594,Al Ameen,0.10052029252667981
51594,Clipsham La Habana,0.029642899585090917
51594,Enpassant,0.1304633826766984
51594,Blue Collar Lad,0.03238754166478155
51594,Fai Fai,0.03540447855652356
51595,Dream Voyage,0.1336391657017591
51595,Ardennes,0.017912761731074957
51595,Camera Shy,0.12196052798664576
51595,Trouble Man,0.05509522230731639
51595,Sergio Parisse,0.1167878337368036
51595,Rock N Roll Rocket,0.029901000572165576
51595,Distant Rumble,0.05980159976680446
51595,Oakley Boy,0.1319604428598957
51595,Charmoula,0.05048145249511023
51595,Em Four,0.1263419490499415
51595,Horus,0.057877597999081314
51595,Cracking Man,0.09824044579340145
51596,Oyamal,0.024843781319448886
51596,Vitruvian Dawn,0.07215840083126814
51596,Inlet,0.036009085616663446
51596,Fiddlers Green,0.048405319522769975
51596,Mr Nugget,0.10503341831053178
51596,The Colorist,0.12956511993120598
51596,Spitfire Bridge,0.06667363654719669
51596,Alvesta,0.11056543309311678
51596,Fravanco,0.056581720299700974
51596,Avarice,0.018139781793419768
51596,Cornish Storm,0.19619078885383714
51596,Sneaky Blinder,0.0973754774482377
51596,Cosmic View,0.016837862038711734
51596,James Park Woods,0.021620174393891176
51597,Breccia,0.2175275566882229
51597,Sophar Sogood,0.05162412677041225
51597,A Tickatickatiming,0.18891067345562237
51597,Ephyra,0.235216573429454
51597,Alex The Great,0.05130609016818999
51597,Desejada,0.03933262364812606
51597,Invincible Heir,0.06562429112682942
51597,Shaad,0.15045806471314302
51726,Thunder Roar,0.016654704117071668
51726,Myal,0.03722279073019782
51726,Empirestateofmind,0.04554533399084644
51726,Spirit Genie,0.02404776281550331
51726,Ocean Of Dreams,0.04548653294347504
51726,Tolstoy,0.02214716307156434
51726,Debora's Dream,0.03212537140591031
51726,Naepoint,0.1011920932983171
51726,Farasi Lane,0.030145613887031342
51726,Our Havana,0.05956696104307576
51726,Arthur's Realm,0.07339799507861654
51726,Rhythm Master,0.009702293974991852
51726,Surrey Shadow,0.04924504698583319
51726,Cynosure,0.07317925503760737
51726,Helm Rock,0.05021668474309304
51726,Promethean,0.05870477817479964
51726,Rogue Encore,0.06921228238864735
51726,Pearl Eye,0.0621078520617179
51726,Look Back Smiling,0.05908840511949576
51726,Spirit Of Acklam,0.017077060217382218
51726,Pressure's On,0.06393401891482214
51727,Metier,0.01031590817253854
51727,Golden Rules,0.05377424859705791
51727,Tritonic,0.11934484803419017
51727,Jabbar,0.1247440559363675
51727,Who's Glen,0.25992181224930216
51727,Youthful King,0.03588288449716212
51727,Kamboo,0.194405994065946
51727,Cool Party,0.08143475803839759
51727,Alrazeen,0.12017549040903809
51728,The Highway Rat,0.05612026190537421
51728,Go Athletico,0.03851194627906679
51728,Heavenly Power,0.1595281719990319
51728,Real Force,0.05678667848627184
51728,Keke,0.1569093803176302
51728,Betsen,0.037170070612513796
51728,Stag Night,0.039158252868836965
51728,Two Stars,0.21688816892315904
51728,Sporting Hero,0.04032157978657629
51728,Sturlasson,0.04129333969620316
51728,Greatest Drama,0.043897862722255876
51728,Magical Vision,0.11341428640308007
51729,Real Dream,0.01903392901470351
51729,Max Mayhem,0.1183725644637557
51729,Balmacara,0.06533354149270072
51729,Teumessias Fox,0.06268268891918241
51729,Paradias,0.04551353595815239
51729,Mr Alan,0.07356774072543276
51729,Mount Atlas,0.1017938642865678
51729,Grey Cuban,0.05097274573616691
51729,Forceful Speed,0.13650191549729002
51729,Ambiente Amigo,0.06618707138826828
51729,Andaleep,0.08157945436595075
51729,Killybegs Warrior,0.021836169727291983
51729,Lieber Power,0.07209009189450336
51729,Calumet,0.08453468653003342
51730,Galeron,0.016920277799968613
51730,Sean,0.020293648503930093
51730,Midnight Gun,0.08740540616708782
51730,Thunder Run,0.04359369926134648
51730,Two Tempting,0.031528120853246765
51730,Apiarist,0.07537651780072951
51730,Dual Identity,0.08952641349544607
51730,Orne,0.03404549288339796
51730,Lattam,0.026187940809767836
51730,Toimy Son,0.05693180697429063
51730,Whip Cracker,0.098203343432219
51730,Fantastic Fox,0.030030287306242926
51730,Mr Professor,0.002872486944033985
51730,Magnum Opus,0.08799982301523787
51730,Oliver Show,0.026079936499133136
51730,Godwinson,0.06164387735611015
51730,Alpha Crucis,0.023691268869642877
51730,Native Warrior,0.03479441585922778
51730,Orandi,0.028173802979141502
51730,Beringer,0.024872717380052384
51730,Dashing Darcey,0.014963748008177086
51730,Old Cock,0.08486496780156957
51731,Bulldog Spirit,0.03876332576646234
51731,Arctic Fox,0.043097208699766534
51731,Annexation,0.03707809919588286
51731,Monteria,0.09307980263598596
51731,Bashful,0.039221295230168506
51731,Destinado,0.07228065370960067
51731,Aim For The Moon,0.04079473241121856
51731,Book Of Life,0.09782372927012684
51731,Whatacracker,0.045997276108088445
51731,Rock Armour,0.02782000357921255
51731,Marioento,0.03936552540052426
51731,Freddy Robinson,0.045077579540289674
51731,Bizarre Law,0.022260374246558766
51731,Kalikapour,0.05078641351341448
51731,Waistcoat,0.038395773617338605
51731,Muhib,0.00555925054866995
51731,Life On The Rocks,0.13202477752165592
51731,Quick Away,0.05927824149133843
51731,Stoic Syd,0.07129593751369656
51732,Walbank,0.11740056596865137
51732,Amazonian Dream,0.05587522424888003
51732,Cajetan,0.08777183049700359
51732,Aramram,0.07140650556214126
51732,Al Barez,0.05750145727757964
51732,Rohaan,0.08326839620585982
51732,Change Sings,0.08070316215380742
51732,Ararat,0.06806999353494819
51732,Tiger Crusade,0.1314149274896666
51732,Monsieur Beaulieu,0.0379875921556222
51732,Habooba,0.0907772628203702
51732,Harry Did,0.11782308208546965
51733,Titanium,0.021270297479618797
51733,Presence,0.08236085134520937
51733,Solomon,0.026094260943846658
51733,Indigo Five,0.10658640139181713
51733,Letherfly,0.03455862712870902
51733,Akecheta,0.03502587317197483
51733,Evening Blossom,0.1228536999126743
51733,Sea Eagle,0.06783761982854886
51733,Apercu,0.0943465467781609
51733,Ob La Di,0.05390589503760302
51733,Fort Vega,0.12294264897879924
51733,No More Porter,0.03454502205708271
51733,Casanova,0.031787371391840936
51733,Catena Zapata,0.08572265964032877
51733,Goldrush Kid,0.08016222491378534
51734,Phone Tag,0.05013894709322907
51734,Chillhi,0.025349214707029805
51734,The Ganges,0.01448003711333546
51734,Right Now,0.03684997668323507
51734,Rainwater,0.1373096360229918
51734,Laser Focus,0.08739632656896329
51734,See Paris,0.03961857293755048
51734,Miners Gamble,0.05194846456774712
51734,Kingmont,0.061876954210588114
51734,Young Fire,0.0687337218088218
51734,Powerful Response,0.016497300899529076
51734,Sisterandbrother,0.09765493710423571
51734,Night Bear,0.03165916492419515
51734,Distinction,0.11706124331165203
51734,Straya,0.016358498659709106
51734,Corsican Caper,0.03915533683677604
51734,Letmeseethecolts,0.058918192379123435
51734,Run Of Luck,0.04899347417128748
51735,Urban Road,0.06532476393815279
51735,Midnight Lion,0.3151650245766381
51735,Up The Jazz,0.20021549563595298
51735,The Dancing Poet,0.04765617229607972
51735,Mr Mistoffelees,0.10965572993125518
51735,Federated,0.07433415894142045
51735,Without Compromise,0.18764865468050085
51736,Arqoob,0.14308771145625115
51736,Knockbrex,0.04085776153522371
51736,Java Raja,0.10927786568036191
51736,Midnight Rumble,0.06418004511319693
51736,Sugar Road,0.1578814950435479
51736,Civil Law,0.056052191194136326
51736,Billiegee,0.1480931189226928
51736,Party Island,0.053825182289595215
51736,Enthused,0.07165413269012835
51736,Aiming High,0.15509049607486566
51737,Leinster,0.07127417713627891
51737,Nans View,0.12022150041609393
51737,Morse,0.04475407485506845
51737,Morning Logic,0.09269305323697506
51737,Bear Profit,0.047436589882885044
51737,Whimsy,0.04159233673392994
51737,Gangster Granny,0.026082525976228392
51737,Calzaghi,0.0202689753382834
51737,Quiz Test,0.11839772900897981
51737,Lucky Out,0.08334396606829647
51737,Party Dress,0.024390891396687514
51737,Theophilos,0.08649570429163451
51737,Duke Of Leggagh,0.010058072608886323
51737,Tuba,0.01828773552166645
51737,Saffronandblue,0.12268283948976513
51737,Desert Friend,0.011643411810383416
51737,Forlio,0.04276901574222705
51737,Jurality,0.017607400485730104
51738,Bantz,0.14617717271571756
51738,Rose Of New Jersey,0.11990956345368461
51738,Herkeios,0.12676824956217825
51738,Sweet Cicely,0.20129616285289767
51738,Kilteel,0.2407229935548367
51738,Hashtagnotions,0.1651258578606853
51739,War Howl,0.03268112787554984
51739,Hot To Dot,0.09273759835125449
51739,Tuco Salamanca,0.14059350712364418
51739,Saxonia,0.18779622204276047
51739,Sorbus,0.2053040629332563
51739,Suzette,0.07756613133060968
51739,Blueandtangerine,0.14857792067595474
51739,Tarlac,0.01546380234720022
51739,Bad Habits,0.09927962731977011
51740,Twelfth Knight,0.07258543941699017
51740,Lady Celia,0.029192888706836485
51740,King's Crown,0.07854748703998327
51740,Oriental Prince,0.16079532928669546
51740,Just Ten High,0.1290127908355732
51740,Sir Maxi,0.06781022481380986
51740,Bellagio Man,0.07133637024685434
51740,Match Play,0.08764996560690963
51740,Nazca,0.07661554692565763
51740,Pockley,0.22645395712068994
51741,Starliner,0.13583622153741737
51741,Streak Lightning,0.09053779428333018
51741,Roaring Ralph,0.08437223229464698
51741,King's School,0.056443938423790106
51741,Rebecca's Girl,0.10610610183706885
51741,Blufferonthebus,0.026888083281850255
51741,Cusack,0.1068646284021694
51741,Tomorrow Day,0.27165227157364535
51741,Wyvern,0.12129872836608149
51957,Sonmarg,0.07552630703815975
51957,Radiant Angel,0.11346637777248975
51957,Thunderous Love,0.1188077284378348
51957,Zaman Daar,0.06116190199943656
51957,Papa Don't Preach,0.06161289047390629
51957,McCauley's Tavern,0.14536230698466407
51957,Calafrio,0.15892140595053011
51957,Enderman,0.11998731929456843
51957,Kohana Girl,0.02355084041337482
51957,Gypsy Nation,0.12160292163503557
51958,Mumayaz,0.1078070732268685
51958,Golden Pharaoh,0.15653712437624948
51958,Marsh Benham,0.12742656449575446
51958,Shaw Park,0.183870497197571
51958,Mammy,0.049418108390957005
51958,Enpassant,0.15686356925328587
51958,Poetic Force,0.120014370018648
51958,Ashford Hill,0.09806269304066571
51959,City Of Strangers,0.3514775748510201
51959,Rumba Bay,0.09093083219999534
51959,Art Of Fox,0.025683430700947366
51959,Monticristo Boy,0.12779283174374775
51959,Volcanic Dancer,0.1236510780717023
51959,Inconspicuous,0.03632612437564541
51959,Rinky Tinky Tinky,0.04884272275648725
51959,Olympic Melody,0.052220483493215425
51959,Dark Sorceress,0.04254379248872859
51959,Crangy,0.10053112931851044
51960,Maritime Lady,0.23231088825475038
51960,Cock And Bull,0.12567490491115763
51960,Saratoga Gold,0.05801894770771161
51960,Expressionless,0.12973764603260196
51960,Damascus Steel,0.09848801146910373
51960,Con Te Partiro,0.18348153768296166
51960,Tailorman,0.09557787588117723
51960,Buxted Too,0.07671018806053566
51961,Bohemian Breeze,0.17902643856996653
51961,Assured,0.10835256369565277
51961,Galileo's Compass,0.020248080979599646
51961,It's Tim,0.2681282194389354
51961,Ten Ten Twenty,0.08121469421416476
51961,Cloudy Rose,0.1582571603693875
51961,Irezumi,0.18477284273229352
51962,Bint Al Daar,0.13016220897433656
51962,Yokkell,0.16683210508846827
51962,Noisy Jazz,0.3928747587588195
51962,Under The Twilight,0.024509183986112966
51962,Bellarchi,0.28562174319226263
51963,Santorini Star,0.40768482696722974
51963,Zayina,0.3100691877837101
51963,Substitute,0.1259287606057021
51963,Lady Ridgewood,0.08180760227042072
51963,Manara,0.07450962237293726
51964,Emily Rebecca,0.23504968952836403
51964,Eleonora Gonzaga,0.05000632565222666
51964,Aurelius Maximus,0.2054440807409573
51964,Jester Queen,0.08381399170023575
51964,Hawkesbury Legend,0.08723439267763018
51964,Juanfortherhode,0.0409414352076625
51964,Baileys Value,0.11738496527888354
51964,My Candy Girl,0.09387492487553538
51964,Clipsham Noble,0.08625019433850473
51965,Adorla Of Achill,0.0741607089743583
51965,Al Waseela,0.04839009926267323
51965,Kebili,0.022501131439314644
51965,I'Ll Give It A Go,0.13390066147206517
51965,Timeless Spirit,0.007083365365818213
51965,Lady Mariko,0.1547248324896367
51965,Cushty,0.022901867750778314
51965,Warm Glow,0.14417393965172637
51965,Crocodile River,0.08222881071445563
51965,Bay Of Dreams,0.19331724855334065
51965,Arinagour,0.0703852606498431
51965,Tootsie,0.04623207367598962
51966,Comedian Leader,0.06190162243311498
51966,Hellavapace,0.0941342307559382
51966,Edvard Grieg,0.12422436851456416
51966,Voltaic,0.07866129383616473
51966,Admiral Fitz,0.11945048909320045
51966,Cherry Hill,0.035718907965695754
51966,Havana Mojito,0.13321160214727815
51966,Spirit La Adelita,0.01992948938450607
51966,No News,0.03535733027770166
51966,We'renotreallyhere,0.04565859670326915
51966,Shop Local,0.09494049453148695
51966,Heer's Sadie,0.0537375041911505
51966,Rohilla,0.08372695662843091
51966,Boleyn Forever,0.019347113537498555
51967,Beach Point,0.3297133190811355
51967,Time Tells All,0.04093280030579783
51967,Bobacious,0.19163504827183023
51967,Jewel Maker,0.10833961156136104
51967,Double Red,0.01802015737719431
51967,Unplugged,0.02378998037542806
51967,Book Of Life,0.10302817857800599
51967,Flatley,0.13328318840967698
51967,Whatacracker,0.05125771603957015
51968,Roman Emperor,0.06709320586685855
51968,Lady In Havana,0.0509562288653472
51968,Silky Robin,0.18195181398616667
51968,Neptune Legend,0.14585499470974295
51968,Kranjcar,0.24330147627824153
51968,Anglesey Lad,0.19392404730414925
51968,Blue Collar Lad,0.04961613292241428
51968,Don't Fight It,0.041276200551182786
51968,Battle Point,0.026025899515896712
51969,Crown's Lady,0.3265865625059897
51969,Electric Avenue,0.11951426338969083
51969,Disclosure,0.26956008643940105
51969,Grovely Belle,0.09265741637977161
51969,Tambourine Dream,0.058604786668453195
51969,Boujee Gold,0.13307688461669367
51970,Angle Land,0.12348466904594561
51970,Gabriae,0.01687341708465051
51970,Moe's Legacy,0.12392303675780145
51970,Four Adaay,0.2601423561394604
51970,Rebel Star,0.31808506549393367
51970,Wedgewood,0.15749145547820828
51971,Artavian,0.18698287914666317
51971,Pysanka,0.26948770796140553
51971,Tapis Rouge,0.29485734759176757
51971,Educate,0.06427642782747893
51971,Blue Hero,0.18439563747268486
51972,Emaculate Soldier,0.15092433830799795
51972,Laser Focus,0.21881325593757373
51972,Sydney Seabreeze,0.27601426995726325
51972,Young Endless,0.07056219504782486
51972,Corsican Caper,0.09003835607145977
51972,Zooks,0.19364758467788046
51973,Baileys Jubilation,0.13570663125909455
51973,Nightbird,0.3290952019992515
51973,Radio Star,0.36823793307779495
51973,Startling,0.16696023366385898
51974,Diddy Man,0.1488493222070858
51974,Drafted,0.048900258004954615
51974,Pessoa,0.243769929002938
51974,Bungle Bay,0.1013178640705476
51974,Alabama Belle,0.12584385128905748
51974,Diamondsinthesand,0.1552622070990213
51974,Too Much Trevor,0.04442074840574829
51974,Barney's Bay,0.08554675163598743
51974,Dynamite Katie,0.0460890682846597
53415,Doddie's Impact,0.04677767636637388
53415,Level Up,0.10633921855344124
53415,Rosenpur,0.3737010172263973
53415,Show Me Show Me,0.04369013856529035
53415,Havechatma,0.0918731993481125
53415,Desert Master,0.047117321140376006
53415,Basholo,0.17661945503370002
53415,King Of The Jungle,0.11388197376630868
53416,Skye Breeze,0.190139779706835
53416,Timeless Charm,0.04321576718735768
53416,Caramay,0.12030898137981513
53416,Charlie's Choice,0.24813023804081583
53416,Humble Spark,0.11537679502505405
53416,Sharp Distinction,0.02000561463793268
53416,Hebridean Nomad,0.07145357456567623
53416,Nowhere,0.10732413870335213
53416,The Bay Warrior,0.08404511075316135
53417,King's Lynn,0.0945232750673314
53417,Amazonian Dream,0.09513917809961302
53417,Dyrholaey,0.2648735007893423
53417,Rohaan,0.12179476482373056
53417,Glorious Angel,0.10691177053125944
53417,Zero Carbon,0.04157246014925904
53417,Badri,0.05774440380349873
53417,True Promise,0.18052271530247233
53417,Golden Strike,0.03691793143349311
53418,Doublethetrouble,0.2985516821231931
53418,Corsican Caper,0.05397881097553315
53418,Dark Mystery,0.11633234875756852
53418,Star Legend,0.30367844845033876
53418,Blue Sky Boy,0.18656433256421054
53418,Further Measure,0.028117299921691017
53418,Quercus Robur,0.012777077207464975
53419,Kodi Red,0.07407832951141036
53419,Shaw Park,0.04526389122377617
53419,No Saint,0.3984316290179732
53419,Tea Sea,0.1344492779432828
53419,Woodleigh,0.12544203366317097
53419,Reputation,0.11669799891517775
53419,Embarked,0.026627811527042914
53419,Fistral Beach,0.07900902819816591
53420,Cliffcake,0.35822046889904485
53420,Harry Magnus,0.03149319323515615
53420,Soames Forsyte,0.10933094596924788
53420,Overnight Oats,0.33220651333745804
53420,Thanks Dad,0.04239380870420254
53420,King Of York,0.042146990986657994
53420,Available Angel,0.08420807886823241
53421,Almodovar Del Rio,0.23213307681991271
53421,Flying Star,0.20694083741255512
53421,Nubough,0.013677727170329727
53421,Windsor Pass,0.1414366161654011
53421,Edvard Grieg,0.14581991266824273
53421,Doves Of Peace,0.07368757533566903
53421,Lord Danielson,0.11227271335442689
53421,Mashaan,0.0740315410734627
53422,Rainyniteingeorgia,0.03844196426794717
53422,Angle Land,0.13817450442595322
53422,Rebel Path,0.3061646882054225
53422,Thunder Star,0.1754448370849895
53422,Secret Mistral,0.200546747127314
53422,Miggy Magic,0.14122725888837367
53423,Navarre Special,0.18533885078948242
53423,Orlando Magic,0.028078317960109442
53423,Love Rock,0.12878690445508806
53423,Top Biller,0.06428235461338068
53423,Sunny Time,0.07024446320553877
53423,Kameko Spirit,0.3581827247913096
53423,La Mer Grise,0.152983162894875
53423,The Magic Turtle,0.012103221290215991
53424,Samra Star,0.24842549493412208
53424,Urban Sprawl,0.25480462321792885
53424,Arcadian Nights,0.060627479903117926
53424,Dayzee,0.011728981367571263
53424,Running The Game,0.03142066153586649
53424,Forca Timao,0.0050551874497620644
53424,Aiming High,0.133919526820644
53424,Palazzo Persico,0.16499766102237048
53424,Rainwater,0.08902038374861695
53425,Billy McGarry,0.12656470180730542
53425,United Force,0.09505170464256106
53425,Genta,0.028080375481584412
53425,Artificer,0.1990368864161293
53425,Reverberation,0.007526754327283145
53425,Cherry King,0.34575407730057195
53425,Wrath Of Hector,0.12249140158311687
53425,Devilwala,0.028699870921586615
53425,Venus Slipper,0.046794227519861176
53514,Al Mudhaffar,0.04878728072963635
53514,Hartswood,0.10782723170512135
53514,Warning Sign,0.03225493101679844
53514,Poet's Dawn,0.019630944986752587
53514,Yeoman,0.0959672248407582
53514,Angel Of England,0.026470753748271826
53514,Love Your Work,0.11007038677881838
53514,Serenity Dream,0.078853606217567
53514,Havana Prince,0.03183940602320946
53514,Calanthe,0.06179460378320831
53514,Crownthorpe,0.014506893845491043
53514,Petra Celera,0.018632456985226743
53514,Cathedral Peak,0.02872069325594968
53514,Liberated Lad,0.02335989980842346
53514,Amaysmont,0.04533068503314188
53514,Zous Juice,0.024287459740355483
53514,Absolutely Buzzing,0.032630174012858816
53514,Addosh,0.032267475257390786
53514,Al Suil Eile,0.06212921593727043
53514,Rising Force,0.04704274385395937
53514,Mr Jetman,0.05759593243979038
53515,Modern Utopia,0.13598486399830853
53515,Pantile Warrior,0.24486786718031825
53515,Chartwell Jock,0.3580298394522959
53515,Mersea Island,0.05425234820211234
53515,Many Men,0.1476994767584138
53515,Maywedance,0.059165604408551224
53516,Glenfinnan,0.014003976049914334
53516,Coachello,0.04202959202956149
53516,Billyjoh,0.0349533895085648
53516,Bosh,0.013579434415015138
53516,Aramis Grey,0.062215059886683265
53516,Fine Interview,0.12282224970802856
53516,Eye Of Dubai,0.10354252543559349
53516,Probe,0.04284590916795626
53516,Knebworth,0.08648698364932739
53516,Tinto,0.014662925805678021
53516,Woven,0.01669740715819126
53516,Dark Thirty,0.056056845242547663
53516,La Rochette,0.013016147867280085
53516,Physique,0.12548147470611146
53516,Archduke Ferdinand,0.05352722351702265
53516,Chairmanoftheboard,0.09536521259312591
53516,Albert Cee,0.029603484858849206
53516,Havana Pusey,0.025255616737352805
53516,Trilby,0.047854541663196214
53517,Stressfree,0.11132103614816276
53517,Laafy,0.042798109731856895
53517,Fouroneohfever,0.03485752270476396
53517,King's Code,0.06605038785776383
53517,Magico,0.14927547525443036
53517,Chaturanga,0.05673421030185101
53517,Qitaal,0.01948727780347248
53517,Rathgar,0.10920670045324218
53517,Asgard's Captain,0.049194934409602396
53517,Royal Approval,0.09170392822627427
53517,Whiskey Pete,0.029661374990787005
53517,City Of Delight,0.11581856375330392
53517,Have Secret,0.06818270868247261
53517,Baryshnikov,0.02998221410668826
53517,Crimson Road,0.010526145891616715
53517,Cockalorum,0.015199409683711375
53518,Glen To Glen,0.01052420732855942
53518,Galveston,0.10737798766402136
53518,Lady O,0.027197484257996535
53518,Serious Contender,0.14558322921440087
53518,Just Before,0.055295067166398995
53518,Dahlia Noir,0.02017406408391571
53518,Light As Air,0.09908418382213358
53518,Berto Ramirez,0.08162050141158825
53518,Sunriseontheboyne,0.02435882667155203
53518,I'll Be Handy,0.043191749773624985
53518,Sugar Club,0.10791391915929846
53518,Mocking,0.06296238360886582
53518,You Are Mine,0.05523454171750612
53518,Birdie Time,0.026921409705586458
53518,Flynn Ryder,0.07026792922638626
53518,Georg Zhukov,0.06229251518816521
53519,Warm Spell,0.07652257422297215
53519,Circe,0.06746374337247207
53519,Metaverse,0.09352346378385716
53519,Woodstock,0.03650909391816334
53519,Stanage,0.01566507466053515
53519,Madame De Sevigne,0.09850932375591634
53519,Under The Twilight,0.12261769623149377
53519,Yantarni,0.056615937490422444
53519,Society Lion,0.08553024677855187
53519,Daring Legend,0.04715714327130426
53519,Vibrato,0.060282732061996414
53519,Chuzzlewit,0.0912571088928753
53519,Golden Pharaoh,0.05927977828426461
53519,Outrun The Storm,0.0890660832751752
53520,Bucaneer's Spirit,0.09614820483520031
53520,Derry Lad,0.04230032911115513
53520,Artful Approach,0.09234624264732862
53520,Expound,0.029069129423524128
53520,Counterculture,0.0449734578289518
53520,Migdam,0.03239522780455582
53520,Mythical Rock,0.009440609205219806
53520,Zipster,0.21659934290533261
53520,Dark Viper,0.06097753328753036
53520,Encosta,0.12517540669143082
53520,Rampage,0.02311387122069475
53520,Chavajod,0.07104333617429529
53520,Neo Smart,0.01764427065147002
53520,Thrifty Of Digby,0.037160256909182024
53520,Dont Do Dramas,0.016960576874198788
53520,Maharajjah,0.08048990553990776
53520,Sub Rosa,0.004162298890021919
53521,Habrdi,0.02723440696634951
53521,Dapper Valley,0.07550243286233042
53521,Liamarty Dreams,0.046370928545959395
53521,Zip,0.14722981239629615
53521,Alzahir,0.0661963519021258
53521,Imperial Guard,0.04178705334897905
53521,Dolce Courage,0.030480505249641507
53521,Bubbles Wonky,0.0393049987145064
53521,Another Investment,0.0380542091190697
53521,Tropez Power,0.12778010699836828
53521,Grabajabba,0.04768621843307433
53521,Stockpyle,0.06796950796141392
53521,Onemorenomore,0.15014822220971685
53521,Mereside Madness,0.03822727642645919
53521,Jenni,0.05602796886570959
53522,Brains,0.03324879273210434
53522,Si Senior,0.0816407213809226
53522,Eastern Wind,0.028799674813591237
53522,Genuine Jim,0.02356964337613725
53522,Mogwli,0.0243324055944181
53522,An Laochmor,0.15047571069294408
53522,Asisaid,0.030936770668098402
53522,Storm Eric,0.005196672704464781
53522,Master Garvey,0.05145903608739647
53522,Seas And Oceans,0.12429093153744793
53522,Browned Off,0.04432480391424901
53522,Top Of The Pops,0.13453480906100249
53522,Saxon Kingdom,0.007027557137397672
53522,Dancing Bay,0.03490108936206551
53522,Swiss Army Officer,0.014605854868831326
53522,Onemoredance,0.056989630645083514
53522,Albion Princess,0.0054923523423620925
53522,Clever And Classy,0.01283626974022087
53522,Clarabell,0.1270929676369265
53522,Feature This,0.008244305704335526
53523,Abate,0.05057706267993195
53523,Keldeo,0.034885322346936656
53523,Knicks,0.023389578284816727
53523,Glory Hyde,0.02452532592496262
53523,Project Dante,0.0880795315927735
53523,Zuffolo,0.017781941693197707
53523,Thunder Star,0.07741122591774889
53523,Mattice,0.031910832111349596
53523,Glory Fighter,0.0378101782529226
53523,Dandy Dinmont,0.027804642565035415
53523,Bear Rock,0.021788655857206022
53523,Toptime,0.15012067424574987
53523,Happier,0.04822451527889671
53523,Classy Clarets,0.11109345142040822
53523,Gustav Graves,0.04016240783764327
53523,Opal Storm,0.1731743714726046
53523,Little Muddy,0.041260282517815536
53706,Lethal Nymph,0.1539956511167117
53706,Cloud King,0.12368210437186047
53706,Night On Earth,0.0728112793811695
53706,Hedge Fund,0.046104649143418025
53706,Arecibo,0.047466651753913985
53706,Ingleby Archie,0.07105320771414624
53706,Cash In,0.11689172923700705
53706,Reigning Profit,0.08602354969022354
53706,Fenlander,0.28197117759154955
53707,Zoulu Chief,0.044542919924975846
53707,Blind Beggar,0.08423281821859419
53707,Duran,0.07926413035452723
53707,Rebel Empire,0.05234867679854838
53707,Good Earth,0.13877052904432893
53707,Jenever,0.08214184973274816
53707,Blue Day,0.18540970540259347
53707,Isle Of Lismore,0.23234289967131302
53707,Fletcher's Flight,0.10094647085237066
53708,Molinari,0.32728215961435053
53708,Show Biz Kid,0.1544180371491377
53708,It's A Love Thing,0.1569468252448637
53708,Prince Achille,0.12941310185888344
53708,Eeetee,0.0447713321152954
53708,Highwaygrey,0.1545918969550187
53708,Dandy's Angel,0.03257664706245037
53709,On The River,0.33644768883614584
53709,Theme Park,0.04364738997314987
53709,Superposition,0.17625247517410672
53709,Borgi,0.06439555008163536
53709,Zoffandia,0.07721698653962998
53709,Partisan Hero,0.10012756176633954
53709,Leadenhall,0.20191234762899268
53710,Talis Evolvere,0.05457347294126538
53710,Toimy Son,0.28094635535011797
53710,Son,0.05314956972565691
53710,Great Acclaim,0.12718514916222806
53710,Brasil Power,0.12559741403037675
53710,Mythical Guest,0.04456583310377069
53710,Yantarni,0.07941854591971766
53710,Longhaired General,0.1029831753752781
53710,My Cloud,0.09309254484992495
53710,Lunario,0.038487939541663574
53711,Zip It Up,0.0987876488085289
53711,Rock Opera,0.16668762799227027
53711,Wreck It Ryley,0.07688817271345418
53711,American Bay,0.18792884551675254
53711,Kats Bob,0.10725711720499811
53711,Kodiac Thriller,0.0529505639790602
53711,Mister Sox,0.30950002378493585
53712,She Went Whoosh,0.19062419576036477
53712,Prince Of Joy,0.12159255550671438
53712,Royal Accord,0.23153348143898903
53712,Up The Anti,0.14097881041162552
53712,Off The Bench,0.043687889158058255
53712,Dreambird Dolly,0.11512402930424091
53712,Watkins,0.1300535017008439
53712,Bluesy Moon,0.026405536719163042
53713,An Bradan Feasa,0.32571059874639624
53713,Chillhi,0.10136551054059627
53713,Pride Of Nepal,0.04321953149243195
53713,Meet Me In Meraki,0.06015886902529238
53713,Red Force One,0.04162424697134628
53713,Addosh,0.07198853542893457
53713,Mrs Meader,0.05597032986168462
53713,Persian Phoenix,0.14866027900294362
53713,Bloodhound,0.09843727896279757
53713,Return With Gold,0.05286481996757655
53714,Good Eye,0.09754768954454512
53714,Spring Festival,0.08659420923063176
53714,Odd Socks Havana,0.059751693905020796
53714,Mickey Mongoose,0.3233481408557904
53714,Penny Ghent,0.009330102251702468
53714,First Encounter,0.07791336868317128
53714,Likeashadow,0.026462218954055303
53714,Tiberio Force,0.00836619433634239
53714,Top Gun Tina,0.07427322900119333
53714,Anificas Beauty,0.18007588311378003
53714,Curious Mrs Fox,0.05633727012376692
53715,Packetofbiscuits,0.11011214032211597
53715,Mandana,0.26679745440483166
53715,Bintjan,0.0997302658029121
53715,Play Me,0.5233601394701403
53716,Lednikov,0.05298722281128051
53716,Nivelle's Magic,0.08312944445650204
53716,Mr Zippi,0.008759022762234949
53716,Letmebetheboss,0.10059477423097432
53716,Desiderata,0.2305322691569104
53716,This Time Maybe,0.09304743461554281
53716,Ring Fenced,0.00812892093415278
53716,Pittsburg,0.02528191746455837
53716,Forest Haze,0.1653162053840113
53716,Chantilly Moon,0.11074266909879321
53716,Indian Romance,0.017608682077100233
53716,Velvet Vulcan,0.00808727713597897
53716,Disquietude,0.08905833222872395
53716,Break Point,0.006725827643236225
53717,Hawa Jumeirah,0.09318414167628387
53717,Arenas Del Tiempo,0.042862899324299056
53717,Fighting Poet,0.12072383733842859
53717,Mrembo,0.132984208570993
53717,Light Up Our Stars,0.17185673790702205
53717,Voix De Bocelli,0.28691608750135994
53717,Big Narstie,0.0970552043071283
53717,Edergole's Gift,0.0544168833744853
53718,Otago,0.1499945030323777
53718,Blenheim Star,0.27409509462772047
53718,Graffiti,0.19002098330337747
53718,Local Bay,0.11006471259181413
53718,Waleyfa,0.20626808097730542
53718,That's For Sure,0.0695566254674048
53719,Brinton,0.16403481761520652
53719,Copper Mountain,0.0966664205351495
53719,Quick Away,0.031867384551068335
53719,Ya Rayah,0.1400917039869573
53719,Spirit Of Bowland,0.17071360514915174
53719,Global Resolve,0.03243701546688364
53719,Muddagent,0.03345433307086391
53719,Masham Moor,0.06259248348104547
53719,Timebar,0.21956541975582744
53719,Beautiful Dawn,0.009613132035174598
53719,Crowd Quake,0.038963684352671626
53720,Amathus,0.02388237056824672
53720,Thanks Dad,0.11415301506915922
53720,Neptune Legend,0.08732514049202261
53720,Kranjcar,0.2785472544804505
53720,Sam's Hope,0.07360569078450967
53720,Lion Ring,0.03923912590655665
53720,Voltaic,0.1938595791797816
53720,Bear To Dream,0.03880637454669241
53720,Invincible Navy,0.020006260792567246
53720,Balmy Breese,0.13057518818001332
53721,Back From Dubai,0.17512434839666413
53721,Specialist View,0.13049806873359904
53721,United Force,0.096957353271668
53721,American Star,0.044870214371987446
53721,Dash Power,0.0840911842466074
53721,Fifty Sent,0.16408066101653723
53721,Ocean Odyssey,0.14914747899896597
53721,Juan Cool Dude,0.00569115515561336
53721,Cracking Filly,0.09733283514239106
53721,Mr Slicker,0.028346654589253065
53721,Eagle Landed,0.023860046076713173
53722,Maid In Chelsea,0.10834746502215957
53722,The Thames Boatman,0.20606209046092203
53722,Northcliff,0.10628232525818158
53722,Mumayaz,0.1584528782574303
53722,Mojomaker,0.11917350018646923
53722,Get Jiggy With It,0.12752474379093529
53722,Secret Handsheikh,0.17415699702390203
53723,Mwafaq,0.09550512913736124
53723,Adversary,0.18374805020490856
53723,Yorkshire Myth,0.1233896175738772
53723,Dovey Moon,0.24015544109055353
53723,Live Each Day,0.06918279749841151
53723,Classic Cause,0.12436806641397648
53723,Promise Time,0.04516619189917489
53723,Cider Bob,0.11848470618173658
53724,Dreams Adozen,0.17700200700224264
53724,Justus,0.009187256612781736
53724,Juan Bermudez,0.1846677375486439
53724,Immelmann,0.15123061592365894
53724,Scotland The Brave,0.21653018754886716
53724,Golden Flame,0.14905874964493845
53724,Hardy Bloke,0.11232344571886704
55187,Antiquity,0.09085854422942782
55187,National Voice,0.057277193890201715
55187,Sweet Cicely,0.15163970559808834
55187,Rosco Rogers,0.3231978285399135
55187,Salaria,0.052351928830406236
55187,Sopelana,0.17670738568445551
55187,Flaine,0.04950497848119924
55187,Return With Gold,0.051556324214862496
55187,General Gordon,0.0469061105314451
55188,Flying Scotsman,0.23056925741156342
55188,Pilgrim Of Culture,0.05735149396255558
55188,Opticality,0.2685646214415024
55188,Yakhabar,0.07774732661474422
55188,Letmeseethecolts,0.06644377182813448
55188,Typewritten,0.028924954791790105
55188,Star Of Markinch,0.1265431142913902
55188,Duchess,0.13686365731482764
55188,Cage Rattler,0.006991802343491992
55189,Our Absent Friends,0.07396098952977986
55189,Strong Johnson,0.15935307784174269
55189,Winter Crown,0.050273072542317714
55189,Buzz Box,0.17375402036529766
55189,Cast No Shadow,0.13450500164092283
55189,Darlo Pride,0.13162718752323543
55189,Wrestling Revenue,0.19401100531717103
55189,Sugar Baby,0.04890230034582773
55189,Ramon Di Loria,0.03361334489370502
55190,Al Baahy,0.06298534938726608
55190,Drakeholes,0.10634102232488489
55190,Lumenbourg,0.05271334929748629
55190,Pallas Lord,0.261959052315239
55190,Odd Socks Havana,0.14051022180211378
55190,Bitacora,0.041924616814532724
55190,Our Dagger,0.03188676735705116
55190,Yaahobby,0.1580049652822299
55190,Top Gun Tina,0.14367465541919602
55191,Momaer,0.1701091250606601
55191,Hierarchy,0.03228195457335278
55191,Muscika,0.1857796105267679
55191,Kitaab,0.12127217567929396
55191,Respectful,0.055225554291274744
55191,Sibyl Charm,0.092093730765317
55191,Bellagio Man,0.13574219870412854
55191,Tickets,0.20749565039920487
55192,Paris Lights,0.10322645731732068
55192,Cusack,0.17256131295315766
55192,Mambha,0.04837660732652386
55192,Bird Of Play,0.06421733592203205
55192,Wyvern,0.11975182512191258
55192,Volenti,0.2207163050528834
55192,Royal Blaze,0.021903369791926877
55192,Rebecca's Girl,0.15624775947048278
55192,Drafted,0.09299902704376015
55193,Lyle The Crocodile,0.06140421276921899
55193,Brigid's Cloak,0.2589249302575081
55193,Alishba,0.06980929457240356
55193,Wellwhatshappenin,0.005471618525438206
55193,Esque Elegance,0.11267680015715163
55193,Merchants Arch,0.07044139911206634
55193,Eric Lock,0.04946106404402342
55193,Movin And Groovin,0.20842170245296732
55193,Senior Montecristo,0.038930744094602523
55193,Hooz In Court,0.03963473252548837
55193,Legendsoftheland,0.02213077027157498
55193,Roaming Eyes,0.050203392068953946
55193,Hi George,0.005090150384444516
55193,Star Allure,0.0073991887641579185
55194,Court Drive,0.10568801618373316
55194,Em Jay Kay,0.051400508718046176
55194,Call Glory,0.07870192144721172
55194,Wee Fat Mac,0.34088498387963345
55194,Fortunate Star,0.2361976007465106
55194,Arc Shadowfax,0.05537494864197982
55194,Man On A Mission,0.04562035183492462
55194,Jesse Luc,0.028062036024460953
55194,Vivency,0.058069632523499386
55195,Robusto,0.10692764549296566
55195,Pleasant Man,0.007229206379994658
55195,Nibiru,0.16687238476224076
55195,Optician,0.1530197911169362
55195,Sir Geoff Hurst,0.14486741555980756
55195,Educator,0.24094998231540235
55195,Swinging London,0.11550879102457343
55195,Percy Willis,0.0646247833480794
55196,Dynamic Force,0.10239400245381686
55196,Zipster,0.07329297890498927
55196,Punk Poet,0.029019630470374126
55196,Tribal Moon,0.1635075104815735
55196,Morning Approach,0.05523914178451868
55196,Comfort Line,0.10517357365178145
55196,Elegant Madame,0.027979157769298567
55196,Fivecromwellplace,0.0599114177579154
55196,Ransom,0.005077619101696878
55196,Free Solo,0.0894458877017408
55196,Nedita,0.1657963373812084
55196,Brains,0.02644015331178772
55196,Cousin Shay,0.07671885241143317
55196,Nika Pika,0.020003736817865235
55197,Doctor Grace,0.09614641190552259
55197,Shining Aitch,0.06631505090270494
55197,Si Senior,0.027024489692879038
55197,Reclaim,0.14617103788134386
55197,Ranko Express,0.08670389170143354
55197,Snag It,0.07266666563544502
55197,Chopsticks,0.01411374634645729
55197,Is She Now,0.00951848223720273
55197,Gear Flat,0.10558649699748773
55197,Hialeah,0.19025099846274074
55197,Together Aclaim,0.12129708131444321
55197,Wayside Lady,0.008685437212326239
55197,Darkened,0.05552020971001316
55198,Not Me,0.2255241068680798
55198,The Cookstown Cafu,0.08788639574662657
55198,Warren Hill,0.09733244800924476
55198,Master Of Combat,0.03863524740484096
55198,Commander Of Life,0.09783511921442745
55198,Mr Mistoffelees,0.10638670247496725
55198,Dawn Of Liberation,0.05434535709129354
55198,Kingdom Of Time,0.10422510282471503
55198,Youarenotforgiven,0.05608609004211345
55198,Joolianoss,0.131743430323691
55199,Tiger Crusade,0.2541839816422234
55199,Brasil Power,0.24852098267164166
55199,Diamondonthehill,0.13176596301297835
55199,Mitrosonfire,0.12564744007436787
55199,Ziggy's Condor,0.052098445815048425
55199,Legal Reform,0.06801981561012169
55199,Abruzzo Mia,0.04753517859180073
55199,Wilde And Dandy,0.07222819258181783
55310,Kurimu,0.08255311095493637
55310,Alafdhal,0.14257129735909096
55310,So Grateful,0.12179343712151883
55310,Drafted,0.05838545403773918
55310,The Cola Brasil,0.10706758234769519
55310,Nevernay,0.07791566486758135
55310,Under Curfew,0.1388185706402398
55310,Monsieur Fantaisie,0.09784855632903344
55310,Global Effort,0.10148457656025721
55310,Doves Of Peace,0.031137109978075953
55310,Banana,0.0404246398038316
55311,Cosmos Raj,0.07298848443067449
55311,Star Pupil,0.2895225026502599
55311,Ciotog,0.12993767769514755
55311,Pursuit Of Truth,0.1728898360307662
55311,Harlem Nights,0.04984393671000102
55311,Tea Sea,0.129490172487853
55311,Prince Ali,0.1553273899952978
55312,Wadacre Gomez,0.05990315831388296
55312,Mr Baloo,0.08196691566703672
55312,Silent Age,0.137728489240415
55312,Lordsbridge Blu,0.16568789914977874
55312,Sari Dubai,0.05970789720306352
55312,Perfectly Timed,0.10006757769499194
55312,Son Of Man,0.09838765851595704
55312,Eagle Day,0.11596900869744133
55312,Charlie's Choice,0.12125360777254746
55312,Oslo,0.05932778774488539
55313,French Haven,0.07714073741748086
55313,Yes Honey,0.0339602622961412
55313,Pink Petunia,0.27896172111894507
55313,Pine Cliffs,0.07704030924857007
55313,Telecommunication,0.16084508868659053
55313,West Wickham,0.05479819519908805
55313,Antelope,0.046305794601810155
55313,Commander Flavius,0.026170716505196277
55313,Flaine,0.033707129628593166
55313,Romantic Spirit,0.21107004529758455
55314,Alex The Great,0.24647268129554076
55314,Daaris,0.0821257822620448
55314,Cloudside Rock,0.206419304989396
55314,Khangai,0.2285655437131733
55314,Moon Over The Sea,0.1441491493736571
55314,Man Of Riddles,0.04073115372227499
55314,Gold Souk,0.0515363846439131
